user_id,platform,owner,primary_usage,country,daily_time_spent_min,activity_level,verified_account,date_joined,account_age_days,account_age_category
U00001,WhatsApp,Meta,Messaging,Switzerland,113.94,medium,True,2019-03-03,2736,old
U00002,WeChat,Tencent,Messaging and social media,Madagascar,49.63,low,True,2023-09-21,1073,old
U00003,Snapchat,Snap Inc.,Multimedia messaging,Pitcairn Islands,29.01,low,True,2020-12-13,2085,old
U00004,Instagram,Meta,Photo and video sharing,Timor-Leste,295.43,high,True,2019-04-21,2687,old
U00005,Threads,Meta,Text-based social networking,Bermuda,71.78,medium,False,2015-07-14,4064,old
U00006,X (formerly Twitter),X Corp.,Microblogging,Falkland Islands (Malvinas),92.82,medium,False,2021-04-12,1965,old
U00007,Instagram,Meta,Photo and video sharing,Mauritius,227.85,high,False,2016-06-25,3717,old
U00008,TikTok,ByteDance,Short-form videos,Uganda,44.91,low,True,2023-04-26,1221,old
U00009,Quora,Quora Inc.,Q&A knowledge sharing,Norway,140.46,medium,True,2016-04-09,3794,old
U00010,X (formerly Twitter),X Corp.,Microblogging,Anguilla,235.13,high,False,2019-05-17,2661,old
U00011,WeChat,Tencent,Messaging and social media,Montenegro,211.07,high,True,2018-05-02,3041,old
U00012,Facebook,Meta,Social networking,Micronesia,178.81,medium,True,2019-09-27,2528,old
U00013,YouTube,Google,Video sharing,China,131.75,medium,True,2025-04-23,493,established
U00014,YouTube,Google,Video sharing,Iceland,59.29,low,True,2022-02-14,1657,old
U00015,Facebook,Meta,Social networking,Andorra,205.0,high,False,2025-04-08,508,established
U00016,Telegram,Telegram FZ LLC,Messaging,Kuwait,299.66,high,True,2026-07-26,34,new
U00017,TikTok,ByteDance,Short-form videos,Saint Pierre and Miquelon,91.33,medium,True,2024-12-20,617,established
U00018,WhatsApp,Meta,Messaging,Saint Helena,62.54,medium,False,2016-04-23,3780,old
U00019,X (formerly Twitter),X Corp.,Microblogging,Saint Helena,27.49,low,False,2026-06-14,76,new
U00020,TikTok,ByteDance,Short-form videos,British Virgin Islands,277.29,high,False,2020-12-26,2072,old
U00021,Snapchat,Snap Inc.,Multimedia messaging,Italy,95.74,medium,False,2022-07-08,1513,old
U00022,Instagram,Meta,Photo and video sharing,Anguilla,291.1,high,True,2016-11-10,3579,old
U00023,Quora,Quora Inc.,Q&A knowledge sharing,Australia,132.0,medium,False,2018-03-25,3079,old
U00024,Instagram,Meta,Photo and video sharing,Antarctica (the territory South of 60 deg S),45.29,low,True,2022-02-04,1667,old
U00025,Reddit,Reddit Inc.,Discussion forums and communities,Latvia,153.66,medium,False,2018-04-11,3062,old
U00026,WeChat,Tencent,Messaging and social media,Marshall Islands,77.63,medium,True,2026-08-26,3,very_new
U00027,LinkedIn,Microsoft,Professional networking,Dominica,187.76,high,True,2019-12-19,2445,old
U00028,Reddit,Reddit Inc.,Discussion forums and communities,United Arab Emirates,219.17,high,False,2025-03-17,530,established
U00029,TikTok,ByteDance,Short-form videos,Pakistan,103.04,medium,True,2016-06-12,3730,old
U00030,WhatsApp,Meta,Messaging,Vietnam,62.34,medium,False,2020-07-12,2239,old
U00031,X (formerly Twitter),X Corp.,Microblogging,Montserrat,154.64,medium,False,2022-02-18,1653,old
U00032,X (formerly Twitter),X Corp.,Microblogging,Benin,203.4,high,False,2021-08-28,1827,old
U00033,WeChat,Tencent,Messaging and social media,Czech Republic,79.7,medium,True,2026-08-17,12,very_new
U00034,WeChat,Tencent,Messaging and social media,Sweden,96.35,medium,False,2026-07-31,29,very_new
U00035,Pinterest,Pinterest Inc.,Visual discovery and bookmarking,Niger,13.76,low,True,2019-10-19,2506,old
U00036,Facebook,Meta,Social networking,Ecuador,124.78,medium,False,2020-05-04,2308,old
U00037,TikTok,ByteDance,Short-form videos,Indonesia,263.76,high,False,2020-10-19,2140,old
U00038,TikTok,ByteDance,Short-form videos,Brunei Darussalam,239.75,high,False,2022-09-03,1456,old
U00039,X (formerly Twitter),X Corp.,Microblogging,Suriname,217.07,high,False,2016-05-06,3767,old
U00040,WeChat,Tencent,Messaging and social media,Lesotho,171.67,medium,True,2017-03-16,3453,old
U00041,Pinterest,Pinterest Inc.,Visual discovery and bookmarking,India,134.53,medium,True,2018-03-01,3103,old
U00042,Reddit,Reddit Inc.,Discussion forums and communities,Malta,239.36,high,False,2017-02-07,3490,old
U00043,Telegram,Telegram FZ LLC,Messaging,Venezuela,110.19,medium,False,2016-10-23,3597,old
U00044,Snapchat,Snap Inc.,Multimedia messaging,Vanuatu,224.75,high,False,2017-08-24,3292,old
U00045,Pinterest,Pinterest Inc.,Visual discovery and bookmarking,Congo,234.35,high,True,2017-10-28,3227,old
U00046,Telegram,Telegram FZ LLC,Messaging,Cambodia,261.17,high,False,2018-04-06,3067,old
U00047,Reddit,Reddit Inc.,Discussion forums and communities,Egypt,243.62,high,False,2019-06-19,2628,old
U00048,YouTube,Google,Video sharing,United Arab Emirates,232.42,high,False,2026-03-09,173,new
U00049,Reddit,Reddit Inc.,Discussion forums and communities,United States Minor Outlying Islands,298.26,high,True,2022-02-19,1652,old
U00050,Snapchat,Snap Inc.,Multimedia messaging,Maldives,285.91,high,False,2026-08-07,22,very_new
U00051,WeChat,Tencent,Messaging and social media,Sudan,19.59,low,False,2023-08-05,1120,old
U00052,Snapchat,Snap Inc.,Multimedia messaging,Honduras,94.23,medium,True,2019-12-02,2462,old
U00053,LinkedIn,Microsoft,Professional networking,Afghanistan,161.05,medium,True,2024-11-24,643,established
U00054,Quora,Quora Inc.,Q&A knowledge sharing,Jersey,187.69,high,True,2018-04-17,3056,old
U00055,Quora,Quora Inc.,Q&A knowledge sharing,Tuvalu,259.08,high,True,2018-09-11,2909,old
U00056,X (formerly Twitter),X Corp.,Microblogging,Venezuela,31.04,low,True,2020-06-19,2262,old
U00057,Telegram,Telegram FZ LLC,Messaging,France,9.21,low,False,2018-04-05,3068,old
U00058,Facebook,Meta,Social networking,Andorra,47.92,low,True,2026-08-20,9,very_new
U00059,Telegram,Telegram FZ LLC,Messaging,Sierra Leone,70.85,medium,False,2020-07-09,2242,old
U00060,YouTube,Google,Video sharing,American Samoa,44.7,low,False,2024-12-20,617,established
U00061,WeChat,Tencent,Messaging and social media,Iceland,73.8,medium,False,2021-06-03,1913,old
U00062,Snapchat,Snap Inc.,Multimedia messaging,Liberia,57.32,low,True,2026-08-25,4,very_new
U00063,YouTube,Google,Video sharing,China,154.47,medium,False,2021-03-31,1977,old
U00064,WhatsApp,Meta,Messaging,Burundi,53.6,low,False,2021-08-22,1833,old
U00065,YouTube,Google,Video sharing,Tokelau,150.81,medium,False,2016-04-12,3791,old
U00066,WeChat,Tencent,Messaging and social media,Vietnam,159.83,medium,False,2018-03-18,3086,old
U00067,Pinterest,Pinterest Inc.,Visual discovery and bookmarking,Moldova,35.21,low,True,2023-09-23,1071,old
U00068,Threads,Meta,Text-based social networking,Sweden,119.87,medium,False,2018-03-10,3094,old
U00069,Reddit,Reddit Inc.,Discussion forums and communities,Israel,33.55,low,True,2017-12-15,3179,old
U00070,Snapchat,Snap Inc.,Multimedia messaging,Myanmar,289.0,high,True,2025-04-21,495,established
U00071,Threads,Meta,Text-based social networking,Latvia,68.42,medium,False,2024-03-13,899,old
U00072,Facebook,Meta,Social networking,United States Minor Outlying Islands,28.86,low,True,2018-03-31,3073,old
U00073,YouTube,Google,Video sharing,Saudi Arabia,169.93,medium,False,2021-11-24,1739,old
U00074,Snapchat,Snap Inc.,Multimedia messaging,Maldives,259.51,high,False,2020-09-23,2166,old
U00075,Facebook,Meta,Social networking,French Southern Territories,279.86,high,False,2021-11-16,1747,old
U00076,Snapchat,Snap Inc.,Multimedia messaging,Paraguay,19.43,low,True,2022-10-16,1413,old
U00077,Reddit,Reddit Inc.,Discussion forums and communities,Mayotte,299.4,high,True,2023-02-10,1296,old
U00078,TikTok,ByteDance,Short-form videos,Mauritania,129.77,medium,False,2026-04-01,150,new
U00079,YouTube,Google,Video sharing,Bermuda,205.33,high,True,2023-12-07,996,old
U00080,Reddit,Reddit Inc.,Discussion forums and communities,China,279.3,high,True,2018-02-19,3113,old
U00081,LinkedIn,Microsoft,Professional networking,Dominica,179.8,medium,True,2018-07-20,2962,old
U00082,Quora,Quora Inc.,Q&A knowledge sharing,Bermuda,298.92,high,True,2022-11-25,1373,old
U00083,WeChat,Tencent,Messaging and social media,Philippines,167.86,medium,False,2017-08-15,3301,old
U00084,Telegram,Telegram FZ LLC,Messaging,Equatorial Guinea,218.99,high,False,2016-07-13,3699,old
U00085,Instagram,Meta,Photo and video sharing,Saudi Arabia,212.01,high,False,2026-08-06,23,very_new
U00086,Pinterest,Pinterest Inc.,Visual discovery and bookmarking,Uruguay,25.78,low,False,2018-12-25,2804,old
U00087,Instagram,Meta,Photo and video sharing,Nicaragua,87.53,medium,True,2016-03-08,3826,old
U00088,Snapchat,Snap Inc.,Multimedia messaging,Guadeloupe,230.68,high,False,2026-03-17,165,new
U00089,WeChat,Tencent,Messaging and social media,Malta,195.47,high,False,2023-01-25,1312,old
U00090,X (formerly Twitter),X Corp.,Microblogging,French Guiana,141.51,medium,True,2020-10-27,2132,old
U00091,LinkedIn,Microsoft,Professional networking,Namibia,102.51,medium,False,2020-10-22,2137,old
U00092,Instagram,Meta,Photo and video sharing,El Salvador,26.39,low,True,2017-10-26,3229,old
U00093,Reddit,Reddit Inc.,Discussion forums and communities,Barbados,91.61,medium,True,2021-05-30,1917,old
U00094,TikTok,ByteDance,Short-form videos,Falkland Islands (Malvinas),80.53,medium,True,2024-12-27,610,established
U00095,TikTok,ByteDance,Short-form videos,Jordan,24.06,low,True,2026-04-08,143,new
U00096,Instagram,Meta,Photo and video sharing,Costa Rica,298.07,high,False,2016-06-20,3722,old
U00097,LinkedIn,Microsoft,Professional networking,Mongolia,22.59,low,False,2019-09-28,2527,old
U00098,WeChat,Tencent,Messaging and social media,Nepal,180.19,high,True,2021-01-03,2064,old
U00099,YouTube,Google,Video sharing,Belarus,284.31,high,True,2022-01-27,1675,old
U00100,Facebook,Meta,Social networking,El Salvador,85.88,medium,False,2026-08-02,27,very_new
U00101,Reddit,Reddit Inc.,Discussion forums and communities,Guernsey,75.93,medium,True,2019-08-27,2559,old
U00102,Instagram,Meta,Photo and video sharing,Denmark,177.21,medium,True,2026-08-13,16,very_new
U00103,Quora,Quora Inc.,Q&A knowledge sharing,Saint Lucia,43.91,low,True,2022-06-09,1542,old
U00104,TikTok,ByteDance,Short-form videos,Honduras,24.38,low,False,2019-04-03,2705,old
U00105,Snapchat,Snap Inc.,Multimedia messaging,Ireland,154.05,medium,True,2026-06-16,74,new
U00106,Telegram,Telegram FZ LLC,Messaging,Belarus,178.57,medium,False,2026-08-12,17,very_new
U00107,X (formerly Twitter),X Corp.,Microblogging,Isle of Man,115.27,medium,False,2026-07-18,42,new
U00108,Quora,Quora Inc.,Q&A knowledge sharing,Guadeloupe,138.08,medium,False,2024-10-28,670,established
U00109,TikTok,ByteDance,Short-form videos,Montenegro,294.02,high,False,2022-09-14,1445,old
U00110,Reddit,Reddit Inc.,Discussion forums and communities,El Salvador,182.79,high,False,2020-05-28,2284,old
U00111,Telegram,Telegram FZ LLC,Messaging,Zimbabwe,250.27,high,True,2026-05-06,115,new
U00112,Reddit,Reddit Inc.,Discussion forums and communities,Dominican Republic,56.34,low,False,2026-05-15,106,new
U00113,WeChat,Tencent,Messaging and social media,Aruba,239.19,high,False,2015-09-28,3988,old
U00114,Snapchat,Snap Inc.,Multimedia messaging,Ecuador,128.27,medium,False,2022-10-29,1400,old
U00115,Facebook,Meta,Social networking,India,122.54,medium,True,2022-12-08,1360,old
U00116,Telegram,Telegram FZ LLC,Messaging,Cocos (Keeling) Islands,130.21,medium,True,2024-02-07,934,old
U00117,Reddit,Reddit Inc.,Discussion forums and communities,El Salvador,234.19,high,False,2017-08-12,3304,old
U00118,WhatsApp,Meta,Messaging,South Africa,105.49,medium,True,2026-08-18,11,very_new
U00119,X (formerly Twitter),X Corp.,Microblogging,Tuvalu,182.55,high,True,2026-05-12,109,new
U00120,Pinterest,Pinterest Inc.,Visual discovery and bookmarking,Dominica,146.5,medium,True,2021-03-07,2001,old
U00121,WhatsApp,Meta,Messaging,Wallis and Futuna,163.44,medium,False,2019-12-04,2460,old
U00122,LinkedIn,Microsoft,Professional networking,Russian Federation,23.43,low,False,2021-04-06,1971,old
U00123,Snapchat,Snap Inc.,Multimedia messaging,Lao People's Democratic Republic,49.28,low,False,2023-07-09,1147,old
U00124,Facebook,Meta,Social networking,Puerto Rico,36.56,low,True,2021-07-15,1871,old
U00125,Snapchat,Snap Inc.,Multimedia messaging,Bahamas,205.53,high,False,2019-03-13,2726,old
U00126,TikTok,ByteDance,Short-form videos,Ukraine,131.83,medium,False,2020-02-16,2386,old
U00127,Quora,Quora Inc.,Q&A knowledge sharing,New Zealand,88.21,medium,True,2024-09-15,713,established
U00128,WhatsApp,Meta,Messaging,Chile,82.26,medium,True,2020-03-08,2365,old
U00129,WhatsApp,Meta,Messaging,Comoros,86.66,medium,True,2022-01-23,1679,old
U00130,Pinterest,Pinterest Inc.,Visual discovery and bookmarking,Pakistan,183.74,high,False,2016-12-24,3535,old
U00131,WeChat,Tencent,Messaging and social media,Serbia,109.54,medium,False,2024-09-28,700,established
U00132,WeChat,Tencent,Messaging and social media,Barbados,13.55,low,False,2023-07-24,1132,old
U00133,LinkedIn,Microsoft,Professional networking,Sao Tome and Principe,224.51,high,False,2021-01-31,2036,old
U00134,LinkedIn,Microsoft,Professional networking,British Indian Ocean Territory (Chagos Archipelago),192.59,high,True,2023-09-15,1079,old
U00135,Reddit,Reddit Inc.,Discussion forums and communities,Tonga,86.86,medium,False,2017-05-06,3402,old
U00136,Pinterest,Pinterest Inc.,Visual discovery and bookmarking,Armenia,210.33,high,False,2021-06-12,1904,old
U00137,Snapchat,Snap Inc.,Multimedia messaging,Bhutan,175.13,medium,False,2019-08-19,2567,old
U00138,Facebook,Meta,Social networking,Madagascar,131.39,medium,True,2023-10-26,1038,old
U00139,Quora,Quora Inc.,Q&A knowledge sharing,Botswana,69.72,medium,False,2024-11-04,663,established
U00140,YouTube,Google,Video sharing,Sao Tome and Principe,34.12,low,True,2019-02-13,2754,old
U00141,Facebook,Meta,Social networking,Sweden,137.75,medium,True,2015-10-04,3982,old
U00142,WhatsApp,Meta,Messaging,Comoros,75.91,medium,True,2026-08-19,10,very_new
U00143,YouTube,Google,Video sharing,Saint Helena,55.53,low,False,2024-07-24,766,old
U00144,Pinterest,Pinterest Inc.,Visual discovery and bookmarking,Nigeria,44.07,low,False,2020-11-21,2107,old
U00145,Instagram,Meta,Photo and video sharing,Cote d'Ivoire,62.21,medium,True,2017-11-06,3218,old
U00146,Quora,Quora Inc.,Q&A knowledge sharing,Saudi Arabia,137.69,medium,True,2018-02-16,3116,old
U00147,Threads,Meta,Text-based social networking,Western Sahara,89.39,medium,False,2026-03-17,165,new
U00148,X (formerly Twitter),X Corp.,Microblogging,American Samoa,91.92,medium,False,2015-12-28,3897,old
U00149,Telegram,Telegram FZ LLC,Messaging,Gabon,240.22,high,True,2019-10-23,2502,old
U00150,Facebook,Meta,Social networking,Iceland,254.34,high,True,2021-12-29,1704,old
U00151,Snapchat,Snap Inc.,Multimedia messaging,Australia,20.58,low,True,2023-03-30,1248,old
U00152,TikTok,ByteDance,Short-form videos,Lebanon,72.99,medium,False,2020-10-29,2130,old
U00153,Instagram,Meta,Photo and video sharing,Turkmenistan,256.91,high,False,2023-08-24,1101,old
U00154,TikTok,ByteDance,Short-form videos,Israel,70.98,medium,False,2020-05-02,2310,old
U00155,WhatsApp,Meta,Messaging,United States of America,92.43,medium,False,2021-06-22,1894,old
U00156,Instagram,Meta,Photo and video sharing,Benin,276.55,high,False,2020-10-08,2151,old
U00157,TikTok,ByteDance,Short-form videos,Moldova,141.83,medium,True,2022-08-09,1481,old
U00158,TikTok,ByteDance,Short-form videos,Monaco,241.07,high,False,2017-07-29,3318,old
U00159,Snapchat,Snap Inc.,Multimedia messaging,French Southern Territories,43.75,low,False,2026-05-20,101,new
U00160,Pinterest,Pinterest Inc.,Visual discovery and bookmarking,Taiwan,26.19,low,True,2021-06-04,1912,old
U00161,Instagram,Meta,Photo and video sharing,Azerbaijan,292.14,high,True,2016-04-20,3783,old
U00162,WhatsApp,Meta,Messaging,Nicaragua,260.18,high,False,2022-10-09,1420,old
U00163,Telegram,Telegram FZ LLC,Messaging,Austria,119.23,medium,True,2015-07-03,4075,old
U00164,TikTok,ByteDance,Short-form videos,Gambia,59.12,low,False,2017-04-03,3435,old
U00165,X (formerly Twitter),X Corp.,Microblogging,Macao,176.46,medium,True,2018-11-12,2847,old
U00166,Reddit,Reddit Inc.,Discussion forums and communities,Turkey,24.95,low,False,2020-11-19,2109,old
U00167,WeChat,Tencent,Messaging and social media,Palau,114.15,medium,False,2020-05-24,2288,old
U00168,TikTok,ByteDance,Short-form videos,Christmas Island,221.35,high,False,2025-01-26,580,established
U00169,WeChat,Tencent,Messaging and social media,Wallis and Futuna,102.0,medium,True,2016-10-16,3604,old
U00170,Quora,Quora Inc.,Q&A knowledge sharing,Guinea,18.73,low,True,2019-02-07,2760,old
U00171,WhatsApp,Meta,Messaging,Algeria,145.69,medium,False,2019-08-25,2561,old
U00172,Snapchat,Snap Inc.,Multimedia messaging,Faroe Islands,99.27,medium,False,2025-04-28,488,established
U00173,Quora,Quora Inc.,Q&A knowledge sharing,Palau,195.21,high,True,2016-12-01,3558,old
U00174,Reddit,Reddit Inc.,Discussion forums and communities,Morocco,155.84,medium,False,2022-03-01,1642,old
U00175,Telegram,Telegram FZ LLC,Messaging,Gambia,170.29,medium,False,2018-05-03,3040,old
U00176,LinkedIn,Microsoft,Professional networking,Solomon Islands,120.95,medium,False,2023-08-18,1107,old
U00177,WeChat,Tencent,Messaging and social media,Chile,25.48,low,False,2021-05-11,1936,old
U00178,WhatsApp,Meta,Messaging,Zimbabwe,92.63,medium,False,2015-11-23,3932,old
U00179,TikTok,ByteDance,Short-form videos,Turkmenistan,277.21,high,True,2018-07-21,2961,old
U00180,Telegram,Telegram FZ LLC,Messaging,Portugal,281.66,high,False,2020-12-18,2080,old
U00181,Threads,Meta,Text-based social networking,Saint Barthelemy,211.64,high,True,2026-07-21,39,new
U00182,Snapchat,Snap Inc.,Multimedia messaging,Netherlands,98.09,medium,True,2024-10-30,668,established
U00183,X (formerly Twitter),X Corp.,Microblogging,Armenia,180.21,high,True,2024-11-19,648,established
U00184,WeChat,Tencent,Messaging and social media,Bahamas,256.84,high,False,2021-07-10,1876,old
U00185,WeChat,Tencent,Messaging and social media,Afghanistan,258.77,high,True,2019-12-27,2437,old
U00186,Instagram,Meta,Photo and video sharing,Oman,68.72,medium,False,2025-01-19,587,established
U00187,Telegram,Telegram FZ LLC,Messaging,Samoa,230.28,high,False,2024-10-14,684,established
U00188,Threads,Meta,Text-based social networking,South Africa,223.55,high,True,2018-06-01,3011,old
U00189,Quora,Quora Inc.,Q&A knowledge sharing,Korea,131.32,medium,False,2018-02-27,3105,old
U00190,X (formerly Twitter),X Corp.,Microblogging,Ukraine,277.31,high,False,2022-01-28,1674,old
U00191,LinkedIn,Microsoft,Professional networking,United States of America,238.6,high,False,2026-08-22,7,very_new
U00192,Reddit,Reddit Inc.,Discussion forums and communities,Namibia,110.12,medium,False,2026-04-01,150,new
U00193,Pinterest,Pinterest Inc.,Visual discovery and bookmarking,Heard Island and McDonald Islands,255.61,high,True,2021-03-01,2007,old
U00194,Quora,Quora Inc.,Q&A knowledge sharing,British Virgin Islands,84.97,medium,False,2024-09-26,702,established
U00195,YouTube,Google,Video sharing,Cuba,62.7,medium,False,2020-02-24,2378,old
U00196,TikTok,ByteDance,Short-form videos,Egypt,258.62,high,False,2026-08-03,26,very_new
U00197,Pinterest,Pinterest Inc.,Visual discovery and bookmarking,Swaziland,280.9,high,True,2015-12-08,3917,old
U00198,Snapchat,Snap Inc.,Multimedia messaging,San Marino,277.49,high,True,2024-11-29,638,established
U00199,YouTube,Google,Video sharing,Zimbabwe,24.12,low,True,2021-03-02,2006,old
U00200,WeChat,Tencent,Messaging and social media,Barbados,78.92,medium,True,2019-08-07,2579,old
U00201,X (formerly Twitter),X Corp.,Microblogging,Netherlands,224.73,high,False,2019-11-02,2492,old
U00202,Snapchat,Snap Inc.,Multimedia messaging,Norfolk Island,210.4,high,True,2026-07-22,38,new
U00203,WhatsApp,Meta,Messaging,Canada,118.19,medium,True,2021-03-13,1995,old
U00204,WhatsApp,Meta,Messaging,Germany,113.19,medium,True,2026-03-27,155,new
U00205,X (formerly Twitter),X Corp.,Microblogging,Antigua and Barbuda,118.9,medium,False,2018-03-29,3075,old
U00206,Quora,Quora Inc.,Q&A knowledge sharing,Guadeloupe,293.76,high,False,2026-08-11,18,very_new
U00207,Quora,Quora Inc.,Q&A knowledge sharing,Peru,23.36,low,False,2023-06-27,1159,old
U00208,TikTok,ByteDance,Short-form videos,Turkey,284.15,high,False,2022-08-30,1460,old
U00209,Threads,Meta,Text-based social networking,Cameroon,284.95,high,False,2016-09-04,3646,old
U00210,LinkedIn,Microsoft,Professional networking,Switzerland,19.12,low,True,2020-02-20,2382,old
U00211,Instagram,Meta,Photo and video sharing,North Macedonia,54.62,low,False,2026-08-01,28,very_new
U00212,TikTok,ByteDance,Short-form videos,Guam,93.45,medium,True,2023-05-15,1202,old
U00213,YouTube,Google,Video sharing,Palestinian Territory,212.78,high,True,2026-07-21,39,new
U00214,Reddit,Reddit Inc.,Discussion forums and communities,Solomon Islands,120.29,medium,True,2015-07-10,4068,old
U00215,WeChat,Tencent,Messaging and social media,Turkmenistan,278.63,high,True,2019-09-04,2551,old
U00216,TikTok,ByteDance,Short-form videos,Cuba,130.5,medium,True,2018-05-09,3034,old
U00217,WhatsApp,Meta,Messaging,Vietnam,15.45,low,False,2016-01-12,3882,old
U00218,Facebook,Meta,Social networking,Guinea,227.42,high,True,2022-08-01,1489,old
U00219,Telegram,Telegram FZ LLC,Messaging,Zimbabwe,264.68,high,False,2024-06-21,799,old
U00220,Pinterest,Pinterest Inc.,Visual discovery and bookmarking,Brunei Darussalam,51.02,low,False,2023-04-11,1236,old
U00221,Snapchat,Snap Inc.,Multimedia messaging,Tuvalu,257.29,high,False,2017-10-15,3240,old
U00222,Threads,Meta,Text-based social networking,Maldives,192.89,high,False,2025-03-08,539,established
U00223,LinkedIn,Microsoft,Professional networking,Svalbard & Jan Mayen Islands,115.01,medium,True,2021-02-25,2011,old
U00224,Facebook,Meta,Social networking,Saudi Arabia,141.79,medium,True,2016-03-21,3813,old
U00225,WhatsApp,Meta,Messaging,India,169.76,medium,True,2016-05-08,3765,old
U00226,Instagram,Meta,Photo and video sharing,Djibouti,34.67,low,False,2017-02-13,3484,old
U00227,Pinterest,Pinterest Inc.,Visual discovery and bookmarking,Palau,134.1,medium,False,2015-12-02,3923,old
U00228,TikTok,ByteDance,Short-form videos,Western Sahara,101.91,medium,True,2016-07-29,3683,old
U00229,LinkedIn,Microsoft,Professional networking,Burkina Faso,108.61,medium,False,2024-01-07,965,old
U00230,LinkedIn,Microsoft,Professional networking,Sri Lanka,212.39,high,False,2026-07-31,29,very_new
U00231,X (formerly Twitter),X Corp.,Microblogging,Somalia,225.88,high,True,2021-03-14,1994,old
U00232,TikTok,ByteDance,Short-form videos,Armenia,268.8,high,False,2021-05-09,1938,old
U00233,Pinterest,Pinterest Inc.,Visual discovery and bookmarking,Vietnam,84.32,medium,True,2023-07-13,1143,old
U00234,Telegram,Telegram FZ LLC,Messaging,Montenegro,113.11,medium,True,2019-06-02,2645,old
U00235,Instagram,Meta,Photo and video sharing,India,239.78,high,False,2026-07-17,43,new
U00236,WhatsApp,Meta,Messaging,Tajikistan,254.41,high,True,2026-06-14,76,new
U00237,X (formerly Twitter),X Corp.,Microblogging,Belize,293.78,high,False,2026-08-21,8,very_new
U00238,Threads,Meta,Text-based social networking,British Virgin Islands,285.79,high,True,2026-08-16,13,very_new
U00239,Snapchat,Snap Inc.,Multimedia messaging,New Zealand,82.74,medium,False,2015-12-19,3906,old
U00240,TikTok,ByteDance,Short-form videos,Chad,72.89,medium,False,2024-12-23,614,established
U00241,X (formerly Twitter),X Corp.,Microblogging,French Guiana,105.34,medium,True,2015-06-02,4106,old
U00242,YouTube,Google,Video sharing,United States Minor Outlying Islands,230.43,high,False,2026-08-15,14,very_new
U00243,Quora,Quora Inc.,Q&A knowledge sharing,Wallis and Futuna,83.93,medium,False,2026-04-26,125,new
U00244,Pinterest,Pinterest Inc.,Visual discovery and bookmarking,Turkey,181.6,high,True,2024-07-09,781,old
U00245,LinkedIn,Microsoft,Professional networking,Latvia,118.7,medium,True,2016-02-29,3834,old
U00246,Facebook,Meta,Social networking,Somalia,296.1,high,False,2026-04-30,121,new
U00247,WeChat,Tencent,Messaging and social media,Ghana,240.81,high,True,2026-08-09,20,very_new
U00248,Threads,Meta,Text-based social networking,Reunion,209.09,high,True,2019-12-23,2441,old
U00249,X (formerly Twitter),X Corp.,Microblogging,Kazakhstan,31.22,low,True,2017-08-26,3290,old
U00250,X (formerly Twitter),X Corp.,Microblogging,Guinea,267.16,high,True,2017-01-31,3497,old
U00251,WhatsApp,Meta,Messaging,Rwanda,265.57,high,False,2019-10-11,2514,old
U00252,Telegram,Telegram FZ LLC,Messaging,Tunisia,24.46,low,True,2020-04-19,2323,old
U00253,Facebook,Meta,Social networking,Reunion,66.89,medium,False,2023-03-09,1269,old
U00254,LinkedIn,Microsoft,Professional networking,Central African Republic,188.35,high,False,2026-03-15,167,new
U00255,Quora,Quora Inc.,Q&A knowledge sharing,Mongolia,214.01,high,True,2026-04-09,142,new
U00256,Reddit,Reddit Inc.,Discussion forums and communities,Liechtenstein,143.68,medium,True,2021-08-29,1826,old
U00257,Telegram,Telegram FZ LLC,Messaging,Indonesia,79.36,medium,False,2020-10-11,2148,old
U00258,Facebook,Meta,Social networking,United Arab Emirates,211.53,high,False,2021-01-26,2041,old
U00259,Pinterest,Pinterest Inc.,Visual discovery and bookmarking,Saint Kitts and Nevis,116.02,medium,True,2024-01-30,942,old
U00260,X (formerly Twitter),X Corp.,Microblogging,Bosnia and Herzegovina,261.7,high,True,2021-03-13,1995,old
U00261,Reddit,Reddit Inc.,Discussion forums and communities,Maldives,274.17,high,False,2019-03-23,2716,old
U00262,LinkedIn,Microsoft,Professional networking,France,178.26,medium,True,2021-09-21,1803,old
U00263,Facebook,Meta,Social networking,Mozambique,192.3,high,True,2026-03-05,177,new
U00264,WeChat,Tencent,Messaging and social media,Gabon,165.6,medium,False,2021-10-12,1782,old
U00265,TikTok,ByteDance,Short-form videos,Sri Lanka,176.35,medium,True,2024-07-06,784,old
U00266,WeChat,Tencent,Messaging and social media,Burkina Faso,254.19,high,False,2019-05-20,2658,old
U00267,Facebook,Meta,Social networking,Ukraine,297.86,high,True,2023-12-31,972,old
U00268,Instagram,Meta,Photo and video sharing,Guadeloupe,193.72,high,False,2019-04-23,2685,old
U00269,Snapchat,Snap Inc.,Multimedia messaging,Vietnam,256.99,high,True,2026-05-15,106,new
U00270,Instagram,Meta,Photo and video sharing,Congo,185.62,high,False,2015-09-08,4008,old
U00271,Facebook,Meta,Social networking,Niue,128.9,medium,True,2016-11-18,3571,old
U00272,LinkedIn,Microsoft,Professional networking,Zambia,255.64,high,False,2020-01-16,2417,old
U00273,Reddit,Reddit Inc.,Discussion forums and communities,Panama,254.57,high,True,2022-12-15,1353,old
U00274,Quora,Quora Inc.,Q&A knowledge sharing,Romania,218.37,high,True,2018-04-19,3054,old
U00275,Quora,Quora Inc.,Q&A knowledge sharing,Somalia,42.64,low,False,2020-12-01,2097,old
U00276,Reddit,Reddit Inc.,Discussion forums and communities,Denmark,266.73,high,False,2026-06-17,73,new
U00277,Telegram,Telegram FZ LLC,Messaging,Poland,143.95,medium,False,2021-12-02,1731,old
U00278,WeChat,Tencent,Messaging and social media,Bahrain,236.36,high,False,2017-05-14,3394,old
U00279,Snapchat,Snap Inc.,Multimedia messaging,Hong Kong,193.84,high,True,2017-06-08,3369,old
U00280,Snapchat,Snap Inc.,Multimedia messaging,Barbados,275.91,high,False,2026-04-26,125,new
U00281,YouTube,Google,Video sharing,Western Sahara,21.45,low,False,2024-03-22,890,old
U00282,Reddit,Reddit Inc.,Discussion forums and communities,Ireland,20.16,low,False,2015-06-03,4105,old
U00283,WhatsApp,Meta,Messaging,Palestinian Territory,248.66,high,False,2024-06-24,796,old
U00284,Threads,Meta,Text-based social networking,Malawi,116.21,medium,True,2023-05-08,1209,old
U00285,LinkedIn,Microsoft,Professional networking,American Samoa,210.31,high,True,2022-11-02,1396,old
U00286,WeChat,Tencent,Messaging and social media,Algeria,91.03,medium,False,2019-02-27,2740,old
U00287,Threads,Meta,Text-based social networking,British Indian Ocean Territory (Chagos Archipelago),14.66,low,False,2019-07-08,2609,old
U00288,X (formerly Twitter),X Corp.,Microblogging,Haiti,204.22,high,False,2018-11-15,2844,old
U00289,Reddit,Reddit Inc.,Discussion forums and communities,Trinidad and Tobago,54.08,low,False,2022-12-12,1356,old
U00290,Snapchat,Snap Inc.,Multimedia messaging,Lebanon,36.31,low,True,2017-02-06,3491,old
U00291,Instagram,Meta,Photo and video sharing,Spain,94.16,medium,True,2022-02-22,1649,old
U00292,Pinterest,Pinterest Inc.,Visual discovery and bookmarking,Guadeloupe,175.6,medium,True,2026-08-04,25,very_new
U00293,X (formerly Twitter),X Corp.,Microblogging,Antigua and Barbuda,237.15,high,True,2020-04-19,2323,old
U00294,Facebook,Meta,Social networking,Serbia,252.49,high,True,2026-08-10,19,very_new
U00295,WeChat,Tencent,Messaging and social media,Guernsey,192.35,high,True,2017-02-20,3477,old
U00296,WhatsApp,Meta,Messaging,Netherlands,38.15,low,True,2025-02-15,560,established
U00297,Quora,Quora Inc.,Q&A knowledge sharing,Saint Lucia,13.18,low,False,2016-12-22,3537,old
U00298,Telegram,Telegram FZ LLC,Messaging,Italy,269.85,high,True,2018-12-06,2823,old
U00299,TikTok,ByteDance,Short-form videos,Ukraine,175.6,medium,False,2021-01-29,2038,old
U00300,Telegram,Telegram FZ LLC,Messaging,Ghana,221.63,high,False,2021-12-05,1728,old
U00301,Threads,Meta,Text-based social networking,Saint Barthelemy,96.17,medium,True,2019-03-20,2719,old
U00302,Reddit,Reddit Inc.,Discussion forums and communities,Equatorial Guinea,172.0,medium,True,2019-05-25,2653,old
U00303,Quora,Quora Inc.,Q&A knowledge sharing,Djibouti,256.16,high,True,2026-08-01,28,very_new
U00304,LinkedIn,Microsoft,Professional networking,Bahrain,24.02,low,True,2021-11-20,1743,old
U00305,WhatsApp,Meta,Messaging,Mayotte,131.75,medium,False,2017-04-21,3417,old
U00306,Instagram,Meta,Photo and video sharing,Palestinian Territory,267.88,high,False,2024-04-18,863,old
U00307,YouTube,Google,Video sharing,Morocco,102.98,medium,False,2016-07-24,3688,old
U00308,TikTok,ByteDance,Short-form videos,Morocco,83.46,medium,True,2017-08-13,3303,old
U00309,Threads,Meta,Text-based social networking,Gabon,264.42,high,True,2019-03-27,2712,old
U00310,WhatsApp,Meta,Messaging,Timor-Leste,172.32,medium,True,2023-06-13,1173,old
U00311,TikTok,ByteDance,Short-form videos,Ethiopia,139.0,medium,False,2026-05-27,94,new
U00312,Instagram,Meta,Photo and video sharing,British Virgin Islands,9.72,low,False,2018-11-16,2843,old
U00313,Reddit,Reddit Inc.,Discussion forums and communities,Norway,100.09,medium,False,2015-07-18,4060,old
U00314,Snapchat,Snap Inc.,Multimedia messaging,Norway,241.88,high,True,2024-08-20,739,old
U00315,WeChat,Tencent,Messaging and social media,Yemen,95.32,medium,False,2016-10-26,3594,old
U00316,X (formerly Twitter),X Corp.,Microblogging,Niue,265.94,high,True,2024-10-20,678,established
U00317,Facebook,Meta,Social networking,Slovenia,46.52,low,False,2019-06-14,2633,old
U00318,Pinterest,Pinterest Inc.,Visual discovery and bookmarking,Montenegro,139.99,medium,True,2026-08-23,6,very_new
U00319,Instagram,Meta,Photo and video sharing,Macao,165.58,medium,False,2022-08-27,1463,old
U00320,Threads,Meta,Text-based social networking,Cook Islands,40.57,low,True,2017-09-03,3282,old
U00321,WhatsApp,Meta,Messaging,Holy See (Vatican City State),42.0,low,True,2015-06-19,4089,old
U00322,Threads,Meta,Text-based social networking,Liechtenstein,159.66,medium,True,2016-03-25,3809,old
U00323,Facebook,Meta,Social networking,Tunisia,123.29,medium,True,2024-06-30,790,old
U00324,LinkedIn,Microsoft,Professional networking,Greenland,59.33,low,True,2016-11-09,3580,old
U00325,Instagram,Meta,Photo and video sharing,Tanzania,234.63,high,False,2017-07-16,3331,old
U00326,Quora,Quora Inc.,Q&A knowledge sharing,British Virgin Islands,172.41,medium,False,2023-02-03,1303,old
U00327,Telegram,Telegram FZ LLC,Messaging,Zimbabwe,206.14,high,False,2024-06-29,791,old
U00328,Facebook,Meta,Social networking,Algeria,68.35,medium,True,2019-05-24,2654,old
U00329,WhatsApp,Meta,Messaging,Nauru,225.15,high,False,2018-05-29,3014,old
U00330,LinkedIn,Microsoft,Professional networking,Switzerland,226.94,high,False,2022-09-15,1444,old
U00331,Reddit,Reddit Inc.,Discussion forums and communities,Ethiopia,193.57,high,False,2026-05-26,95,new
U00332,YouTube,Google,Video sharing,Togo,83.54,medium,False,2020-08-31,2189,old
U00333,YouTube,Google,Video sharing,Italy,159.88,medium,False,2021-04-06,1971,old
U00334,Pinterest,Pinterest Inc.,Visual discovery and bookmarking,Turkmenistan,78.58,medium,False,2024-01-29,943,old
U00335,Instagram,Meta,Photo and video sharing,San Marino,94.56,medium,True,2026-06-21,69,new
U00336,Facebook,Meta,Social networking,Guam,176.56,medium,True,2026-08-11,18,very_new
U00337,Pinterest,Pinterest Inc.,Visual discovery and bookmarking,Kyrgyz Republic,16.18,low,False,2026-08-03,26,very_new
U00338,X (formerly Twitter),X Corp.,Microblogging,Sao Tome and Principe,247.74,high,False,2020-04-02,2340,old
U00339,Quora,Quora Inc.,Q&A knowledge sharing,Maldives,158.76,medium,False,2015-11-20,3935,old
U00340,Facebook,Meta,Social networking,Israel,79.79,medium,False,2015-08-27,4020,old
U00341,WeChat,Tencent,Messaging and social media,Cameroon,69.35,medium,False,2021-02-03,2033,old
U00342,Snapchat,Snap Inc.,Multimedia messaging,Djibouti,98.36,medium,False,2026-04-13,138,new
U00343,Snapchat,Snap Inc.,Multimedia messaging,Brunei Darussalam,296.47,high,False,2022-06-08,1543,old
U00344,Facebook,Meta,Social networking,Hong Kong,41.77,low,False,2024-02-01,940,old
U00345,Pinterest,Pinterest Inc.,Visual discovery and bookmarking,Fiji,189.67,high,False,2023-10-19,1045,old
U00346,Snapchat,Snap Inc.,Multimedia messaging,Chad,199.03,high,False,2024-04-24,857,old
U00347,WhatsApp,Meta,Messaging,Moldova,169.94,medium,True,2026-05-15,106,new
U00348,Threads,Meta,Text-based social networking,Romania,298.61,high,False,2026-06-12,78,new
U00349,Threads,Meta,Text-based social networking,Korea,161.2,medium,False,2017-01-12,3516,old
U00350,Instagram,Meta,Photo and video sharing,British Indian Ocean Territory (Chagos Archipelago),49.49,low,True,2020-03-03,2370,old
U00351,WeChat,Tencent,Messaging and social media,Pitcairn Islands,287.05,high,False,2023-05-14,1203,old
U00352,Quora,Quora Inc.,Q&A knowledge sharing,Western Sahara,277.13,high,False,2016-09-15,3635,old
U00353,Threads,Meta,Text-based social networking,Colombia,266.48,high,True,2022-05-17,1565,old
U00354,Instagram,Meta,Photo and video sharing,British Virgin Islands,234.1,high,True,2016-09-02,3648,old
U00355,TikTok,ByteDance,Short-form videos,Puerto Rico,257.77,high,True,2016-03-13,3821,old
U00356,X (formerly Twitter),X Corp.,Microblogging,Georgia,104.18,medium,False,2018-05-11,3032,old
U00357,Threads,Meta,Text-based social networking,Solomon Islands,23.86,low,False,2017-07-20,3327,old
U00358,Telegram,Telegram FZ LLC,Messaging,Afghanistan,217.23,high,False,2018-06-01,3011,old
U00359,TikTok,ByteDance,Short-form videos,Belarus,72.95,medium,False,2023-07-05,1151,old
U00360,TikTok,ByteDance,Short-form videos,Nicaragua,29.55,low,True,2018-04-20,3053,old
U00361,WhatsApp,Meta,Messaging,Brunei Darussalam,231.43,high,True,2024-10-28,670,established
U00362,Instagram,Meta,Photo and video sharing,Thailand,47.22,low,False,2016-11-16,3573,old
U00363,Telegram,Telegram FZ LLC,Messaging,Netherlands,28.32,low,True,2019-03-20,2719,old
U00364,Reddit,Reddit Inc.,Discussion forums and communities,Sudan,31.57,low,True,2024-09-12,716,established
U00365,TikTok,ByteDance,Short-form videos,Swaziland,242.38,high,True,2018-05-07,3036,old
U00366,YouTube,Google,Video sharing,Cuba,152.52,medium,False,2024-02-06,935,old
U00367,Reddit,Reddit Inc.,Discussion forums and communities,Vanuatu,158.35,medium,True,2024-11-05,662,established
U00368,LinkedIn,Microsoft,Professional networking,Angola,172.56,medium,False,2026-06-08,82,new
U00369,LinkedIn,Microsoft,Professional networking,Mauritius,197.82,high,True,2015-06-10,4098,old
U00370,Telegram,Telegram FZ LLC,Messaging,Guadeloupe,124.16,medium,True,2017-08-30,3286,old
U00371,YouTube,Google,Video sharing,Sudan,232.95,high,True,2022-10-24,1405,old
U00372,WhatsApp,Meta,Messaging,Honduras,57.63,low,True,2021-11-09,1754,old
U00373,Facebook,Meta,Social networking,Iran,193.34,high,True,2019-05-12,2666,old
U00374,X (formerly Twitter),X Corp.,Microblogging,Wallis and Futuna,244.36,high,True,2020-10-03,2156,old
U00375,Quora,Quora Inc.,Q&A knowledge sharing,Mali,274.06,high,True,2021-03-28,1980,old
U00376,Facebook,Meta,Social networking,Venezuela,100.17,medium,True,2020-07-08,2243,old
U00377,Facebook,Meta,Social networking,American Samoa,90.89,medium,True,2020-04-07,2335,old
U00378,Telegram,Telegram FZ LLC,Messaging,Micronesia,257.29,high,False,2015-12-13,3912,old
U00379,WhatsApp,Meta,Messaging,Saint Lucia,210.97,high,True,2026-05-24,97,new
U00380,Quora,Quora Inc.,Q&A knowledge sharing,United States Virgin Islands,83.47,medium,False,2026-03-20,162,new
U00381,WeChat,Tencent,Messaging and social media,Cambodia,258.18,high,True,2021-06-09,1907,old
U00382,Snapchat,Snap Inc.,Multimedia messaging,Guyana,291.56,high,True,2017-07-02,3345,old
U00383,TikTok,ByteDance,Short-form videos,Puerto Rico,31.73,low,True,2022-12-13,1355,old
U00384,YouTube,Google,Video sharing,French Southern Territories,283.73,high,False,2026-08-13,16,very_new
U00385,Reddit,Reddit Inc.,Discussion forums and communities,San Marino,236.22,high,True,2020-08-15,2205,old
U00386,Snapchat,Snap Inc.,Multimedia messaging,Svalbard & Jan Mayen Islands,275.57,high,False,2023-06-15,1171,old
U00387,X (formerly Twitter),X Corp.,Microblogging,Seychelles,205.29,high,False,2026-08-17,12,very_new
U00388,Telegram,Telegram FZ LLC,Messaging,Barbados,144.2,medium,False,2026-05-13,108,new
U00389,LinkedIn,Microsoft,Professional networking,Macao,297.45,high,False,2015-10-27,3959,old
U00390,WeChat,Tencent,Messaging and social media,Paraguay,44.22,low,False,2017-12-02,3192,old
U00391,Snapchat,Snap Inc.,Multimedia messaging,Netherlands Antilles,210.0,high,True,2024-12-01,636,established
U00392,Snapchat,Snap Inc.,Multimedia messaging,Congo,184.41,high,True,2021-05-20,1927,old
U00393,Threads,Meta,Text-based social networking,Greece,206.38,high,False,2026-05-29,92,new
U00394,YouTube,Google,Video sharing,Slovakia (Slovak Republic),40.1,low,True,2015-08-18,4029,old
U00395,WeChat,Tencent,Messaging and social media,Spain,118.08,medium,False,2016-06-29,3713,old
U00396,TikTok,ByteDance,Short-form videos,Slovenia,143.54,medium,True,2026-04-29,122,new
U00397,Snapchat,Snap Inc.,Multimedia messaging,Belarus,196.74,high,True,2026-04-25,126,new
U00398,TikTok,ByteDance,Short-form videos,Venezuela,238.11,high,False,2022-01-29,1673,old
U00399,YouTube,Google,Video sharing,Malta,127.22,medium,False,2023-01-18,1319,old
U00400,X (formerly Twitter),X Corp.,Microblogging,Jordan,138.52,medium,True,2021-12-22,1711,old
U00401,Pinterest,Pinterest Inc.,Visual discovery and bookmarking,Cameroon,130.44,medium,False,2022-09-12,1447,old
U00402,X (formerly Twitter),X Corp.,Microblogging,Bulgaria,47.98,low,True,2022-12-24,1344,old
U00403,LinkedIn,Microsoft,Professional networking,Malawi,287.79,high,False,2022-05-07,1575,old
U00404,Instagram,Meta,Photo and video sharing,Liechtenstein,94.32,medium,False,2017-02-24,3473,old
U00405,YouTube,Google,Video sharing,Micronesia,122.11,medium,True,2023-05-07,1210,old
U00406,YouTube,Google,Video sharing,Northern Mariana Islands,25.53,low,True,2016-01-25,3869,old
U00407,Pinterest,Pinterest Inc.,Visual discovery and bookmarking,Cook Islands,198.53,high,False,2026-08-20,9,very_new
U00408,WhatsApp,Meta,Messaging,Malta,127.7,medium,True,2024-07-27,763,old
U00409,X (formerly Twitter),X Corp.,Microblogging,Cyprus,155.51,medium,False,2019-11-03,2491,old
U00410,Quora,Quora Inc.,Q&A knowledge sharing,Timor-Leste,13.04,low,True,2015-07-21,4057,old
U00411,WeChat,Tencent,Messaging and social media,Netherlands,177.81,medium,False,2019-12-30,2434,old
U00412,Snapchat,Snap Inc.,Multimedia messaging,Namibia,139.15,medium,True,2026-03-18,164,new
U00413,LinkedIn,Microsoft,Professional networking,Vanuatu,120.54,medium,True,2017-04-19,3419,old
U00414,Quora,Quora Inc.,Q&A knowledge sharing,Poland,188.38,high,True,2019-11-11,2483,old
U00415,X (formerly Twitter),X Corp.,Microblogging,Mozambique,213.69,high,True,2024-03-20,892,old
U00416,X (formerly Twitter),X Corp.,Microblogging,Georgia,239.41,high,False,2020-03-18,2355,old
U00417,Reddit,Reddit Inc.,Discussion forums and communities,Egypt,219.7,high,True,2026-06-27,63,new
U00418,Facebook,Meta,Social networking,Peru,37.42,low,False,2023-03-01,1277,old
U00419,LinkedIn,Microsoft,Professional networking,Netherlands Antilles,140.25,medium,True,2020-05-31,2281,old
U00420,Instagram,Meta,Photo and video sharing,Nicaragua,206.87,high,False,2025-04-17,499,established
U00421,WeChat,Tencent,Messaging and social media,Turkmenistan,173.12,medium,True,2017-10-04,3251,old
U00422,Reddit,Reddit Inc.,Discussion forums and communities,Papua New Guinea,234.44,high,True,2016-08-09,3672,old
U00423,Reddit,Reddit Inc.,Discussion forums and communities,United States Minor Outlying Islands,125.41,medium,False,2024-12-04,633,established
U00424,LinkedIn,Microsoft,Professional networking,Holy See (Vatican City State),276.32,high,True,2017-09-13,3272,old
U00425,X (formerly Twitter),X Corp.,Microblogging,Svalbard & Jan Mayen Islands,168.24,medium,False,2017-05-03,3405,old
U00426,YouTube,Google,Video sharing,Brunei Darussalam,187.9,high,False,2020-02-29,2373,old
U00427,Snapchat,Snap Inc.,Multimedia messaging,Pakistan,56.97,low,True,2022-05-09,1573,old
U00428,Pinterest,Pinterest Inc.,Visual discovery and bookmarking,Mongolia,145.33,medium,True,2017-12-14,3180,old
U00429,Threads,Meta,Text-based social networking,Portugal,84.03,medium,False,2026-03-21,161,new
U00430,X (formerly Twitter),X Corp.,Microblogging,French Southern Territories,272.47,high,True,2017-05-27,3381,old
U00431,Reddit,Reddit Inc.,Discussion forums and communities,Guinea,184.24,high,False,2017-09-24,3261,old
U00432,Instagram,Meta,Photo and video sharing,Cote d'Ivoire,135.21,medium,False,2022-11-11,1387,old
U00433,Facebook,Meta,Social networking,Thailand,60.8,medium,False,2019-08-28,2558,old
U00434,TikTok,ByteDance,Short-form videos,Argentina,158.51,medium,False,2021-05-21,1926,old
U00435,TikTok,ByteDance,Short-form videos,Cook Islands,73.36,medium,False,2016-03-24,3810,old
U00436,WeChat,Tencent,Messaging and social media,Comoros,21.02,low,True,2026-03-11,171,new
U00437,Quora,Quora Inc.,Q&A knowledge sharing,Cambodia,55.03,low,True,2016-11-06,3583,old
U00438,Threads,Meta,Text-based social networking,Afghanistan,70.7,medium,False,2021-05-29,1918,old
U00439,Instagram,Meta,Photo and video sharing,Antarctica (the territory South of 60 deg S),286.29,high,True,2026-03-12,170,new
U00440,Pinterest,Pinterest Inc.,Visual discovery and bookmarking,Jamaica,127.5,medium,True,2017-07-19,3328,old
U00441,Facebook,Meta,Social networking,Brunei Darussalam,15.01,low,True,2023-09-29,1065,old
U00442,Instagram,Meta,Photo and video sharing,Sao Tome and Principe,159.66,medium,False,2026-08-07,22,very_new
U00443,Snapchat,Snap Inc.,Multimedia messaging,Congo,243.29,high,True,2021-03-29,1979,old
U00444,TikTok,ByteDance,Short-form videos,Myanmar,238.74,high,True,2016-10-25,3595,old
U00445,WeChat,Tencent,Messaging and social media,New Caledonia,173.24,medium,True,2025-04-21,495,established
U00446,LinkedIn,Microsoft,Professional networking,Bahamas,158.48,medium,True,2026-05-28,93,new
U00447,WhatsApp,Meta,Messaging,Oman,180.87,high,False,2017-09-28,3257,old
U00448,Telegram,Telegram FZ LLC,Messaging,Jordan,90.5,medium,True,2017-10-03,3252,old
U00449,Quora,Quora Inc.,Q&A knowledge sharing,Comoros,104.58,medium,True,2016-12-18,3541,old
U00450,Snapchat,Snap Inc.,Multimedia messaging,Croatia,281.9,high,True,2019-06-15,2632,old
U00451,YouTube,Google,Video sharing,Marshall Islands,152.74,medium,False,2018-12-30,2799,old
U00452,Reddit,Reddit Inc.,Discussion forums and communities,Estonia,69.41,medium,True,2025-02-27,548,established
U00453,WhatsApp,Meta,Messaging,Equatorial Guinea,28.93,low,True,2024-01-20,952,old
U00454,LinkedIn,Microsoft,Professional networking,Guyana,44.0,low,False,2018-07-23,2959,old
U00455,X (formerly Twitter),X Corp.,Microblogging,Isle of Man,160.46,medium,False,2018-02-11,3121,old
U00456,Instagram,Meta,Photo and video sharing,Ethiopia,238.51,high,False,2022-06-23,1528,old
U00457,WeChat,Tencent,Messaging and social media,South Africa,177.15,medium,True,2026-08-22,7,very_new
U00458,WeChat,Tencent,Messaging and social media,Bulgaria,216.89,high,False,2020-05-12,2300,old
U00459,WhatsApp,Meta,Messaging,Dominican Republic,22.02,low,True,2026-07-10,50,new
U00460,Instagram,Meta,Photo and video sharing,Cameroon,11.36,low,True,2026-08-12,17,very_new
U00461,LinkedIn,Microsoft,Professional networking,Swaziland,112.36,medium,False,2022-01-21,1681,old
U00462,Threads,Meta,Text-based social networking,Comoros,62.59,medium,True,2023-07-12,1144,old
U00463,Quora,Quora Inc.,Q&A knowledge sharing,Lebanon,95.48,medium,False,2021-06-16,1900,old
U00464,TikTok,ByteDance,Short-form videos,Czech Republic,220.5,high,False,2024-03-17,895,old
U00465,WhatsApp,Meta,Messaging,Jordan,250.02,high,True,2018-11-16,2843,old
U00466,WeChat,Tencent,Messaging and social media,Moldova,165.43,medium,True,2026-08-02,27,very_new
U00467,Pinterest,Pinterest Inc.,Visual discovery and bookmarking,Romania,8.96,low,True,2019-03-11,2728,old
U00468,Facebook,Meta,Social networking,Papua New Guinea,260.86,high,True,2016-10-18,3602,old
U00469,Instagram,Meta,Photo and video sharing,French Polynesia,258.92,high,True,2017-07-26,3321,old
U00470,YouTube,Google,Video sharing,United Arab Emirates,234.97,high,True,2026-08-09,20,very_new
U00471,Quora,Quora Inc.,Q&A knowledge sharing,Nepal,208.15,high,True,2015-11-05,3950,old
U00472,WhatsApp,Meta,Messaging,Turkey,50.01,low,True,2025-04-10,506,established
U00473,Pinterest,Pinterest Inc.,Visual discovery and bookmarking,Guadeloupe,238.5,high,True,2026-08-26,3,very_new
U00474,Quora,Quora Inc.,Q&A knowledge sharing,Georgia,152.81,medium,True,2022-12-18,1350,old
U00475,WeChat,Tencent,Messaging and social media,Somalia,159.95,medium,True,2017-09-26,3259,old
U00476,Telegram,Telegram FZ LLC,Messaging,Northern Mariana Islands,170.2,medium,False,2024-01-03,969,old
U00477,Facebook,Meta,Social networking,Cyprus,176.27,medium,False,2022-10-25,1404,old
U00478,LinkedIn,Microsoft,Professional networking,Niue,118.46,medium,True,2025-01-09,597,established
U00479,Reddit,Reddit Inc.,Discussion forums and communities,Portugal,287.46,high,False,2026-08-18,11,very_new
U00480,LinkedIn,Microsoft,Professional networking,Bangladesh,13.97,low,True,2019-09-05,2550,old
U00481,WeChat,Tencent,Messaging and social media,Norway,63.18,medium,True,2020-02-21,2381,old
U00482,Quora,Quora Inc.,Q&A knowledge sharing,Pakistan,73.51,medium,False,2016-02-09,3854,old
U00483,Pinterest,Pinterest Inc.,Visual discovery and bookmarking,Latvia,148.31,medium,False,2018-09-19,2901,old
U00484,YouTube,Google,Video sharing,Senegal,125.25,medium,True,2026-08-12,17,very_new
U00485,Quora,Quora Inc.,Q&A knowledge sharing,Guinea,213.31,high,True,2022-05-27,1555,old
U00486,WeChat,Tencent,Messaging and social media,Senegal,115.56,medium,True,2017-04-25,3413,old
U00487,YouTube,Google,Video sharing,Tonga,47.99,low,False,2022-08-21,1469,old
U00488,Instagram,Meta,Photo and video sharing,Sierra Leone,68.99,medium,False,2022-03-03,1640,old
U00489,WeChat,Tencent,Messaging and social media,Tonga,232.93,high,False,2020-02-12,2390,old
U00490,YouTube,Google,Video sharing,Seychelles,192.79,high,False,2023-09-01,1093,old
U00491,Facebook,Meta,Social networking,Tokelau,153.03,medium,True,2026-03-26,156,new
U00492,X (formerly Twitter),X Corp.,Microblogging,Saudi Arabia,285.83,high,False,2026-05-25,96,new
U00493,Snapchat,Snap Inc.,Multimedia messaging,Antigua and Barbuda,279.12,high,False,2016-08-22,3659,old
U00494,Snapchat,Snap Inc.,Multimedia messaging,Senegal,190.25,high,False,2022-03-15,1628,old
U00495,Telegram,Telegram FZ LLC,Messaging,China,142.41,medium,False,2022-07-28,1493,old
U00496,Quora,Quora Inc.,Q&A knowledge sharing,Djibouti,252.34,high,False,2015-07-22,4056,old
U00497,Telegram,Telegram FZ LLC,Messaging,Barbados,117.99,medium,True,2025-02-07,568,established
U00498,Threads,Meta,Text-based social networking,United States Minor Outlying Islands,158.34,medium,False,2018-10-10,2880,old
U00499,TikTok,ByteDance,Short-form videos,Micronesia,20.6,low,False,2022-11-04,1394,old
U00500,Reddit,Reddit Inc.,Discussion forums and communities,Mali,128.83,medium,False,2026-08-27,2,very_new
U00501,Threads,Meta,Text-based social networking,Lithuania,158.84,medium,False,2017-01-20,3508,old
U00502,TikTok,ByteDance,Short-form videos,Finland,281.16,high,True,2024-10-31,667,established
U00503,X (formerly Twitter),X Corp.,Microblogging,Suriname,221.65,high,False,2020-11-29,2099,old
U00504,WeChat,Tencent,Messaging and social media,Ukraine,195.17,high,True,2017-04-06,3432,old
U00505,Reddit,Reddit Inc.,Discussion forums and communities,Singapore,272.05,high,True,2020-06-17,2264,old
U00506,Facebook,Meta,Social networking,Peru,157.62,medium,True,2021-03-30,1978,old
U00507,Snapchat,Snap Inc.,Multimedia messaging,Maldives,123.93,medium,False,2024-05-04,847,old
U00508,Pinterest,Pinterest Inc.,Visual discovery and bookmarking,Malawi,293.72,high,True,2026-07-18,42,new
U00509,YouTube,Google,Video sharing,Samoa,248.79,high,False,2026-04-13,138,new
U00510,Facebook,Meta,Social networking,Falkland Islands (Malvinas),136.86,medium,False,2022-07-05,1516,old
U00511,TikTok,ByteDance,Short-form videos,Switzerland,287.76,high,False,2026-08-22,7,very_new
U00512,WeChat,Tencent,Messaging and social media,Saint Martin,181.99,high,False,2024-04-27,854,old
U00513,Telegram,Telegram FZ LLC,Messaging,Chad,241.41,high,False,2019-06-21,2626,old
U00514,Snapchat,Snap Inc.,Multimedia messaging,British Virgin Islands,79.55,medium,True,2023-08-03,1122,old
U00515,YouTube,Google,Video sharing,Tunisia,66.01,medium,True,2025-03-06,541,established
U00516,Instagram,Meta,Photo and video sharing,Korea,175.38,medium,True,2015-06-08,4100,old
U00517,Facebook,Meta,Social networking,Ecuador,273.18,high,False,2019-05-27,2651,old
U00518,X (formerly Twitter),X Corp.,Microblogging,North Macedonia,267.26,high,True,2016-09-19,3631,old
U00519,Snapchat,Snap Inc.,Multimedia messaging,Heard Island and McDonald Islands,92.12,medium,True,2016-06-30,3712,old
U00520,Reddit,Reddit Inc.,Discussion forums and communities,Oman,82.24,medium,True,2024-01-10,962,old
U00521,Snapchat,Snap Inc.,Multimedia messaging,Chile,261.87,high,True,2018-09-22,2898,old
U00522,WhatsApp,Meta,Messaging,Congo,222.94,high,False,2026-08-03,26,very_new
U00523,Quora,Quora Inc.,Q&A knowledge sharing,Sudan,177.66,medium,False,2019-08-14,2572,old
U00524,Telegram,Telegram FZ LLC,Messaging,Qatar,118.87,medium,True,2021-11-19,1744,old
U00525,Telegram,Telegram FZ LLC,Messaging,Anguilla,180.99,high,False,2019-05-14,2664,old
U00526,WhatsApp,Meta,Messaging,Saint Pierre and Miquelon,34.17,low,True,2017-01-04,3524,old
U00527,X (formerly Twitter),X Corp.,Microblogging,San Marino,26.41,low,False,2019-05-23,2655,old
U00528,Facebook,Meta,Social networking,Hong Kong,263.01,high,False,2020-10-27,2132,old
U00529,Telegram,Telegram FZ LLC,Messaging,Djibouti,174.91,medium,True,2021-01-03,2064,old
U00530,LinkedIn,Microsoft,Professional networking,Central African Republic,14.41,low,False,2015-09-07,4009,old
U00531,Instagram,Meta,Photo and video sharing,Lesotho,299.74,high,False,2015-08-29,4018,old
U00532,LinkedIn,Microsoft,Professional networking,Bolivia,31.22,low,False,2020-03-10,2363,old
U00533,LinkedIn,Microsoft,Professional networking,Tuvalu,277.35,high,False,2021-09-07,1817,old
U00534,Quora,Quora Inc.,Q&A knowledge sharing,Chile,133.27,medium,False,2018-01-04,3159,old
U00535,Snapchat,Snap Inc.,Multimedia messaging,Saint Vincent and the Grenadines,131.24,medium,True,2021-11-18,1745,old
U00536,Facebook,Meta,Social networking,Eritrea,129.32,medium,False,2024-11-12,655,established
U00537,Facebook,Meta,Social networking,Uruguay,251.7,high,False,2022-07-19,1502,old
U00538,X (formerly Twitter),X Corp.,Microblogging,Jordan,10.53,low,False,2026-06-08,82,new
U00539,Facebook,Meta,Social networking,Philippines,231.51,high,True,2019-03-05,2734,old
U00540,Reddit,Reddit Inc.,Discussion forums and communities,Kazakhstan,158.75,medium,True,2026-05-01,120,new
U00541,Quora,Quora Inc.,Q&A knowledge sharing,Suriname,106.66,medium,True,2017-01-19,3509,old
U00542,Facebook,Meta,Social networking,Kyrgyz Republic,189.17,high,True,2019-01-07,2791,old
U00543,Threads,Meta,Text-based social networking,Kenya,254.49,high,True,2026-04-20,131,new
U00544,Pinterest,Pinterest Inc.,Visual discovery and bookmarking,Guinea-Bissau,82.56,medium,False,2022-09-14,1445,old
U00545,TikTok,ByteDance,Short-form videos,Burundi,117.77,medium,True,2019-04-18,2690,old
U00546,YouTube,Google,Video sharing,Denmark,113.32,medium,True,2020-01-06,2427,old
U00547,TikTok,ByteDance,Short-form videos,Belize,266.62,high,False,2026-04-02,149,new
U00548,WhatsApp,Meta,Messaging,Togo,209.01,high,True,2026-08-26,3,very_new
U00549,LinkedIn,Microsoft,Professional networking,Central African Republic,42.24,low,False,2026-08-03,26,very_new
U00550,WhatsApp,Meta,Messaging,Montserrat,133.44,medium,True,2023-06-04,1182,old
U00551,WeChat,Tencent,Messaging and social media,Tonga,160.46,medium,True,2022-09-22,1437,old
U00552,TikTok,ByteDance,Short-form videos,Saint Pierre and Miquelon,92.25,medium,False,2022-03-11,1632,old
U00553,LinkedIn,Microsoft,Professional networking,Uzbekistan,135.76,medium,False,2016-08-09,3672,old
U00554,X (formerly Twitter),X Corp.,Microblogging,Kuwait,108.44,medium,True,2026-04-19,132,new
U00555,LinkedIn,Microsoft,Professional networking,South Georgia and the South Sandwich Islands,186.71,high,True,2021-11-14,1749,old
U00556,WeChat,Tencent,Messaging and social media,Botswana,252.68,high,False,2019-11-14,2480,old
U00557,Quora,Quora Inc.,Q&A knowledge sharing,Switzerland,63.33,medium,True,2016-01-14,3880,old
U00558,X (formerly Twitter),X Corp.,Microblogging,Chad,53.26,low,False,2022-12-05,1363,old
U00559,TikTok,ByteDance,Short-form videos,Panama,244.08,high,False,2022-02-20,1651,old
U00560,Reddit,Reddit Inc.,Discussion forums and communities,Bolivia,275.27,high,True,2017-07-21,3326,old
U00561,Snapchat,Snap Inc.,Multimedia messaging,Brazil,134.12,medium,True,2024-04-05,876,old
U00562,X (formerly Twitter),X Corp.,Microblogging,Denmark,149.22,medium,True,2024-12-11,626,established
U00563,LinkedIn,Microsoft,Professional networking,Bolivia,239.76,high,False,2017-03-15,3454,old
U00564,WeChat,Tencent,Messaging and social media,Greenland,186.22,high,False,2023-03-31,1247,old
U00565,WeChat,Tencent,Messaging and social media,Lithuania,78.92,medium,True,2021-05-12,1935,old
U00566,Reddit,Reddit Inc.,Discussion forums and communities,Turkey,271.71,high,False,2020-08-30,2190,old
U00567,Pinterest,Pinterest Inc.,Visual discovery and bookmarking,Kazakhstan,286.32,high,False,2024-05-23,828,old
U00568,X (formerly Twitter),X Corp.,Microblogging,Qatar,250.76,high,False,2026-03-09,173,new
U00569,X (formerly Twitter),X Corp.,Microblogging,South Africa,44.0,low,False,2020-02-27,2375,old
U00570,TikTok,ByteDance,Short-form videos,Micronesia,96.12,medium,True,2021-11-06,1757,old
U00571,WhatsApp,Meta,Messaging,Armenia,51.39,low,True,2026-08-22,7,very_new
U00572,Threads,Meta,Text-based social networking,South Georgia and the South Sandwich Islands,220.96,high,True,2016-05-01,3772,old
U00573,Pinterest,Pinterest Inc.,Visual discovery and bookmarking,Argentina,120.45,medium,False,2016-04-08,3795,old
U00574,TikTok,ByteDance,Short-form videos,Saint Vincent and the Grenadines,189.92,high,True,2026-08-03,26,very_new
U00575,Pinterest,Pinterest Inc.,Visual discovery and bookmarking,Oman,254.41,high,True,2021-01-31,2036,old
U00576,X (formerly Twitter),X Corp.,Microblogging,Nigeria,49.56,low,True,2017-04-25,3413,old
U00577,WeChat,Tencent,Messaging and social media,Spain,119.59,medium,False,2018-04-18,3055,old
U00578,Threads,Meta,Text-based social networking,Aruba,188.72,high,False,2020-09-08,2181,old
U00579,X (formerly Twitter),X Corp.,Microblogging,Poland,5.46,low,True,2019-08-28,2558,old
U00580,Telegram,Telegram FZ LLC,Messaging,Cocos (Keeling) Islands,213.52,high,False,2020-12-20,2078,old
U00581,Telegram,Telegram FZ LLC,Messaging,Bahamas,229.04,high,True,2018-02-23,3109,old
U00582,YouTube,Google,Video sharing,South Georgia and the South Sandwich Islands,100.56,medium,False,2022-11-22,1376,old
U00583,WeChat,Tencent,Messaging and social media,Kiribati,31.87,low,True,2025-05-01,485,established
U00584,X (formerly Twitter),X Corp.,Microblogging,Iceland,16.59,low,False,2021-02-03,2033,old
U00585,X (formerly Twitter),X Corp.,Microblogging,Serbia,247.22,high,True,2017-05-17,3391,old
U00586,LinkedIn,Microsoft,Professional networking,China,140.43,medium,True,2015-05-28,4111,old
U00587,YouTube,Google,Video sharing,Japan,122.4,medium,False,2020-12-03,2095,old
U00588,LinkedIn,Microsoft,Professional networking,Uruguay,231.12,high,False,2017-03-14,3455,old
U00589,X (formerly Twitter),X Corp.,Microblogging,Faroe Islands,150.91,medium,True,2020-01-25,2408,old
U00590,Snapchat,Snap Inc.,Multimedia messaging,Suriname,10.25,low,True,2025-03-12,535,established
U00591,LinkedIn,Microsoft,Professional networking,Jordan,286.74,high,False,2018-08-03,2948,old
U00592,YouTube,Google,Video sharing,Belarus,278.23,high,True,2018-07-31,2951,old
U00593,Reddit,Reddit Inc.,Discussion forums and communities,French Polynesia,122.93,medium,False,2023-08-14,1111,old
U00594,TikTok,ByteDance,Short-form videos,Croatia,72.91,medium,False,2024-07-08,782,old
U00595,X (formerly Twitter),X Corp.,Microblogging,Congo,238.06,high,False,2018-11-08,2851,old
U00596,WhatsApp,Meta,Messaging,Mozambique,252.95,high,False,2016-06-20,3722,old
U00597,Pinterest,Pinterest Inc.,Visual discovery and bookmarking,Argentina,120.72,medium,True,2023-04-08,1239,old
U00598,LinkedIn,Microsoft,Professional networking,Brazil,145.95,medium,True,2017-06-11,3366,old
U00599,Instagram,Meta,Photo and video sharing,Fiji,199.54,high,True,2022-04-15,1597,old
U00600,Instagram,Meta,Photo and video sharing,Yemen,149.07,medium,True,2021-06-24,1892,old
U00601,Quora,Quora Inc.,Q&A knowledge sharing,Puerto Rico,83.53,medium,False,2025-01-10,596,established
U00602,Pinterest,Pinterest Inc.,Visual discovery and bookmarking,American Samoa,129.43,medium,True,2020-04-16,2326,old
U00603,WeChat,Tencent,Messaging and social media,Dominican Republic,113.57,medium,True,2016-12-01,3558,old
U00604,WeChat,Tencent,Messaging and social media,Papua New Guinea,68.27,medium,True,2020-05-17,2295,old
U00605,WhatsApp,Meta,Messaging,Rwanda,13.95,low,False,2017-04-04,3434,old
U00606,Pinterest,Pinterest Inc.,Visual discovery and bookmarking,Korea,239.85,high,False,2018-12-24,2805,old
U00607,Pinterest,Pinterest Inc.,Visual discovery and bookmarking,Vanuatu,55.85,low,True,2018-11-09,2850,old
U00608,X (formerly Twitter),X Corp.,Microblogging,Mozambique,8.89,low,True,2016-10-01,3619,old
U00609,Threads,Meta,Text-based social networking,Kiribati,8.82,low,False,2024-01-14,958,old
U00610,Quora,Quora Inc.,Q&A knowledge sharing,Luxembourg,234.31,high,True,2022-10-29,1400,old
U00611,WeChat,Tencent,Messaging and social media,Myanmar,66.08,medium,True,2019-07-05,2612,old
U00612,X (formerly Twitter),X Corp.,Microblogging,Zimbabwe,112.95,medium,False,2020-05-01,2311,old
U00613,Reddit,Reddit Inc.,Discussion forums and communities,Korea,70.03,medium,True,2018-09-13,2907,old
U00614,TikTok,ByteDance,Short-form videos,Iraq,181.24,high,False,2018-06-08,3004,old
U00615,LinkedIn,Microsoft,Professional networking,Myanmar,230.02,high,True,2016-04-13,3790,old
U00616,Snapchat,Snap Inc.,Multimedia messaging,Ghana,104.75,medium,False,2026-03-27,155,new
U00617,Reddit,Reddit Inc.,Discussion forums and communities,Martinique,267.68,high,False,2024-11-12,655,established
U00618,Quora,Quora Inc.,Q&A knowledge sharing,Sierra Leone,279.78,high,False,2018-03-08,3096,old
U00619,Reddit,Reddit Inc.,Discussion forums and communities,Bulgaria,214.11,high,True,2017-10-12,3243,old
U00620,YouTube,Google,Video sharing,Congo,145.84,medium,True,2026-08-06,23,very_new
U00621,Instagram,Meta,Photo and video sharing,Bouvet Island (Bouvetoya),162.77,medium,False,2021-07-18,1868,old
U00622,Threads,Meta,Text-based social networking,Greece,145.75,medium,False,2016-04-11,3792,old
U00623,WhatsApp,Meta,Messaging,Burundi,186.5,high,True,2016-09-05,3645,old
U00624,Snapchat,Snap Inc.,Multimedia messaging,Slovenia,235.78,high,False,2022-04-12,1600,old
U00625,Instagram,Meta,Photo and video sharing,Cote d'Ivoire,102.42,medium,True,2018-09-28,2892,old
U00626,Pinterest,Pinterest Inc.,Visual discovery and bookmarking,Antarctica (the territory South of 60 deg S),19.33,low,True,2015-06-19,4089,old
U00627,YouTube,Google,Video sharing,Malta,220.34,high,False,2019-01-26,2772,old
U00628,Telegram,Telegram FZ LLC,Messaging,Slovakia (Slovak Republic),262.28,high,False,2026-08-15,14,very_new
U00629,Telegram,Telegram FZ LLC,Messaging,Taiwan,158.56,medium,False,2015-08-18,4029,old
U00630,Snapchat,Snap Inc.,Multimedia messaging,Saudi Arabia,164.47,medium,False,2018-07-08,2974,old
U00631,TikTok,ByteDance,Short-form videos,Barbados,105.17,medium,True,2020-11-04,2124,old
U00632,Instagram,Meta,Photo and video sharing,Ecuador,195.66,high,False,2024-05-22,829,old
U00633,WhatsApp,Meta,Messaging,Ghana,80.01,medium,False,2024-09-11,717,established
U00634,LinkedIn,Microsoft,Professional networking,Grenada,119.55,medium,False,2021-01-04,2063,old
U00635,LinkedIn,Microsoft,Professional networking,Isle of Man,70.45,medium,True,2019-02-19,2748,old
U00636,WhatsApp,Meta,Messaging,Bosnia and Herzegovina,126.62,medium,False,2020-08-28,2192,old
U00637,TikTok,ByteDance,Short-form videos,Saint Barthelemy,203.84,high,True,2020-02-03,2399,old
U00638,Threads,Meta,Text-based social networking,Nicaragua,106.51,medium,True,2023-06-30,1156,old
U00639,WeChat,Tencent,Messaging and social media,Costa Rica,14.17,low,True,2019-08-30,2556,old
U00640,Threads,Meta,Text-based social networking,Turks and Caicos Islands,161.59,medium,False,2021-12-19,1714,old
U00641,Snapchat,Snap Inc.,Multimedia messaging,Saint Vincent and the Grenadines,89.59,medium,False,2015-07-05,4073,old
U00642,X (formerly Twitter),X Corp.,Microblogging,Mauritius,280.65,high,False,2026-04-29,122,new
U00643,YouTube,Google,Video sharing,Liechtenstein,282.93,high,False,2018-08-27,2924,old
U00644,WhatsApp,Meta,Messaging,United States of America,33.35,low,False,2019-04-19,2689,old
U00645,LinkedIn,Microsoft,Professional networking,Iraq,38.99,low,True,2024-12-21,616,established
U00646,Facebook,Meta,Social networking,Taiwan,246.05,high,True,2026-04-16,135,new
U00647,WeChat,Tencent,Messaging and social media,Belarus,11.62,low,False,2017-10-24,3231,old
U00648,WhatsApp,Meta,Messaging,Sri Lanka,181.8,high,False,2018-09-24,2896,old
U00649,TikTok,ByteDance,Short-form videos,Greenland,166.17,medium,False,2025-05-01,485,established
U00650,Pinterest,Pinterest Inc.,Visual discovery and bookmarking,Greenland,212.76,high,True,2019-08-23,2563,old
U00651,Instagram,Meta,Photo and video sharing,Estonia,62.26,medium,True,2026-05-24,97,new
U00652,YouTube,Google,Video sharing,Peru,195.54,high,True,2024-07-28,762,old
U00653,Snapchat,Snap Inc.,Multimedia messaging,Bangladesh,90.2,medium,False,2018-02-25,3107,old
U00654,Threads,Meta,Text-based social networking,Hungary,140.91,medium,False,2018-04-10,3063,old
U00655,Reddit,Reddit Inc.,Discussion forums and communities,Lao People's Democratic Republic,225.46,high,False,2021-02-18,2018,old
U00656,YouTube,Google,Video sharing,Montserrat,140.41,medium,True,2024-05-02,849,old
U00657,Pinterest,Pinterest Inc.,Visual discovery and bookmarking,San Marino,112.81,medium,True,2021-01-01,2066,old
U00658,WhatsApp,Meta,Messaging,Timor-Leste,208.1,high,True,2026-03-08,174,new
U00659,LinkedIn,Microsoft,Professional networking,Cuba,89.11,medium,True,2018-06-09,3003,old
U00660,WeChat,Tencent,Messaging and social media,United Arab Emirates,32.79,low,False,2020-03-31,2342,old
U00661,X (formerly Twitter),X Corp.,Microblogging,Luxembourg,288.19,high,False,2021-08-26,1829,old
U00662,Quora,Quora Inc.,Q&A knowledge sharing,Fiji,119.3,medium,False,2024-12-15,622,established
U00663,WhatsApp,Meta,Messaging,Slovakia (Slovak Republic),206.15,high,False,2019-03-12,2727,old
U00664,Pinterest,Pinterest Inc.,Visual discovery and bookmarking,Macao,216.06,high,True,2025-03-16,531,established
U00665,Snapchat,Snap Inc.,Multimedia messaging,Iceland,127.7,medium,False,2019-09-19,2536,old
U00666,Facebook,Meta,Social networking,Martinique,160.73,medium,True,2016-08-12,3669,old
U00667,Quora,Quora Inc.,Q&A knowledge sharing,Andorra,223.74,high,False,2020-05-30,2282,old
U00668,Threads,Meta,Text-based social networking,Sudan,136.22,medium,True,2018-04-13,3060,old
U00669,Pinterest,Pinterest Inc.,Visual discovery and bookmarking,Togo,130.32,medium,True,2024-03-05,907,old
U00670,Reddit,Reddit Inc.,Discussion forums and communities,Malaysia,235.92,high,True,2026-08-15,14,very_new
U00671,Snapchat,Snap Inc.,Multimedia messaging,Algeria,296.42,high,False,2022-12-16,1352,old
U00672,LinkedIn,Microsoft,Professional networking,Niger,11.94,low,False,2016-07-25,3687,old
U00673,Snapchat,Snap Inc.,Multimedia messaging,Grenada,104.1,medium,True,2021-08-23,1832,old
U00674,YouTube,Google,Video sharing,Saint Martin,107.65,medium,True,2018-04-12,3061,old
U00675,TikTok,ByteDance,Short-form videos,Falkland Islands (Malvinas),170.81,medium,False,2020-09-10,2179,old
U00676,TikTok,ByteDance,Short-form videos,Tuvalu,31.46,low,False,2016-09-07,3643,old
U00677,YouTube,Google,Video sharing,Honduras,268.56,high,False,2016-06-16,3726,old
U00678,Facebook,Meta,Social networking,Anguilla,48.51,low,False,2026-08-05,24,very_new
U00679,Snapchat,Snap Inc.,Multimedia messaging,Chad,189.39,high,False,2026-07-30,30,new
U00680,Instagram,Meta,Photo and video sharing,French Guiana,187.84,high,False,2018-10-04,2886,old
U00681,WhatsApp,Meta,Messaging,Kiribati,137.16,medium,False,2026-06-05,85,new
U00682,Pinterest,Pinterest Inc.,Visual discovery and bookmarking,Mayotte,164.72,medium,False,2022-05-05,1577,old
U00683,Quora,Quora Inc.,Q&A knowledge sharing,Barbados,289.66,high,False,2024-10-31,667,established
U00684,LinkedIn,Microsoft,Professional networking,Tajikistan,8.84,low,False,2023-06-28,1158,old
U00685,WeChat,Tencent,Messaging and social media,Ukraine,231.1,high,False,2019-05-22,2656,old
U00686,Reddit,Reddit Inc.,Discussion forums and communities,Spain,100.23,medium,True,2022-12-30,1338,old
U00687,YouTube,Google,Video sharing,Jersey,177.69,medium,True,2021-08-15,1840,old
U00688,TikTok,ByteDance,Short-form videos,Morocco,29.17,low,False,2021-08-12,1843,old
U00689,Threads,Meta,Text-based social networking,Grenada,292.55,high,True,2022-12-05,1363,old
U00690,Telegram,Telegram FZ LLC,Messaging,Bouvet Island (Bouvetoya),87.18,medium,True,2018-08-08,2943,old
U00691,Snapchat,Snap Inc.,Multimedia messaging,Greenland,153.83,medium,False,2022-11-27,1371,old
U00692,Reddit,Reddit Inc.,Discussion forums and communities,Vanuatu,209.62,high,True,2019-10-29,2496,old
U00693,Facebook,Meta,Social networking,Burkina Faso,241.19,high,False,2026-05-15,106,new
U00694,X (formerly Twitter),X Corp.,Microblogging,Congo,6.13,low,False,2026-03-26,156,new
U00695,YouTube,Google,Video sharing,Malta,291.07,high,True,2021-02-26,2010,old
U00696,YouTube,Google,Video sharing,British Indian Ocean Territory (Chagos Archipelago),289.71,high,False,2016-04-26,3777,old
U00697,Quora,Quora Inc.,Q&A knowledge sharing,Micronesia,114.61,medium,False,2025-02-05,570,established
U00698,Pinterest,Pinterest Inc.,Visual discovery and bookmarking,Puerto Rico,23.44,low,False,2016-03-05,3829,old
U00699,Reddit,Reddit Inc.,Discussion forums and communities,Guinea-Bissau,173.17,medium,False,2020-02-07,2395,old
U00700,YouTube,Google,Video sharing,Andorra,191.98,high,True,2018-01-18,3145,old
U00701,X (formerly Twitter),X Corp.,Microblogging,Palestinian Territory,212.27,high,False,2021-05-18,1929,old
U00702,Snapchat,Snap Inc.,Multimedia messaging,Antarctica (the territory South of 60 deg S),166.48,medium,True,2023-10-29,1035,old
U00703,Facebook,Meta,Social networking,Saint Barthelemy,251.05,high,False,2024-09-13,715,established
U00704,Quora,Quora Inc.,Q&A knowledge sharing,Korea,127.79,medium,False,2023-08-13,1112,old
U00705,TikTok,ByteDance,Short-form videos,Jersey,223.95,high,False,2017-03-02,3467,old
U00706,Quora,Quora Inc.,Q&A knowledge sharing,Greece,287.04,high,True,2018-10-01,2889,old
U00707,Instagram,Meta,Photo and video sharing,Svalbard & Jan Mayen Islands,268.18,high,True,2018-07-06,2976,old
U00708,LinkedIn,Microsoft,Professional networking,Comoros,255.22,high,True,2016-07-21,3691,old
U00709,Quora,Quora Inc.,Q&A knowledge sharing,Rwanda,264.01,high,False,2024-02-23,918,old
U00710,YouTube,Google,Video sharing,Reunion,59.89,low,False,2026-07-24,36,new
U00711,YouTube,Google,Video sharing,Norway,242.65,high,True,2023-09-13,1081,old
U00712,Snapchat,Snap Inc.,Multimedia messaging,Macao,55.33,low,False,2017-07-06,3341,old
U00713,Reddit,Reddit Inc.,Discussion forums and communities,Algeria,215.33,high,False,2017-04-05,3433,old
U00714,Snapchat,Snap Inc.,Multimedia messaging,Kazakhstan,78.76,medium,False,2023-01-16,1321,old
U00715,WeChat,Tencent,Messaging and social media,Spain,121.5,medium,True,2017-09-08,3277,old
U00716,WeChat,Tencent,Messaging and social media,Maldives,193.29,high,False,2020-10-03,2156,old
U00717,Quora,Quora Inc.,Q&A knowledge sharing,Bulgaria,84.74,medium,False,2020-02-09,2393,old
U00718,LinkedIn,Microsoft,Professional networking,Luxembourg,222.16,high,False,2026-08-08,21,very_new
U00719,Reddit,Reddit Inc.,Discussion forums and communities,United Arab Emirates,124.94,medium,True,2022-06-10,1541,old
U00720,Pinterest,Pinterest Inc.,Visual discovery and bookmarking,Anguilla,26.22,low,False,2022-03-08,1635,old
U00721,X (formerly Twitter),X Corp.,Microblogging,Saint Martin,274.41,high,True,2020-06-10,2271,old
U00722,Reddit,Reddit Inc.,Discussion forums and communities,Costa Rica,105.53,medium,True,2017-01-19,3509,old
U00723,Threads,Meta,Text-based social networking,Greenland,43.15,low,False,2023-07-23,1133,old
U00724,Snapchat,Snap Inc.,Multimedia messaging,Pakistan,250.44,high,False,2016-02-22,3841,old
U00725,WeChat,Tencent,Messaging and social media,Kazakhstan,263.08,high,False,2021-02-28,2008,old
U00726,Quora,Quora Inc.,Q&A knowledge sharing,Mali,42.55,low,True,2019-04-11,2697,old
U00727,Instagram,Meta,Photo and video sharing,Poland,292.11,high,True,2026-08-24,5,very_new
U00728,Instagram,Meta,Photo and video sharing,Cameroon,231.53,high,False,2026-07-20,40,new
U00729,YouTube,Google,Video sharing,Yemen,73.57,medium,False,2018-04-10,3063,old
U00730,WhatsApp,Meta,Messaging,Dominican Republic,240.48,high,True,2019-10-10,2515,old
U00731,Threads,Meta,Text-based social networking,India,13.86,low,False,2021-06-09,1907,old
U00732,Pinterest,Pinterest Inc.,Visual discovery and bookmarking,Mexico,255.64,high,False,2015-10-27,3959,old
U00733,Pinterest,Pinterest Inc.,Visual discovery and bookmarking,Aruba,287.43,high,False,2024-05-10,841,old
U00734,Reddit,Reddit Inc.,Discussion forums and communities,Trinidad and Tobago,97.58,medium,True,2024-03-19,893,old
U00735,LinkedIn,Microsoft,Professional networking,Trinidad and Tobago,256.99,high,True,2022-01-26,1676,old
U00736,Instagram,Meta,Photo and video sharing,Colombia,200.81,high,True,2016-12-26,3533,old
U00737,LinkedIn,Microsoft,Professional networking,Nigeria,114.3,medium,True,2016-05-25,3748,old
U00738,LinkedIn,Microsoft,Professional networking,Malta,174.96,medium,True,2020-06-04,2277,old
U00739,LinkedIn,Microsoft,Professional networking,Jersey,11.61,low,True,2024-08-22,737,old
U00740,Telegram,Telegram FZ LLC,Messaging,Australia,116.33,medium,True,2023-01-08,1329,old
U00741,Telegram,Telegram FZ LLC,Messaging,Lebanon,77.3,medium,False,2015-06-04,4104,old
U00742,Telegram,Telegram FZ LLC,Messaging,British Virgin Islands,216.13,high,False,2021-09-10,1814,old
U00743,X (formerly Twitter),X Corp.,Microblogging,Estonia,70.6,medium,False,2024-04-03,878,old
U00744,WhatsApp,Meta,Messaging,Cameroon,222.21,high,False,2015-09-15,4001,old
U00745,LinkedIn,Microsoft,Professional networking,French Southern Territories,282.27,high,True,2018-01-01,3162,old
U00746,Facebook,Meta,Social networking,Italy,48.57,low,False,2023-03-18,1260,old
U00747,LinkedIn,Microsoft,Professional networking,Saint Vincent and the Grenadines,252.93,high,True,2020-08-17,2203,old
U00748,Pinterest,Pinterest Inc.,Visual discovery and bookmarking,Palau,81.57,medium,True,2018-04-18,3055,old
U00749,LinkedIn,Microsoft,Professional networking,Saudi Arabia,215.69,high,True,2023-12-20,983,old
U00750,WeChat,Tencent,Messaging and social media,United Kingdom,142.82,medium,True,2017-07-04,3343,old
U00751,Pinterest,Pinterest Inc.,Visual discovery and bookmarking,Samoa,145.19,medium,False,2018-04-01,3072,old
U00752,Snapchat,Snap Inc.,Multimedia messaging,Niue,102.56,medium,False,2020-07-22,2229,old
U00753,Quora,Quora Inc.,Q&A knowledge sharing,Guinea-Bissau,189.26,high,True,2023-01-28,1309,old
U00754,Telegram,Telegram FZ LLC,Messaging,Chile,213.56,high,True,2021-10-14,1780,old
U00755,Instagram,Meta,Photo and video sharing,Afghanistan,162.44,medium,True,2018-06-23,2989,old
U00756,Reddit,Reddit Inc.,Discussion forums and communities,Singapore,115.03,medium,True,2016-11-24,3565,old
U00757,Reddit,Reddit Inc.,Discussion forums and communities,Andorra,129.27,medium,False,2020-06-21,2260,old
U00758,X (formerly Twitter),X Corp.,Microblogging,Iran,123.95,medium,False,2022-06-23,1528,old
U00759,TikTok,ByteDance,Short-form videos,Gabon,75.19,medium,False,2024-03-03,909,old
U00760,WeChat,Tencent,Messaging and social media,Netherlands,124.31,medium,True,2024-08-25,734,old
U00761,TikTok,ByteDance,Short-form videos,Brunei Darussalam,43.19,low,True,2016-03-10,3824,old
U00762,Quora,Quora Inc.,Q&A knowledge sharing,United Arab Emirates,151.0,medium,False,2026-07-31,29,very_new
U00763,Instagram,Meta,Photo and video sharing,Maldives,42.02,low,False,2024-01-30,942,old
U00764,Instagram,Meta,Photo and video sharing,Ukraine,61.49,medium,False,2023-09-21,1073,old
U00765,X (formerly Twitter),X Corp.,Microblogging,Malta,91.67,medium,True,2021-09-02,1822,old
U00766,WhatsApp,Meta,Messaging,Bahamas,8.71,low,False,2025-04-27,489,established
U00767,Telegram,Telegram FZ LLC,Messaging,Oman,245.31,high,True,2026-05-01,120,new
U00768,Threads,Meta,Text-based social networking,Mexico,140.83,medium,False,2020-11-10,2118,old
U00769,Quora,Quora Inc.,Q&A knowledge sharing,Mayotte,81.37,medium,False,2021-04-18,1959,old
U00770,LinkedIn,Microsoft,Professional networking,Cambodia,129.24,medium,True,2019-11-13,2481,old
U00771,X (formerly Twitter),X Corp.,Microblogging,French Polynesia,128.9,medium,False,2022-03-17,1626,old
U00772,Reddit,Reddit Inc.,Discussion forums and communities,Cayman Islands,199.56,high,True,2017-02-09,3488,old
U00773,Facebook,Meta,Social networking,Cocos (Keeling) Islands,223.56,high,False,2020-01-15,2418,old
U00774,Threads,Meta,Text-based social networking,Liberia,122.24,medium,True,2017-08-20,3296,old
U00775,Pinterest,Pinterest Inc.,Visual discovery and bookmarking,Northern Mariana Islands,278.37,high,True,2019-03-21,2718,old
U00776,Reddit,Reddit Inc.,Discussion forums and communities,Kuwait,66.66,medium,False,2018-07-17,2965,old
U00777,Quora,Quora Inc.,Q&A knowledge sharing,Germany,39.76,low,False,2023-10-23,1041,old
U00778,LinkedIn,Microsoft,Professional networking,Swaziland,155.17,medium,True,2016-06-07,3735,old
U00779,YouTube,Google,Video sharing,Greece,286.38,high,True,2023-01-13,1324,old
U00780,WhatsApp,Meta,Messaging,Indonesia,69.98,medium,True,2016-07-23,3689,old
U00781,LinkedIn,Microsoft,Professional networking,British Indian Ocean Territory (Chagos Archipelago),26.91,low,True,2020-12-15,2083,old
U00782,Snapchat,Snap Inc.,Multimedia messaging,Mali,76.62,medium,False,2024-10-23,675,established
U00783,TikTok,ByteDance,Short-form videos,Singapore,93.27,medium,True,2016-03-05,3829,old
U00784,Reddit,Reddit Inc.,Discussion forums and communities,Gambia,35.18,low,False,2020-07-28,2223,old
U00785,YouTube,Google,Video sharing,Bhutan,117.23,medium,True,2020-12-02,2096,old
U00786,WeChat,Tencent,Messaging and social media,Algeria,53.48,low,False,2016-03-22,3812,old
U00787,X (formerly Twitter),X Corp.,Microblogging,Iran,16.63,low,True,2025-01-27,579,established
U00788,Snapchat,Snap Inc.,Multimedia messaging,New Caledonia,47.78,low,False,2024-11-27,640,established
U00789,YouTube,Google,Video sharing,United States Virgin Islands,66.21,medium,True,2021-11-18,1745,old
U00790,TikTok,ByteDance,Short-form videos,Comoros,243.29,high,False,2017-11-15,3209,old
U00791,Instagram,Meta,Photo and video sharing,Holy See (Vatican City State),85.61,medium,True,2020-05-11,2301,old
U00792,Instagram,Meta,Photo and video sharing,Slovenia,44.86,low,False,2026-07-01,59,new
U00793,WeChat,Tencent,Messaging and social media,Paraguay,129.73,medium,True,2016-07-31,3681,old
U00794,Quora,Quora Inc.,Q&A knowledge sharing,Korea,287.47,high,False,2020-02-15,2387,old
U00795,Threads,Meta,Text-based social networking,Canada,57.44,low,False,2022-05-09,1573,old
U00796,Reddit,Reddit Inc.,Discussion forums and communities,Guernsey,231.8,high,False,2022-03-27,1616,old
U00797,Telegram,Telegram FZ LLC,Messaging,Slovakia (Slovak Republic),109.64,medium,False,2016-12-11,3548,old
U00798,Reddit,Reddit Inc.,Discussion forums and communities,Timor-Leste,216.79,high,False,2024-08-12,747,old
U00799,Instagram,Meta,Photo and video sharing,Nauru,258.67,high,True,2017-08-21,3295,old
U00800,WeChat,Tencent,Messaging and social media,Faroe Islands,69.22,medium,True,2026-05-03,118,new
U00801,Snapchat,Snap Inc.,Multimedia messaging,San Marino,264.02,high,True,2019-02-01,2766,old
U00802,YouTube,Google,Video sharing,Greece,267.62,high,True,2020-04-30,2312,old
U00803,WeChat,Tencent,Messaging and social media,Ghana,123.27,medium,False,2022-01-03,1699,old
U00804,TikTok,ByteDance,Short-form videos,Honduras,45.85,low,True,2026-08-28,1,very_new
U00805,Facebook,Meta,Social networking,Tajikistan,24.43,low,False,2017-05-28,3380,old
U00806,Telegram,Telegram FZ LLC,Messaging,Bulgaria,80.5,medium,True,2018-04-22,3051,old
U00807,Quora,Quora Inc.,Q&A knowledge sharing,Afghanistan,256.41,high,False,2016-01-11,3883,old
U00808,YouTube,Google,Video sharing,Mauritius,76.16,medium,False,2018-07-19,2963,old
U00809,WeChat,Tencent,Messaging and social media,Morocco,120.67,medium,False,2017-11-17,3207,old
U00810,Reddit,Reddit Inc.,Discussion forums and communities,North Macedonia,90.73,medium,False,2019-05-05,2673,old
U00811,WhatsApp,Meta,Messaging,Benin,266.03,high,True,2016-03-23,3811,old
U00812,Threads,Meta,Text-based social networking,Martinique,243.08,high,True,2026-03-08,174,new
U00813,X (formerly Twitter),X Corp.,Microblogging,Djibouti,192.4,high,False,2025-03-04,543,established
U00814,X (formerly Twitter),X Corp.,Microblogging,Malawi,90.66,medium,False,2021-05-23,1924,old
U00815,Snapchat,Snap Inc.,Multimedia messaging,Estonia,11.58,low,True,2016-02-27,3836,old
U00816,Snapchat,Snap Inc.,Multimedia messaging,Georgia,107.7,medium,True,2024-09-26,702,established
U00817,Facebook,Meta,Social networking,Bermuda,183.23,high,False,2022-08-13,1477,old
U00818,LinkedIn,Microsoft,Professional networking,New Zealand,124.17,medium,True,2023-12-10,993,old
U00819,WhatsApp,Meta,Messaging,Holy See (Vatican City State),141.7,medium,True,2024-05-29,822,old
U00820,X (formerly Twitter),X Corp.,Microblogging,Libyan Arab Jamahiriya,279.73,high,False,2018-10-11,2879,old
U00821,Reddit,Reddit Inc.,Discussion forums and communities,France,193.24,high,True,2024-09-18,710,established
U00822,Threads,Meta,Text-based social networking,Swaziland,158.38,medium,False,2017-10-13,3242,old
U00823,Threads,Meta,Text-based social networking,Mozambique,168.47,medium,True,2016-01-30,3864,old
U00824,WeChat,Tencent,Messaging and social media,Moldova,295.33,high,False,2023-01-12,1325,old
U00825,Quora,Quora Inc.,Q&A knowledge sharing,Taiwan,110.75,medium,True,2017-09-04,3281,old
U00826,X (formerly Twitter),X Corp.,Microblogging,Belize,11.81,low,True,2017-03-20,3449,old
U00827,TikTok,ByteDance,Short-form videos,Slovakia (Slovak Republic),89.14,medium,True,2017-06-04,3373,old
U00828,Telegram,Telegram FZ LLC,Messaging,Pitcairn Islands,240.71,high,False,2016-08-06,3675,old
U00829,Pinterest,Pinterest Inc.,Visual discovery and bookmarking,Austria,174.3,medium,False,2022-05-10,1572,old
U00830,X (formerly Twitter),X Corp.,Microblogging,Solomon Islands,203.87,high,True,2026-05-03,118,new
U00831,Reddit,Reddit Inc.,Discussion forums and communities,Cape Verde,236.46,high,False,2026-08-25,4,very_new
U00832,WeChat,Tencent,Messaging and social media,Iraq,28.36,low,True,2020-10-14,2145,old
U00833,Threads,Meta,Text-based social networking,Cocos (Keeling) Islands,179.75,medium,False,2017-11-15,3209,old
U00834,Threads,Meta,Text-based social networking,Guyana,10.95,low,True,2022-10-26,1403,old
U00835,YouTube,Google,Video sharing,Denmark,12.98,low,True,2015-07-13,4065,old
U00836,LinkedIn,Microsoft,Professional networking,Argentina,116.16,medium,True,2023-10-17,1047,old
U00837,WhatsApp,Meta,Messaging,Iceland,130.57,medium,True,2018-07-15,2967,old
U00838,WhatsApp,Meta,Messaging,Niger,159.99,medium,False,2019-01-09,2789,old
U00839,Quora,Quora Inc.,Q&A knowledge sharing,Myanmar,228.46,high,True,2024-02-21,920,old
U00840,Threads,Meta,Text-based social networking,Timor-Leste,120.5,medium,True,2021-03-06,2002,old
U00841,Pinterest,Pinterest Inc.,Visual discovery and bookmarking,Papua New Guinea,116.88,medium,True,2018-11-20,2839,old
U00842,WeChat,Tencent,Messaging and social media,Cambodia,69.32,medium,False,2023-11-09,1024,old
U00843,Telegram,Telegram FZ LLC,Messaging,Suriname,290.39,high,False,2022-10-29,1400,old
U00844,LinkedIn,Microsoft,Professional networking,Lesotho,66.34,medium,True,2026-05-18,103,new
U00845,X (formerly Twitter),X Corp.,Microblogging,Russian Federation,159.77,medium,True,2018-10-12,2878,old
U00846,Instagram,Meta,Photo and video sharing,Kazakhstan,160.84,medium,True,2024-02-15,926,old
U00847,LinkedIn,Microsoft,Professional networking,Mexico,157.34,medium,True,2018-03-05,3099,old
U00848,X (formerly Twitter),X Corp.,Microblogging,Fiji,111.36,medium,False,2025-03-09,538,established
U00849,Threads,Meta,Text-based social networking,Poland,175.53,medium,False,2019-01-14,2784,old
U00850,Telegram,Telegram FZ LLC,Messaging,Ghana,94.89,medium,False,2017-01-17,3511,old
U00851,Pinterest,Pinterest Inc.,Visual discovery and bookmarking,Cambodia,43.0,low,True,2022-06-05,1546,old
U00852,Pinterest,Pinterest Inc.,Visual discovery and bookmarking,Vietnam,225.41,high,True,2024-12-19,618,established
U00853,X (formerly Twitter),X Corp.,Microblogging,Guam,185.92,high,True,2020-01-16,2417,old
U00854,WhatsApp,Meta,Messaging,Uganda,184.57,high,True,2025-04-28,488,established
U00855,Instagram,Meta,Photo and video sharing,Canada,94.75,medium,True,2021-07-18,1868,old
U00856,Reddit,Reddit Inc.,Discussion forums and communities,Monaco,6.97,low,True,2021-10-06,1788,old
U00857,Reddit,Reddit Inc.,Discussion forums and communities,Iraq,120.04,medium,False,2017-09-07,3278,old
U00858,X (formerly Twitter),X Corp.,Microblogging,Botswana,41.74,low,False,2025-01-31,575,established
U00859,Snapchat,Snap Inc.,Multimedia messaging,Nicaragua,101.09,medium,False,2019-11-30,2464,old
U00860,Quora,Quora Inc.,Q&A knowledge sharing,Heard Island and McDonald Islands,82.22,medium,False,2019-12-22,2442,old
U00861,WhatsApp,Meta,Messaging,Palestinian Territory,257.03,high,False,2015-05-09,4130,old
U00862,Threads,Meta,Text-based social networking,Gabon,176.34,medium,False,2026-07-29,31,new
U00863,Reddit,Reddit Inc.,Discussion forums and communities,Cape Verde,190.82,high,False,2020-12-18,2080,old
U00864,Instagram,Meta,Photo and video sharing,Malta,240.41,high,False,2019-05-21,2657,old
U00865,WhatsApp,Meta,Messaging,Christmas Island,29.49,low,False,2026-06-07,83,new
U00866,Quora,Quora Inc.,Q&A knowledge sharing,Bermuda,82.56,medium,True,2016-01-05,3889,old
U00867,Telegram,Telegram FZ LLC,Messaging,Botswana,155.34,medium,True,2020-12-27,2071,old
U00868,Facebook,Meta,Social networking,Malawi,159.26,medium,True,2026-07-29,31,new
U00869,Threads,Meta,Text-based social networking,Bahamas,61.04,medium,False,2022-07-08,1513,old
U00870,LinkedIn,Microsoft,Professional networking,Netherlands Antilles,282.6,high,False,2018-04-30,3043,old
U00871,Reddit,Reddit Inc.,Discussion forums and communities,Solomon Islands,128.55,medium,False,2019-08-05,2581,old
U00872,Pinterest,Pinterest Inc.,Visual discovery and bookmarking,Bhutan,157.59,medium,False,2021-05-28,1919,old
U00873,Facebook,Meta,Social networking,Saint Helena,160.31,medium,True,2023-11-01,1032,old
U00874,Instagram,Meta,Photo and video sharing,Grenada,139.98,medium,True,2019-05-14,2664,old
U00875,WhatsApp,Meta,Messaging,Tokelau,288.5,high,False,2026-05-30,91,new
U00876,Telegram,Telegram FZ LLC,Messaging,Turkey,211.13,high,False,2021-10-31,1763,old
U00877,TikTok,ByteDance,Short-form videos,Slovenia,85.06,medium,True,2024-11-23,644,established
U00878,Snapchat,Snap Inc.,Multimedia messaging,Saudi Arabia,227.22,high,True,2016-09-13,3637,old
U00879,WhatsApp,Meta,Messaging,Montenegro,298.4,high,True,2021-11-15,1748,old
U00880,Telegram,Telegram FZ LLC,Messaging,Mozambique,121.92,medium,False,2021-06-13,1903,old
U00881,X (formerly Twitter),X Corp.,Microblogging,Mozambique,295.28,high,False,2023-02-17,1289,old
U00882,TikTok,ByteDance,Short-form videos,Honduras,136.94,medium,True,2026-07-15,45,new
U00883,Facebook,Meta,Social networking,New Caledonia,188.25,high,True,2020-10-16,2143,old
U00884,Snapchat,Snap Inc.,Multimedia messaging,Uruguay,178.94,medium,False,2022-06-09,1542,old
U00885,TikTok,ByteDance,Short-form videos,Burkina Faso,215.8,high,True,2023-11-25,1008,old
U00886,Threads,Meta,Text-based social networking,Bhutan,83.55,medium,False,2017-07-26,3321,old
U00887,YouTube,Google,Video sharing,Djibouti,129.84,medium,True,2018-12-26,2803,old
U00888,TikTok,ByteDance,Short-form videos,Kuwait,288.59,high,True,2026-05-10,111,new
U00889,Telegram,Telegram FZ LLC,Messaging,Mauritius,147.46,medium,False,2019-03-04,2735,old
U00890,Snapchat,Snap Inc.,Multimedia messaging,Trinidad and Tobago,297.38,high,False,2019-04-07,2701,old
U00891,X (formerly Twitter),X Corp.,Microblogging,Finland,279.58,high,True,2017-01-07,3521,old
U00892,LinkedIn,Microsoft,Professional networking,Serbia,151.62,medium,False,2015-12-25,3900,old
U00893,Threads,Meta,Text-based social networking,American Samoa,52.53,low,True,2021-11-27,1736,old
U00894,Quora,Quora Inc.,Q&A knowledge sharing,Lao People's Democratic Republic,281.22,high,False,2016-11-21,3568,old
U00895,Threads,Meta,Text-based social networking,San Marino,162.22,medium,False,2015-11-28,3927,old
U00896,Quora,Quora Inc.,Q&A knowledge sharing,Slovakia (Slovak Republic),286.09,high,False,2022-01-03,1699,old
U00897,Telegram,Telegram FZ LLC,Messaging,Luxembourg,285.78,high,True,2017-01-23,3505,old
U00898,TikTok,ByteDance,Short-form videos,South Georgia and the South Sandwich Islands,33.08,low,True,2024-04-12,869,old
U00899,Telegram,Telegram FZ LLC,Messaging,Faroe Islands,7.57,low,False,2015-11-19,3936,old
U00900,X (formerly Twitter),X Corp.,Microblogging,Congo,236.4,high,True,2026-08-17,12,very_new
U00901,WeChat,Tencent,Messaging and social media,Tuvalu,96.05,medium,True,2024-10-01,697,established
U00902,Snapchat,Snap Inc.,Multimedia messaging,Cambodia,153.41,medium,True,2024-08-24,735,old
U00903,Snapchat,Snap Inc.,Multimedia messaging,India,170.39,medium,False,2018-03-04,3100,old
U00904,Reddit,Reddit Inc.,Discussion forums and communities,Central African Republic,11.18,low,False,2019-07-22,2595,old
U00905,Telegram,Telegram FZ LLC,Messaging,Belize,131.49,medium,False,2026-08-09,20,very_new
U00906,WhatsApp,Meta,Messaging,Vanuatu,132.03,medium,False,2025-02-21,554,established
U00907,Pinterest,Pinterest Inc.,Visual discovery and bookmarking,Mozambique,292.47,high,False,2022-03-25,1618,old
U00908,Quora,Quora Inc.,Q&A knowledge sharing,Western Sahara,54.88,low,True,2016-09-26,3624,old
U00909,Threads,Meta,Text-based social networking,Slovenia,238.92,high,False,2021-07-26,1860,old
U00910,Quora,Quora Inc.,Q&A knowledge sharing,Svalbard & Jan Mayen Islands,245.12,high,False,2015-05-24,4115,old
U00911,Threads,Meta,Text-based social networking,Tanzania,116.17,medium,True,2017-10-05,3250,old
U00912,Quora,Quora Inc.,Q&A knowledge sharing,India,290.67,high,True,2016-05-30,3743,old
U00913,Snapchat,Snap Inc.,Multimedia messaging,El Salvador,22.18,low,True,2018-06-06,3006,old
U00914,Instagram,Meta,Photo and video sharing,Netherlands Antilles,164.08,medium,True,2018-07-07,2975,old
U00915,Reddit,Reddit Inc.,Discussion forums and communities,Western Sahara,158.07,medium,True,2017-05-12,3396,old
U00916,Instagram,Meta,Photo and video sharing,Papua New Guinea,247.14,high,False,2023-07-01,1155,old
U00917,Telegram,Telegram FZ LLC,Messaging,Guinea-Bissau,88.27,medium,True,2023-11-26,1007,old
U00918,Instagram,Meta,Photo and video sharing,Tajikistan,157.46,medium,True,2026-06-24,66,new
U00919,Threads,Meta,Text-based social networking,Chile,252.33,high,False,2018-09-14,2906,old
U00920,Snapchat,Snap Inc.,Multimedia messaging,South Africa,172.85,medium,True,2020-03-29,2344,old
U00921,Reddit,Reddit Inc.,Discussion forums and communities,Saudi Arabia,89.14,medium,True,2021-05-29,1918,old
U00922,Instagram,Meta,Photo and video sharing,Cyprus,81.41,medium,False,2023-10-21,1043,old
U00923,Reddit,Reddit Inc.,Discussion forums and communities,Guatemala,299.45,high,False,2024-03-08,904,old
U00924,Threads,Meta,Text-based social networking,United States of America,136.13,medium,False,2020-11-04,2124,old
U00925,Facebook,Meta,Social networking,Slovakia (Slovak Republic),160.65,medium,True,2026-08-13,16,very_new
U00926,WeChat,Tencent,Messaging and social media,Pitcairn Islands,271.58,high,False,2019-09-30,2525,old
U00927,Quora,Quora Inc.,Q&A knowledge sharing,Rwanda,131.87,medium,False,2022-10-03,1426,old
U00928,Reddit,Reddit Inc.,Discussion forums and communities,Haiti,135.35,medium,False,2020-08-30,2190,old
U00929,Threads,Meta,Text-based social networking,Cote d'Ivoire,11.65,low,True,2023-09-27,1067,old
U00930,X (formerly Twitter),X Corp.,Microblogging,Brunei Darussalam,195.45,high,True,2026-08-11,18,very_new
U00931,YouTube,Google,Video sharing,Reunion,56.19,low,True,2019-04-16,2692,old
U00932,Instagram,Meta,Photo and video sharing,Tuvalu,250.44,high,False,2026-05-27,94,new
U00933,Pinterest,Pinterest Inc.,Visual discovery and bookmarking,Cayman Islands,115.27,medium,False,2015-06-20,4088,old
U00934,YouTube,Google,Video sharing,Mauritania,132.21,medium,True,2026-03-10,172,new
U00935,Instagram,Meta,Photo and video sharing,Ireland,14.65,low,True,2017-04-24,3414,old
U00936,TikTok,ByteDance,Short-form videos,Greece,61.18,medium,True,2024-05-20,831,old
U00937,WhatsApp,Meta,Messaging,Algeria,238.66,high,False,2015-11-02,3953,old
U00938,Threads,Meta,Text-based social networking,Saint Lucia,128.29,medium,True,2026-08-10,19,very_new
U00939,LinkedIn,Microsoft,Professional networking,Bouvet Island (Bouvetoya),117.19,medium,False,2021-03-21,1987,old
U00940,Reddit,Reddit Inc.,Discussion forums and communities,Latvia,249.5,high,True,2023-09-30,1064,old
U00941,Threads,Meta,Text-based social networking,Jordan,92.39,medium,True,2026-08-18,11,very_new
U00942,LinkedIn,Microsoft,Professional networking,Sierra Leone,264.86,high,False,2018-08-15,2936,old
U00943,Instagram,Meta,Photo and video sharing,Mauritania,58.53,low,True,2021-02-16,2020,old
U00944,Quora,Quora Inc.,Q&A knowledge sharing,Nauru,285.29,high,False,2026-07-13,47,new
U00945,Snapchat,Snap Inc.,Multimedia messaging,Haiti,204.95,high,False,2017-10-26,3229,old
U00946,Telegram,Telegram FZ LLC,Messaging,Germany,84.94,medium,True,2022-10-19,1410,old
U00947,Facebook,Meta,Social networking,Papua New Guinea,80.12,medium,False,2021-02-03,2033,old
U00948,Instagram,Meta,Photo and video sharing,Saint Helena,57.37,low,False,2018-01-31,3132,old
U00949,Instagram,Meta,Photo and video sharing,Lesotho,43.91,low,True,2017-03-07,3462,old
U00950,WhatsApp,Meta,Messaging,Zimbabwe,31.14,low,True,2022-08-13,1477,old
U00951,LinkedIn,Microsoft,Professional networking,Turkmenistan,284.11,high,False,2020-03-30,2343,old
U00952,Instagram,Meta,Photo and video sharing,Cayman Islands,60.58,medium,True,2019-01-22,2776,old
U00953,Telegram,Telegram FZ LLC,Messaging,Iraq,198.26,high,False,2015-09-18,3998,old
U00954,Facebook,Meta,Social networking,Mexico,287.01,high,True,2026-04-04,147,new
U00955,YouTube,Google,Video sharing,Kazakhstan,137.62,medium,False,2020-04-01,2341,old
U00956,Facebook,Meta,Social networking,Svalbard & Jan Mayen Islands,245.61,high,False,2019-09-09,2546,old
U00957,X (formerly Twitter),X Corp.,Microblogging,Canada,166.84,medium,True,2016-04-01,3802,old
U00958,WeChat,Tencent,Messaging and social media,Canada,159.44,medium,False,2024-01-22,950,old
U00959,TikTok,ByteDance,Short-form videos,Djibouti,90.4,medium,True,2026-04-29,122,new
U00960,Snapchat,Snap Inc.,Multimedia messaging,Somalia,106.81,medium,False,2020-10-20,2139,old
U00961,TikTok,ByteDance,Short-form videos,North Macedonia,121.38,medium,True,2021-03-06,2002,old
U00962,X (formerly Twitter),X Corp.,Microblogging,Monaco,177.87,medium,False,2017-09-16,3269,old
U00963,Facebook,Meta,Social networking,Maldives,169.43,medium,True,2021-06-13,1903,old
U00964,Quora,Quora Inc.,Q&A knowledge sharing,Malta,13.12,low,False,2023-12-03,1000,old
U00965,Snapchat,Snap Inc.,Multimedia messaging,Paraguay,201.22,high,True,2019-07-07,2610,old
U00966,Instagram,Meta,Photo and video sharing,Armenia,252.69,high,False,2026-06-19,71,new
U00967,WeChat,Tencent,Messaging and social media,Antigua and Barbuda,165.99,medium,False,2018-10-27,2863,old
U00968,Quora,Quora Inc.,Q&A knowledge sharing,Samoa,231.33,high,True,2015-12-19,3906,old
U00969,Telegram,Telegram FZ LLC,Messaging,San Marino,199.94,high,True,2026-05-03,118,new
U00970,WeChat,Tencent,Messaging and social media,Korea,167.73,medium,True,2023-08-24,1101,old
U00971,Facebook,Meta,Social networking,Nicaragua,214.81,high,False,2023-03-14,1264,old
U00972,X (formerly Twitter),X Corp.,Microblogging,Vanuatu,43.79,low,True,2025-03-03,544,established
U00973,Reddit,Reddit Inc.,Discussion forums and communities,Luxembourg,73.26,medium,False,2022-11-23,1375,old
U00974,Facebook,Meta,Social networking,Cote d'Ivoire,280.93,high,False,2018-06-24,2988,old
U00975,Pinterest,Pinterest Inc.,Visual discovery and bookmarking,Mauritius,94.0,medium,True,2023-10-23,1041,old
U00976,Quora,Quora Inc.,Q&A knowledge sharing,Guatemala,297.54,high,False,2022-11-02,1396,old
U00977,TikTok,ByteDance,Short-form videos,New Zealand,176.04,medium,True,2022-06-24,1527,old
U00978,Facebook,Meta,Social networking,Slovenia,276.57,high,True,2016-05-08,3765,old
U00979,Snapchat,Snap Inc.,Multimedia messaging,Uzbekistan,9.27,low,True,2024-11-05,662,established
U00980,Pinterest,Pinterest Inc.,Visual discovery and bookmarking,Puerto Rico,254.7,high,True,2021-11-25,1738,old
U00981,Snapchat,Snap Inc.,Multimedia messaging,Liberia,231.57,high,False,2016-03-29,3805,old
U00982,Snapchat,Snap Inc.,Multimedia messaging,Afghanistan,132.06,medium,True,2024-07-30,760,old
U00983,Threads,Meta,Text-based social networking,Vanuatu,209.97,high,False,2016-01-13,3881,old
U00984,WeChat,Tencent,Messaging and social media,Dominica,10.73,low,True,2019-09-10,2545,old
U00985,YouTube,Google,Video sharing,New Caledonia,287.03,high,False,2019-05-24,2654,old
U00986,LinkedIn,Microsoft,Professional networking,Tokelau,90.71,medium,False,2026-03-12,170,new
U00987,WeChat,Tencent,Messaging and social media,Somalia,292.42,high,False,2023-11-15,1018,old
U00988,Facebook,Meta,Social networking,Tuvalu,178.22,medium,True,2018-01-30,3133,old
U00989,Pinterest,Pinterest Inc.,Visual discovery and bookmarking,Honduras,242.75,high,False,2016-10-11,3609,old
U00990,Threads,Meta,Text-based social networking,Venezuela,128.94,medium,True,2021-02-21,2015,old
U00991,WeChat,Tencent,Messaging and social media,Vietnam,24.44,low,False,2022-12-26,1342,old
U00992,Snapchat,Snap Inc.,Multimedia messaging,Isle of Man,109.61,medium,True,2022-12-01,1367,old
U00993,Quora,Quora Inc.,Q&A knowledge sharing,Russian Federation,104.07,medium,False,2017-02-16,3481,old
U00994,Reddit,Reddit Inc.,Discussion forums and communities,Israel,135.66,medium,False,2017-09-13,3272,old
U00995,Telegram,Telegram FZ LLC,Messaging,Saint Vincent and the Grenadines,211.21,high,False,2023-06-15,1171,old
U00996,Telegram,Telegram FZ LLC,Messaging,Guyana,242.94,high,False,2018-08-10,2941,old
U00997,Quora,Quora Inc.,Q&A knowledge sharing,Norway,299.12,high,False,2024-04-19,862,old
U00998,Instagram,Meta,Photo and video sharing,Philippines,175.52,medium,True,2022-04-06,1606,old
U00999,Instagram,Meta,Photo and video sharing,Tokelau,179.82,medium,False,2022-03-20,1623,old
U01000,Instagram,Meta,Photo and video sharing,Gabon,88.74,medium,False,2015-12-27,3898,old
U01001,YouTube,Google,Video sharing,Congo,142.87,medium,True,2015-08-06,4041,old
U01002,Instagram,Meta,Photo and video sharing,Chile,166.08,medium,False,2018-04-02,3071,old
U01003,Telegram,Telegram FZ LLC,Messaging,Suriname,198.54,high,True,2016-09-22,3628,old
U01004,LinkedIn,Microsoft,Professional networking,Croatia,198.73,high,False,2025-04-28,488,established
U01005,YouTube,Google,Video sharing,Guernsey,73.63,medium,True,2026-04-14,137,new
U01006,Facebook,Meta,Social networking,Pakistan,241.42,high,True,2019-07-09,2608,old
U01007,YouTube,Google,Video sharing,Aruba,133.0,medium,True,2016-10-22,3598,old
U01008,Quora,Quora Inc.,Q&A knowledge sharing,Greece,142.86,medium,True,2023-07-17,1139,old
U01009,Threads,Meta,Text-based social networking,Turks and Caicos Islands,145.56,medium,True,2023-08-07,1118,old
U01010,Snapchat,Snap Inc.,Multimedia messaging,Lebanon,229.39,high,False,2024-02-12,929,old
U01011,Pinterest,Pinterest Inc.,Visual discovery and bookmarking,Denmark,66.74,medium,False,2015-05-08,4131,old
U01012,Reddit,Reddit Inc.,Discussion forums and communities,Saint Barthelemy,68.32,medium,True,2015-10-24,3962,old
U01013,Facebook,Meta,Social networking,Bahamas,254.15,high,False,2026-08-23,6,very_new
U01014,WeChat,Tencent,Messaging and social media,Honduras,196.48,high,False,2024-07-19,771,old
U01015,Reddit,Reddit Inc.,Discussion forums and communities,Korea,25.04,low,False,2024-02-04,937,old
U01016,YouTube,Google,Video sharing,Tanzania,213.01,high,False,2020-01-09,2424,old
U01017,Instagram,Meta,Photo and video sharing,New Caledonia,188.13,high,True,2020-03-08,2365,old
U01018,WeChat,Tencent,Messaging and social media,Brunei Darussalam,207.63,high,True,2017-03-19,3450,old
U01019,TikTok,ByteDance,Short-form videos,Dominican Republic,39.73,low,False,2022-03-01,1642,old
U01020,X (formerly Twitter),X Corp.,Microblogging,Croatia,287.27,high,False,2016-08-22,3659,old
U01021,WeChat,Tencent,Messaging and social media,Iraq,140.49,medium,False,2026-04-14,137,new
U01022,Facebook,Meta,Social networking,Italy,230.55,high,True,2016-11-14,3575,old
U01023,X (formerly Twitter),X Corp.,Microblogging,Namibia,277.63,high,True,2026-06-01,89,new
U01024,Reddit,Reddit Inc.,Discussion forums and communities,South Georgia and the South Sandwich Islands,50.24,low,True,2019-06-30,2617,old
U01025,Threads,Meta,Text-based social networking,Mali,178.41,medium,False,2016-07-08,3704,old
U01026,Quora,Quora Inc.,Q&A knowledge sharing,Sao Tome and Principe,273.21,high,True,2026-04-01,150,new
U01027,Instagram,Meta,Photo and video sharing,Kenya,147.22,medium,False,2022-11-13,1385,old
U01028,WhatsApp,Meta,Messaging,Cape Verde,273.08,high,False,2023-10-13,1051,old
U01029,Pinterest,Pinterest Inc.,Visual discovery and bookmarking,Saint Pierre and Miquelon,164.82,medium,False,2017-05-27,3381,old
U01030,Quora,Quora Inc.,Q&A knowledge sharing,Cook Islands,129.11,medium,True,2022-04-12,1600,old
U01031,Quora,Quora Inc.,Q&A knowledge sharing,French Polynesia,242.62,high,True,2023-12-12,991,old
U01032,WhatsApp,Meta,Messaging,Gibraltar,274.87,high,True,2018-06-28,2984,old
U01033,WhatsApp,Meta,Messaging,Norway,45.48,low,True,2022-07-09,1512,old
U01034,YouTube,Google,Video sharing,Norfolk Island,284.52,high,True,2023-11-23,1010,old
U01035,Telegram,Telegram FZ LLC,Messaging,French Guiana,50.2,low,False,2015-07-09,4069,old
U01036,WeChat,Tencent,Messaging and social media,Guatemala,256.11,high,False,2020-11-18,2110,old
U01037,Pinterest,Pinterest Inc.,Visual discovery and bookmarking,United Kingdom,110.54,medium,True,2017-05-30,3378,old
U01038,Instagram,Meta,Photo and video sharing,El Salvador,95.63,medium,False,2026-03-06,176,new
U01039,Facebook,Meta,Social networking,Botswana,245.27,high,False,2026-08-18,11,very_new
U01040,Facebook,Meta,Social networking,Armenia,268.41,high,True,2026-08-10,19,very_new
U01041,Instagram,Meta,Photo and video sharing,Western Sahara,138.57,medium,False,2021-07-18,1868,old
U01042,WhatsApp,Meta,Messaging,Puerto Rico,104.33,medium,False,2026-06-09,81,new
U01043,Telegram,Telegram FZ LLC,Messaging,Lesotho,72.85,medium,False,2020-08-14,2206,old
U01044,Quora,Quora Inc.,Q&A knowledge sharing,Ethiopia,220.09,high,True,2017-03-08,3461,old
U01045,Quora,Quora Inc.,Q&A knowledge sharing,Poland,132.92,medium,False,2015-05-04,4135,old
U01046,LinkedIn,Microsoft,Professional networking,Singapore,74.48,medium,True,2022-05-12,1570,old
U01047,Facebook,Meta,Social networking,Ukraine,171.88,medium,True,2019-03-09,2730,old
U01048,LinkedIn,Microsoft,Professional networking,Niger,226.4,high,False,2020-06-04,2277,old
U01049,TikTok,ByteDance,Short-form videos,Brazil,114.8,medium,True,2026-08-20,9,very_new
U01050,TikTok,ByteDance,Short-form videos,Seychelles,55.71,low,True,2022-12-30,1338,old
U01051,Instagram,Meta,Photo and video sharing,Netherlands,170.46,medium,False,2021-09-03,1821,old
U01052,WhatsApp,Meta,Messaging,Dominican Republic,299.89,high,False,2026-08-01,28,very_new
U01053,YouTube,Google,Video sharing,El Salvador,124.96,medium,True,2018-10-19,2871,old
U01054,X (formerly Twitter),X Corp.,Microblogging,Botswana,221.42,high,False,2025-01-23,583,established
U01055,Threads,Meta,Text-based social networking,Anguilla,142.49,medium,False,2026-03-23,159,new
U01056,TikTok,ByteDance,Short-form videos,Luxembourg,148.87,medium,False,2016-07-25,3687,old
U01057,Instagram,Meta,Photo and video sharing,Dominica,112.81,medium,True,2026-04-14,137,new
U01058,X (formerly Twitter),X Corp.,Microblogging,Gambia,167.55,medium,False,2022-09-08,1451,old
U01059,X (formerly Twitter),X Corp.,Microblogging,Indonesia,254.23,high,True,2017-09-21,3264,old
U01060,Threads,Meta,Text-based social networking,Romania,298.39,high,False,2021-07-10,1876,old
U01061,WeChat,Tencent,Messaging and social media,Lithuania,116.84,medium,True,2026-03-11,171,new
U01062,YouTube,Google,Video sharing,Bahamas,12.15,low,True,2026-05-20,101,new
U01063,Reddit,Reddit Inc.,Discussion forums and communities,San Marino,296.2,high,True,2024-06-27,793,old
U01064,Instagram,Meta,Photo and video sharing,San Marino,5.31,low,True,2018-10-16,2874,old
U01065,Telegram,Telegram FZ LLC,Messaging,Albania,182.13,high,False,2016-06-03,3739,old
U01066,WeChat,Tencent,Messaging and social media,Trinidad and Tobago,243.52,high,False,2023-08-08,1117,old
U01067,Facebook,Meta,Social networking,Fiji,93.84,medium,True,2024-08-10,749,old
U01068,WhatsApp,Meta,Messaging,Bermuda,216.03,high,True,2024-04-18,863,old
U01069,LinkedIn,Microsoft,Professional networking,Peru,219.1,high,False,2018-03-03,3101,old
U01070,WeChat,Tencent,Messaging and social media,Chad,18.89,low,False,2018-04-25,3048,old
U01071,YouTube,Google,Video sharing,Puerto Rico,15.18,low,True,2018-10-21,2869,old
U01072,Threads,Meta,Text-based social networking,Egypt,210.49,high,False,2023-10-14,1050,old
U01073,Instagram,Meta,Photo and video sharing,Somalia,257.26,high,True,2015-12-15,3910,old
U01074,Threads,Meta,Text-based social networking,Iceland,119.79,medium,True,2015-07-10,4068,old
U01075,Threads,Meta,Text-based social networking,Israel,197.59,high,False,2022-05-19,1563,old
U01076,YouTube,Google,Video sharing,Argentina,176.76,medium,False,2026-05-20,101,new
U01077,LinkedIn,Microsoft,Professional networking,Kyrgyz Republic,139.66,medium,False,2022-11-09,1389,old
U01078,Telegram,Telegram FZ LLC,Messaging,Latvia,139.57,medium,True,2019-07-17,2600,old
U01079,YouTube,Google,Video sharing,Vanuatu,281.47,high,True,2023-11-11,1022,old
U01080,Instagram,Meta,Photo and video sharing,Puerto Rico,220.93,high,False,2023-11-09,1024,old
U01081,WeChat,Tencent,Messaging and social media,France,150.2,medium,True,2016-04-18,3785,old
U01082,Quora,Quora Inc.,Q&A knowledge sharing,Georgia,89.04,medium,True,2026-08-10,19,very_new
U01083,WhatsApp,Meta,Messaging,Fiji,94.23,medium,True,2020-12-30,2068,old
U01084,Reddit,Reddit Inc.,Discussion forums and communities,Malaysia,90.02,medium,True,2019-11-27,2467,old
U01085,Pinterest,Pinterest Inc.,Visual discovery and bookmarking,Monaco,133.89,medium,False,2021-09-30,1794,old
U01086,X (formerly Twitter),X Corp.,Microblogging,Malawi,27.9,low,False,2026-05-21,100,new
U01087,Telegram,Telegram FZ LLC,Messaging,Brunei Darussalam,135.27,medium,True,2022-08-09,1481,old
U01088,Facebook,Meta,Social networking,Japan,211.1,high,False,2017-08-08,3308,old
U01089,Telegram,Telegram FZ LLC,Messaging,Sierra Leone,127.35,medium,False,2023-01-15,1322,old
U01090,Quora,Quora Inc.,Q&A knowledge sharing,Gambia,87.42,medium,True,2026-05-06,115,new
U01091,YouTube,Google,Video sharing,Qatar,200.86,high,True,2016-01-01,3893,old
U01092,X (formerly Twitter),X Corp.,Microblogging,Singapore,112.57,medium,False,2017-03-19,3450,old
U01093,TikTok,ByteDance,Short-form videos,Northern Mariana Islands,245.36,high,False,2024-12-31,606,established
U01094,Facebook,Meta,Social networking,Timor-Leste,159.56,medium,False,2020-08-05,2215,old
U01095,X (formerly Twitter),X Corp.,Microblogging,Jamaica,52.15,low,True,2016-09-16,3634,old
U01096,Facebook,Meta,Social networking,Western Sahara,153.37,medium,True,2026-03-10,172,new
U01097,X (formerly Twitter),X Corp.,Microblogging,British Indian Ocean Territory (Chagos Archipelago),114.74,medium,True,2023-04-02,1245,old
U01098,X (formerly Twitter),X Corp.,Microblogging,Antarctica (the territory South of 60 deg S),16.07,low,False,2015-05-08,4131,old
U01099,WeChat,Tencent,Messaging and social media,New Caledonia,28.13,low,True,2023-04-15,1232,old
U01100,WhatsApp,Meta,Messaging,Sudan,106.03,medium,True,2023-09-02,1092,old
U01101,Facebook,Meta,Social networking,French Guiana,18.96,low,False,2020-08-10,2210,old
U01102,Quora,Quora Inc.,Q&A knowledge sharing,Sao Tome and Principe,281.16,high,True,2017-04-27,3411,old
U01103,Snapchat,Snap Inc.,Multimedia messaging,Armenia,21.59,low,True,2021-07-03,1883,old
U01104,Reddit,Reddit Inc.,Discussion forums and communities,Rwanda,94.85,medium,False,2019-12-11,2453,old
U01105,WeChat,Tencent,Messaging and social media,Italy,21.55,low,True,2017-08-18,3298,old
U01106,Reddit,Reddit Inc.,Discussion forums and communities,Cameroon,77.98,medium,True,2023-04-26,1221,old
U01107,Telegram,Telegram FZ LLC,Messaging,Bangladesh,130.99,medium,True,2016-06-21,3721,old
U01108,Facebook,Meta,Social networking,Heard Island and McDonald Islands,168.63,medium,False,2015-05-06,4133,old
U01109,TikTok,ByteDance,Short-form videos,Madagascar,53.74,low,True,2023-04-17,1230,old
U01110,Threads,Meta,Text-based social networking,Serbia,299.71,high,False,2016-12-09,3550,old
U01111,Snapchat,Snap Inc.,Multimedia messaging,Svalbard & Jan Mayen Islands,42.93,low,True,2019-10-07,2518,old
U01112,Pinterest,Pinterest Inc.,Visual discovery and bookmarking,Equatorial Guinea,208.59,high,True,2020-07-01,2250,old
U01113,Facebook,Meta,Social networking,Greece,9.61,low,False,2024-07-13,777,old
U01114,YouTube,Google,Video sharing,Andorra,229.39,high,False,2023-12-08,995,old
U01115,Quora,Quora Inc.,Q&A knowledge sharing,Uzbekistan,254.14,high,False,2019-09-07,2548,old
U01116,Facebook,Meta,Social networking,Solomon Islands,244.07,high,True,2023-03-06,1272,old
U01117,LinkedIn,Microsoft,Professional networking,Jersey,252.33,high,False,2016-02-12,3851,old
U01118,WhatsApp,Meta,Messaging,Guyana,79.22,medium,False,2018-11-25,2834,old
U01119,Pinterest,Pinterest Inc.,Visual discovery and bookmarking,Latvia,75.31,medium,False,2021-06-09,1907,old
U01120,LinkedIn,Microsoft,Professional networking,Vietnam,41.83,low,True,2024-01-19,953,old
U01121,Pinterest,Pinterest Inc.,Visual discovery and bookmarking,Uganda,255.84,high,True,2022-01-17,1685,old
U01122,YouTube,Google,Video sharing,Italy,70.54,medium,True,2024-06-03,817,old
U01123,X (formerly Twitter),X Corp.,Microblogging,Hungary,262.99,high,True,2017-02-24,3473,old
U01124,Telegram,Telegram FZ LLC,Messaging,Turks and Caicos Islands,213.46,high,True,2026-07-14,46,new
U01125,YouTube,Google,Video sharing,Kenya,209.2,high,True,2026-08-04,25,very_new
U01126,Threads,Meta,Text-based social networking,North Macedonia,210.24,high,True,2020-01-20,2413,old
U01127,YouTube,Google,Video sharing,Lebanon,107.3,medium,False,2026-08-13,16,very_new
U01128,LinkedIn,Microsoft,Professional networking,Bahamas,38.07,low,True,2026-04-17,134,new
U01129,WhatsApp,Meta,Messaging,Uganda,271.29,high,False,2022-12-29,1339,old
U01130,Pinterest,Pinterest Inc.,Visual discovery and bookmarking,Lesotho,101.01,medium,True,2016-03-19,3815,old
U01131,Telegram,Telegram FZ LLC,Messaging,Kenya,80.87,medium,True,2026-06-12,78,new
U01132,TikTok,ByteDance,Short-form videos,Wallis and Futuna,22.91,low,False,2018-07-19,2963,old
U01133,TikTok,ByteDance,Short-form videos,Canada,298.09,high,True,2026-08-27,2,very_new
U01134,Instagram,Meta,Photo and video sharing,Mayotte,75.32,medium,True,2019-07-18,2599,old
U01135,Reddit,Reddit Inc.,Discussion forums and communities,Aruba,237.43,high,True,2023-10-28,1036,old
U01136,Snapchat,Snap Inc.,Multimedia messaging,Togo,113.85,medium,True,2023-10-16,1048,old
U01137,Snapchat,Snap Inc.,Multimedia messaging,Svalbard & Jan Mayen Islands,177.81,medium,True,2026-08-10,19,very_new
U01138,Reddit,Reddit Inc.,Discussion forums and communities,Albania,14.55,low,True,2018-08-25,2926,old
U01139,WeChat,Tencent,Messaging and social media,Mali,61.24,medium,False,2021-02-12,2024,old
U01140,TikTok,ByteDance,Short-form videos,Switzerland,86.55,medium,False,2019-12-04,2460,old
U01141,X (formerly Twitter),X Corp.,Microblogging,Serbia,76.6,medium,True,2026-03-29,153,new
U01142,Reddit,Reddit Inc.,Discussion forums and communities,Libyan Arab Jamahiriya,155.35,medium,True,2022-07-07,1514,old
U01143,YouTube,Google,Video sharing,Maldives,20.34,low,True,2017-05-24,3384,old
U01144,WhatsApp,Meta,Messaging,Lao People's Democratic Republic,210.06,high,False,2024-07-23,767,old
U01145,TikTok,ByteDance,Short-form videos,Fiji,248.01,high,False,2021-02-05,2031,old
U01146,WeChat,Tencent,Messaging and social media,Fiji,278.22,high,True,2018-02-10,3122,old
U01147,YouTube,Google,Video sharing,Falkland Islands (Malvinas),145.72,medium,False,2016-10-03,3617,old
U01148,WeChat,Tencent,Messaging and social media,Austria,205.68,high,True,2018-09-25,2895,old
U01149,Facebook,Meta,Social networking,Micronesia,112.29,medium,False,2018-09-08,2912,old
U01150,YouTube,Google,Video sharing,Nicaragua,291.07,high,True,2015-06-09,4099,old
U01151,Threads,Meta,Text-based social networking,Korea,28.45,low,False,2026-03-24,158,new
U01152,LinkedIn,Microsoft,Professional networking,Fiji,86.79,medium,False,2018-01-19,3144,old
U01153,TikTok,ByteDance,Short-form videos,Iceland,211.47,high,True,2022-01-28,1674,old
U01154,Telegram,Telegram FZ LLC,Messaging,Sweden,96.22,medium,False,2019-11-20,2474,old
U01155,Pinterest,Pinterest Inc.,Visual discovery and bookmarking,Timor-Leste,292.8,high,False,2019-04-29,2679,old
U01156,Reddit,Reddit Inc.,Discussion forums and communities,Cote d'Ivoire,179.01,medium,False,2021-12-04,1729,old
U01157,WeChat,Tencent,Messaging and social media,Maldives,201.4,high,True,2017-04-27,3411,old
U01158,YouTube,Google,Video sharing,Guinea-Bissau,85.58,medium,False,2024-03-14,898,old
U01159,X (formerly Twitter),X Corp.,Microblogging,Dominican Republic,178.52,medium,True,2022-06-27,1524,old
U01160,LinkedIn,Microsoft,Professional networking,Guinea,280.16,high,True,2026-05-16,105,new
U01161,LinkedIn,Microsoft,Professional networking,Norway,259.68,high,False,2020-10-09,2150,old
U01162,X (formerly Twitter),X Corp.,Microblogging,Svalbard & Jan Mayen Islands,132.44,medium,True,2021-08-06,1849,old
U01163,TikTok,ByteDance,Short-form videos,Cote d'Ivoire,241.28,high,True,2023-08-24,1101,old
U01164,Quora,Quora Inc.,Q&A knowledge sharing,Albania,203.41,high,True,2015-09-03,4013,old
U01165,Telegram,Telegram FZ LLC,Messaging,United States Minor Outlying Islands,264.09,high,True,2026-07-19,41,new
U01166,Quora,Quora Inc.,Q&A knowledge sharing,Djibouti,123.06,medium,True,2024-10-29,669,established
U01167,Pinterest,Pinterest Inc.,Visual discovery and bookmarking,Wallis and Futuna,120.19,medium,False,2016-03-19,3815,old
U01168,Threads,Meta,Text-based social networking,Spain,88.9,medium,False,2020-07-25,2226,old
U01169,LinkedIn,Microsoft,Professional networking,Tanzania,154.27,medium,True,2020-04-28,2314,old
U01170,Quora,Quora Inc.,Q&A knowledge sharing,Ireland,181.62,high,True,2026-05-13,108,new
U01171,YouTube,Google,Video sharing,Sweden,283.24,high,False,2019-08-21,2565,old
U01172,Telegram,Telegram FZ LLC,Messaging,Bermuda,124.79,medium,True,2026-08-18,11,very_new
U01173,Instagram,Meta,Photo and video sharing,Bermuda,79.29,medium,True,2019-02-20,2747,old
U01174,Threads,Meta,Text-based social networking,Bosnia and Herzegovina,13.57,low,False,2020-10-30,2129,old
U01175,Threads,Meta,Text-based social networking,Papua New Guinea,43.59,low,True,2022-08-03,1487,old
U01176,Reddit,Reddit Inc.,Discussion forums and communities,Luxembourg,107.15,medium,False,2020-06-07,2274,old
U01177,Quora,Quora Inc.,Q&A knowledge sharing,Ghana,47.9,low,False,2018-03-31,3073,old
U01178,Facebook,Meta,Social networking,Belgium,144.56,medium,False,2023-07-03,1153,old
U01179,Pinterest,Pinterest Inc.,Visual discovery and bookmarking,United Kingdom,105.51,medium,False,2020-02-23,2379,old
U01180,Quora,Quora Inc.,Q&A knowledge sharing,Gabon,115.41,medium,False,2016-06-10,3732,old
U01181,Snapchat,Snap Inc.,Multimedia messaging,United Arab Emirates,39.52,low,False,2016-04-20,3783,old
U01182,Threads,Meta,Text-based social networking,Colombia,132.67,medium,True,2021-11-19,1744,old
U01183,LinkedIn,Microsoft,Professional networking,Turkey,95.47,medium,False,2024-11-14,653,established
U01184,Threads,Meta,Text-based social networking,Argentina,72.95,medium,False,2024-07-19,771,old
U01185,TikTok,ByteDance,Short-form videos,Chile,52.57,low,True,2024-08-04,755,old
U01186,Reddit,Reddit Inc.,Discussion forums and communities,Argentina,237.07,high,True,2018-08-08,2943,old
U01187,Snapchat,Snap Inc.,Multimedia messaging,Madagascar,214.25,high,False,2023-06-14,1172,old
U01188,X (formerly Twitter),X Corp.,Microblogging,Zambia,175.1,medium,False,2020-07-09,2242,old
U01189,WeChat,Tencent,Messaging and social media,Norfolk Island,191.52,high,True,2019-02-06,2761,old
U01190,Telegram,Telegram FZ LLC,Messaging,Falkland Islands (Malvinas),17.46,low,False,2025-03-12,535,established
U01191,LinkedIn,Microsoft,Professional networking,Switzerland,105.59,medium,False,2018-03-23,3081,old
U01192,Reddit,Reddit Inc.,Discussion forums and communities,Jersey,87.41,medium,False,2021-09-02,1822,old
U01193,LinkedIn,Microsoft,Professional networking,Turkey,32.55,low,False,2016-04-26,3777,old
U01194,Reddit,Reddit Inc.,Discussion forums and communities,Oman,286.78,high,False,2021-11-28,1735,old
U01195,WeChat,Tencent,Messaging and social media,Guadeloupe,144.22,medium,False,2019-08-02,2584,old
U01196,WhatsApp,Meta,Messaging,Anguilla,237.3,high,True,2018-09-20,2900,old
U01197,LinkedIn,Microsoft,Professional networking,Mexico,28.16,low,True,2024-09-29,699,established
U01198,Threads,Meta,Text-based social networking,Bulgaria,237.42,high,True,2026-06-09,81,new
U01199,Reddit,Reddit Inc.,Discussion forums and communities,Norway,279.23,high,False,2016-05-31,3742,old
U01200,X (formerly Twitter),X Corp.,Microblogging,South Africa,47.22,low,True,2023-06-07,1179,old
U01201,Snapchat,Snap Inc.,Multimedia messaging,Albania,12.88,low,False,2024-07-29,761,old
U01202,Reddit,Reddit Inc.,Discussion forums and communities,Antigua and Barbuda,39.49,low,True,2015-06-09,4099,old
U01203,Facebook,Meta,Social networking,Benin,231.12,high,True,2021-04-07,1970,old
U01204,Quora,Quora Inc.,Q&A knowledge sharing,Pakistan,238.44,high,True,2026-03-28,154,new
U01205,Telegram,Telegram FZ LLC,Messaging,Cook Islands,31.69,low,False,2016-10-20,3600,old
U01206,Quora,Quora Inc.,Q&A knowledge sharing,Mali,233.75,high,True,2018-01-08,3155,old
U01207,X (formerly Twitter),X Corp.,Microblogging,Guernsey,156.48,medium,True,2015-09-20,3996,old
U01208,LinkedIn,Microsoft,Professional networking,Palestinian Territory,13.14,low,False,2024-12-21,616,established
U01209,Instagram,Meta,Photo and video sharing,Cameroon,245.37,high,True,2017-05-02,3406,old
U01210,TikTok,ByteDance,Short-form videos,Botswana,294.33,high,True,2020-07-24,2227,old
U01211,TikTok,ByteDance,Short-form videos,Greenland,103.75,medium,False,2022-12-30,1338,old
U01212,LinkedIn,Microsoft,Professional networking,Botswana,41.68,low,True,2018-03-04,3100,old
U01213,Pinterest,Pinterest Inc.,Visual discovery and bookmarking,Tunisia,216.04,high,False,2017-03-19,3450,old
U01214,Reddit,Reddit Inc.,Discussion forums and communities,Bhutan,51.75,low,False,2022-07-15,1506,old
U01215,WhatsApp,Meta,Messaging,Guadeloupe,137.19,medium,True,2021-04-25,1952,old
U01216,TikTok,ByteDance,Short-form videos,Kyrgyz Republic,164.85,medium,False,2017-05-14,3394,old
U01217,Quora,Quora Inc.,Q&A knowledge sharing,Kiribati,70.56,medium,True,2024-02-02,939,old
U01218,Quora,Quora Inc.,Q&A knowledge sharing,Sweden,23.17,low,False,2023-01-11,1326,old
U01219,Instagram,Meta,Photo and video sharing,Mongolia,69.9,medium,True,2019-11-30,2464,old
U01220,Reddit,Reddit Inc.,Discussion forums and communities,Belize,201.95,high,False,2020-06-22,2259,old
U01221,WhatsApp,Meta,Messaging,Georgia,47.11,low,True,2024-07-22,768,old
U01222,TikTok,ByteDance,Short-form videos,Haiti,35.36,low,False,2023-02-17,1289,old
U01223,LinkedIn,Microsoft,Professional networking,Brazil,51.88,low,True,2026-05-28,93,new
U01224,Quora,Quora Inc.,Q&A knowledge sharing,Portugal,214.72,high,False,2026-08-21,8,very_new
U01225,Facebook,Meta,Social networking,Holy See (Vatican City State),212.66,high,False,2017-02-07,3490,old
U01226,Instagram,Meta,Photo and video sharing,Algeria,168.5,medium,True,2020-05-21,2291,old
U01227,Quora,Quora Inc.,Q&A knowledge sharing,Jersey,47.87,low,True,2023-06-22,1164,old
U01228,WhatsApp,Meta,Messaging,Slovenia,125.91,medium,False,2024-04-15,866,old
U01229,Facebook,Meta,Social networking,Martinique,137.92,medium,True,2016-02-27,3836,old
U01230,WeChat,Tencent,Messaging and social media,Mauritius,159.92,medium,True,2018-04-25,3048,old
U01231,LinkedIn,Microsoft,Professional networking,Thailand,87.09,medium,False,2021-06-22,1894,old
U01232,YouTube,Google,Video sharing,Guinea,182.79,high,True,2024-05-03,848,old
U01233,Reddit,Reddit Inc.,Discussion forums and communities,United States Minor Outlying Islands,170.72,medium,True,2018-11-10,2849,old
U01234,TikTok,ByteDance,Short-form videos,Dominica,249.57,high,False,2022-07-19,1502,old
U01235,Snapchat,Snap Inc.,Multimedia messaging,Saint Pierre and Miquelon,136.09,medium,True,2021-09-14,1810,old
U01236,Threads,Meta,Text-based social networking,Cook Islands,223.94,high,True,2016-04-13,3790,old
U01237,LinkedIn,Microsoft,Professional networking,Cambodia,20.05,low,False,2022-07-09,1512,old
U01238,Telegram,Telegram FZ LLC,Messaging,Greenland,126.86,medium,True,2015-07-04,4074,old
U01239,X (formerly Twitter),X Corp.,Microblogging,Malaysia,225.65,high,True,2018-09-17,2903,old
U01240,Snapchat,Snap Inc.,Multimedia messaging,Syrian Arab Republic,220.25,high,True,2016-06-07,3735,old
U01241,Telegram,Telegram FZ LLC,Messaging,Malaysia,151.09,medium,True,2020-06-30,2251,old
U01242,YouTube,Google,Video sharing,Senegal,281.69,high,True,2022-06-10,1541,old
U01243,Threads,Meta,Text-based social networking,Central African Republic,131.46,medium,True,2021-01-15,2052,old
U01244,Snapchat,Snap Inc.,Multimedia messaging,Malaysia,166.19,medium,False,2022-07-16,1505,old
U01245,Reddit,Reddit Inc.,Discussion forums and communities,Honduras,148.34,medium,True,2022-01-11,1691,old
U01246,Threads,Meta,Text-based social networking,Iraq,166.98,medium,False,2016-08-03,3678,old
U01247,Snapchat,Snap Inc.,Multimedia messaging,Libyan Arab Jamahiriya,255.99,high,False,2019-11-11,2483,old
U01248,Snapchat,Snap Inc.,Multimedia messaging,Bangladesh,119.63,medium,False,2019-09-26,2529,old
U01249,Pinterest,Pinterest Inc.,Visual discovery and bookmarking,Albania,246.69,high,True,2023-05-06,1211,old
U01250,Facebook,Meta,Social networking,Sweden,128.52,medium,True,2023-08-01,1124,old
U01251,LinkedIn,Microsoft,Professional networking,Saint Vincent and the Grenadines,143.55,medium,False,2023-08-13,1112,old
U01252,Instagram,Meta,Photo and video sharing,Malta,63.33,medium,True,2022-01-05,1697,old
U01253,Telegram,Telegram FZ LLC,Messaging,Nepal,180.6,high,False,2016-09-28,3622,old
U01254,Instagram,Meta,Photo and video sharing,Rwanda,197.99,high,True,2022-12-18,1350,old
U01255,Instagram,Meta,Photo and video sharing,Falkland Islands (Malvinas),265.21,high,True,2019-10-30,2495,old
U01256,Quora,Quora Inc.,Q&A knowledge sharing,French Guiana,105.72,medium,True,2026-08-19,10,very_new
U01257,Threads,Meta,Text-based social networking,Cameroon,240.13,high,True,2026-08-07,22,very_new
U01258,Pinterest,Pinterest Inc.,Visual discovery and bookmarking,Egypt,109.15,medium,True,2016-06-20,3722,old
U01259,X (formerly Twitter),X Corp.,Microblogging,British Indian Ocean Territory (Chagos Archipelago),209.14,high,False,2020-09-14,2175,old
U01260,X (formerly Twitter),X Corp.,Microblogging,Isle of Man,192.7,high,True,2018-05-11,3032,old
U01261,X (formerly Twitter),X Corp.,Microblogging,Peru,49.98,low,False,2022-05-06,1576,old
U01262,LinkedIn,Microsoft,Professional networking,Cayman Islands,190.01,high,False,2023-07-23,1133,old
U01263,Telegram,Telegram FZ LLC,Messaging,Sierra Leone,171.36,medium,False,2021-07-09,1877,old
U01264,Quora,Quora Inc.,Q&A knowledge sharing,Ethiopia,111.2,medium,True,2019-05-04,2674,old
U01265,Pinterest,Pinterest Inc.,Visual discovery and bookmarking,Jordan,88.35,medium,True,2025-03-03,544,established
U01266,WhatsApp,Meta,Messaging,Estonia,46.74,low,True,2022-08-10,1480,old
U01267,Threads,Meta,Text-based social networking,Cyprus,291.83,high,True,2022-02-22,1649,old
U01268,LinkedIn,Microsoft,Professional networking,Monaco,71.49,medium,True,2023-01-06,1331,old
U01269,Pinterest,Pinterest Inc.,Visual discovery and bookmarking,Korea,215.55,high,True,2026-08-01,28,very_new
U01270,Facebook,Meta,Social networking,Ukraine,98.07,medium,False,2016-11-18,3571,old
U01271,WeChat,Tencent,Messaging and social media,Bosnia and Herzegovina,193.78,high,False,2019-01-06,2792,old
U01272,Snapchat,Snap Inc.,Multimedia messaging,Belize,108.27,medium,True,2026-06-04,86,new
U01273,WhatsApp,Meta,Messaging,Kiribati,272.74,high,False,2024-02-16,925,old
U01274,TikTok,ByteDance,Short-form videos,Romania,231.85,high,False,2016-08-24,3657,old
U01275,Pinterest,Pinterest Inc.,Visual discovery and bookmarking,Palau,144.79,medium,False,2019-05-20,2658,old
U01276,Reddit,Reddit Inc.,Discussion forums and communities,Sierra Leone,169.51,medium,False,2015-05-17,4122,old
U01277,YouTube,Google,Video sharing,Angola,49.68,low,True,2024-06-10,810,old
U01278,YouTube,Google,Video sharing,Micronesia,267.74,high,False,2026-08-26,3,very_new
U01279,Telegram,Telegram FZ LLC,Messaging,Cuba,180.98,high,True,2021-10-07,1787,old
U01280,Reddit,Reddit Inc.,Discussion forums and communities,Sri Lanka,60.64,medium,False,2026-08-02,27,very_new
U01281,X (formerly Twitter),X Corp.,Microblogging,Thailand,27.78,low,True,2026-07-06,54,new
U01282,Instagram,Meta,Photo and video sharing,Italy,196.51,high,True,2017-02-12,3485,old
U01283,Reddit,Reddit Inc.,Discussion forums and communities,Cambodia,130.0,medium,True,2021-10-29,1765,old
U01284,WhatsApp,Meta,Messaging,Saint Lucia,24.84,low,False,2019-11-16,2478,old
U01285,Pinterest,Pinterest Inc.,Visual discovery and bookmarking,New Caledonia,101.16,medium,False,2020-08-06,2214,old
U01286,Telegram,Telegram FZ LLC,Messaging,Togo,123.87,medium,True,2017-09-18,3267,old
U01287,WeChat,Tencent,Messaging and social media,Christmas Island,292.66,high,True,2019-12-27,2437,old
U01288,Telegram,Telegram FZ LLC,Messaging,Liberia,215.88,high,True,2015-08-08,4039,old
U01289,Snapchat,Snap Inc.,Multimedia messaging,Estonia,95.92,medium,True,2026-08-27,2,very_new
U01290,Snapchat,Snap Inc.,Multimedia messaging,Madagascar,141.62,medium,True,2016-12-07,3552,old
U01291,WeChat,Tencent,Messaging and social media,Honduras,207.34,high,False,2022-10-31,1398,old
U01292,WhatsApp,Meta,Messaging,Saint Lucia,193.0,high,False,2026-06-28,62,new
U01293,Quora,Quora Inc.,Q&A knowledge sharing,Slovakia (Slovak Republic),160.72,medium,True,2020-10-31,2128,old
U01294,Telegram,Telegram FZ LLC,Messaging,Japan,276.84,high,True,2022-05-03,1579,old
U01295,Reddit,Reddit Inc.,Discussion forums and communities,United Arab Emirates,96.84,medium,True,2015-05-09,4130,old
U01296,Pinterest,Pinterest Inc.,Visual discovery and bookmarking,Suriname,11.45,low,False,2020-07-05,2246,old
U01297,Snapchat,Snap Inc.,Multimedia messaging,Georgia,287.93,high,False,2022-05-13,1569,old
U01298,Threads,Meta,Text-based social networking,Sierra Leone,280.66,high,True,2020-11-08,2120,old
U01299,X (formerly Twitter),X Corp.,Microblogging,North Macedonia,9.27,low,False,2022-08-23,1467,old
U01300,Quora,Quora Inc.,Q&A knowledge sharing,Belgium,279.46,high,True,2022-04-08,1604,old
U01301,TikTok,ByteDance,Short-form videos,Uzbekistan,168.57,medium,False,2018-02-06,3126,old
U01302,Snapchat,Snap Inc.,Multimedia messaging,Turkmenistan,112.59,medium,False,2019-04-27,2681,old
U01303,Instagram,Meta,Photo and video sharing,Rwanda,40.15,low,True,2018-01-04,3159,old
U01304,LinkedIn,Microsoft,Professional networking,Mexico,133.37,medium,False,2015-07-04,4074,old
U01305,Quora,Quora Inc.,Q&A knowledge sharing,Congo,166.44,medium,True,2026-03-20,162,new
U01306,Threads,Meta,Text-based social networking,China,241.41,high,True,2017-05-05,3403,old
U01307,TikTok,ByteDance,Short-form videos,Vanuatu,216.44,high,True,2019-07-17,2600,old
U01308,Telegram,Telegram FZ LLC,Messaging,Sao Tome and Principe,203.34,high,False,2015-05-25,4114,old
U01309,Reddit,Reddit Inc.,Discussion forums and communities,Montserrat,67.83,medium,True,2020-07-01,2250,old
U01310,Quora,Quora Inc.,Q&A knowledge sharing,Moldova,7.68,low,True,2023-08-17,1108,old
U01311,Pinterest,Pinterest Inc.,Visual discovery and bookmarking,Niger,232.78,high,False,2017-05-19,3389,old
U01312,Reddit,Reddit Inc.,Discussion forums and communities,Puerto Rico,128.21,medium,False,2024-04-12,869,old
U01313,Reddit,Reddit Inc.,Discussion forums and communities,Taiwan,30.71,low,False,2026-06-01,89,new
U01314,Quora,Quora Inc.,Q&A knowledge sharing,Papua New Guinea,124.26,medium,True,2017-04-05,3433,old
U01315,WeChat,Tencent,Messaging and social media,Singapore,62.01,medium,True,2021-08-23,1832,old
U01316,Instagram,Meta,Photo and video sharing,Portugal,257.15,high,True,2026-08-10,19,very_new
U01317,Pinterest,Pinterest Inc.,Visual discovery and bookmarking,China,130.64,medium,False,2026-06-28,62,new
U01318,Telegram,Telegram FZ LLC,Messaging,United States Minor Outlying Islands,128.96,medium,True,2020-06-16,2265,old
U01319,WhatsApp,Meta,Messaging,Mongolia,191.71,high,True,2021-01-01,2066,old
U01320,YouTube,Google,Video sharing,Vanuatu,228.52,high,False,2023-04-11,1236,old
U01321,TikTok,ByteDance,Short-form videos,Taiwan,232.42,high,False,2022-12-04,1364,old
U01322,Telegram,Telegram FZ LLC,Messaging,Tuvalu,115.65,medium,True,2020-03-07,2366,old
U01323,Telegram,Telegram FZ LLC,Messaging,Djibouti,42.67,low,False,2024-12-27,610,established
U01324,Threads,Meta,Text-based social networking,Sweden,241.14,high,False,2018-05-30,3013,old
U01325,LinkedIn,Microsoft,Professional networking,El Salvador,136.74,medium,False,2023-05-31,1186,old
U01326,Instagram,Meta,Photo and video sharing,Taiwan,210.74,high,False,2019-12-30,2434,old
U01327,Quora,Quora Inc.,Q&A knowledge sharing,Uganda,33.14,low,False,2024-04-08,873,old
U01328,LinkedIn,Microsoft,Professional networking,Costa Rica,196.69,high,True,2018-09-03,2917,old
U01329,X (formerly Twitter),X Corp.,Microblogging,Greenland,52.21,low,False,2026-07-04,56,new
U01330,Instagram,Meta,Photo and video sharing,Niger,58.47,low,False,2023-11-09,1024,old
U01331,Threads,Meta,Text-based social networking,United States Minor Outlying Islands,176.47,medium,True,2019-06-07,2640,old
U01332,LinkedIn,Microsoft,Professional networking,Uzbekistan,142.87,medium,False,2017-06-04,3373,old
U01333,WeChat,Tencent,Messaging and social media,Singapore,287.74,high,False,2022-01-07,1695,old
U01334,WhatsApp,Meta,Messaging,France,105.18,medium,True,2017-06-13,3364,old
U01335,TikTok,ByteDance,Short-form videos,Liechtenstein,299.06,high,False,2019-11-11,2483,old
U01336,Quora,Quora Inc.,Q&A knowledge sharing,Sierra Leone,296.54,high,False,2024-06-29,791,old
U01337,Quora,Quora Inc.,Q&A knowledge sharing,Switzerland,222.14,high,True,2022-03-10,1633,old
U01338,Pinterest,Pinterest Inc.,Visual discovery and bookmarking,Hong Kong,254.15,high,False,2021-12-16,1717,old
U01339,WeChat,Tencent,Messaging and social media,Cameroon,43.98,low,False,2020-06-09,2272,old
U01340,Facebook,Meta,Social networking,Guinea,174.53,medium,True,2020-04-18,2324,old
U01341,Facebook,Meta,Social networking,France,56.09,low,True,2020-02-02,2400,old
U01342,WhatsApp,Meta,Messaging,Honduras,209.57,high,False,2017-03-11,3458,old
U01343,WhatsApp,Meta,Messaging,Pitcairn Islands,266.68,high,False,2018-01-21,3142,old
U01344,YouTube,Google,Video sharing,Guernsey,260.9,high,False,2021-01-13,2054,old
U01345,YouTube,Google,Video sharing,Algeria,104.28,medium,True,2026-08-01,28,very_new
U01346,Pinterest,Pinterest Inc.,Visual discovery and bookmarking,Iceland,47.96,low,True,2021-08-15,1840,old
U01347,Quora,Quora Inc.,Q&A knowledge sharing,Greenland,67.42,medium,False,2021-06-01,1915,old
U01348,Telegram,Telegram FZ LLC,Messaging,Turkey,58.38,low,False,2016-10-26,3594,old
U01349,LinkedIn,Microsoft,Professional networking,Saint Vincent and the Grenadines,25.21,low,False,2018-03-21,3083,old
U01350,TikTok,ByteDance,Short-form videos,Uganda,128.44,medium,False,2024-06-27,793,old
U01351,Instagram,Meta,Photo and video sharing,Tunisia,14.52,low,True,2024-11-10,657,established
U01352,Facebook,Meta,Social networking,Malaysia,248.87,high,True,2017-09-22,3263,old
U01353,WhatsApp,Meta,Messaging,Jordan,203.41,high,True,2024-01-20,952,old
U01354,TikTok,ByteDance,Short-form videos,San Marino,172.56,medium,True,2026-04-05,146,new
U01355,Pinterest,Pinterest Inc.,Visual discovery and bookmarking,Sierra Leone,226.49,high,True,2019-01-07,2791,old
U01356,Pinterest,Pinterest Inc.,Visual discovery and bookmarking,Greece,221.38,high,True,2026-03-16,166,new
U01357,Reddit,Reddit Inc.,Discussion forums and communities,South Georgia and the South Sandwich Islands,85.62,medium,False,2015-09-26,3990,old
U01358,WhatsApp,Meta,Messaging,Ethiopia,28.82,low,True,2026-05-26,95,new
U01359,LinkedIn,Microsoft,Professional networking,Botswana,169.24,medium,True,2018-05-06,3037,old
U01360,Instagram,Meta,Photo and video sharing,Eritrea,144.25,medium,False,2019-10-29,2496,old
U01361,WhatsApp,Meta,Messaging,Cook Islands,58.19,low,False,2016-10-24,3596,old
U01362,YouTube,Google,Video sharing,Slovenia,15.53,low,False,2022-10-01,1428,old
U01363,WeChat,Tencent,Messaging and social media,Guadeloupe,255.81,high,True,2022-06-24,1527,old
U01364,Pinterest,Pinterest Inc.,Visual discovery and bookmarking,Bouvet Island (Bouvetoya),251.1,high,False,2026-04-15,136,new
U01365,Telegram,Telegram FZ LLC,Messaging,France,208.76,high,False,2017-05-18,3390,old
U01366,Threads,Meta,Text-based social networking,Germany,56.9,low,False,2022-02-11,1660,old
U01367,Facebook,Meta,Social networking,Cuba,176.94,medium,True,2020-03-17,2356,old
U01368,Threads,Meta,Text-based social networking,Cape Verde,221.66,high,False,2021-01-25,2042,old
U01369,WeChat,Tencent,Messaging and social media,Armenia,89.96,medium,True,2026-04-28,123,new
U01370,Telegram,Telegram FZ LLC,Messaging,Chad,88.52,medium,True,2016-04-09,3794,old
U01371,Quora,Quora Inc.,Q&A knowledge sharing,Tajikistan,18.09,low,True,2023-12-05,998,old
U01372,WhatsApp,Meta,Messaging,Spain,61.4,medium,True,2020-09-23,2166,old
U01373,Snapchat,Snap Inc.,Multimedia messaging,Pakistan,200.44,high,False,2024-04-18,863,old
U01374,Threads,Meta,Text-based social networking,Montenegro,116.95,medium,False,2024-07-27,763,old
U01375,Pinterest,Pinterest Inc.,Visual discovery and bookmarking,Namibia,223.17,high,False,2015-08-31,4016,old
U01376,Snapchat,Snap Inc.,Multimedia messaging,Solomon Islands,114.4,medium,True,2017-09-06,3279,old
U01377,WeChat,Tencent,Messaging and social media,Austria,295.96,high,False,2018-02-26,3106,old
U01378,Telegram,Telegram FZ LLC,Messaging,Sierra Leone,168.95,medium,True,2020-02-26,2376,old
U01379,Snapchat,Snap Inc.,Multimedia messaging,Australia,91.15,medium,False,2016-08-04,3677,old
U01380,Instagram,Meta,Photo and video sharing,Bermuda,69.43,medium,False,2024-12-21,616,established
U01381,WhatsApp,Meta,Messaging,Uganda,178.26,medium,False,2019-06-10,2637,old
U01382,WhatsApp,Meta,Messaging,Afghanistan,291.43,high,True,2018-10-31,2859,old
U01383,WhatsApp,Meta,Messaging,United Kingdom,70.21,medium,True,2020-07-19,2232,old
U01384,Pinterest,Pinterest Inc.,Visual discovery and bookmarking,French Southern Territories,126.58,medium,True,2019-02-24,2743,old
U01385,Quora,Quora Inc.,Q&A knowledge sharing,Tunisia,90.42,medium,True,2021-11-19,1744,old
U01386,Snapchat,Snap Inc.,Multimedia messaging,Ecuador,160.71,medium,False,2018-03-30,3074,old
U01387,Telegram,Telegram FZ LLC,Messaging,Sri Lanka,278.0,high,True,2023-01-18,1319,old
U01388,Facebook,Meta,Social networking,Pakistan,214.21,high,True,2021-12-09,1724,old
U01389,WhatsApp,Meta,Messaging,Taiwan,220.38,high,True,2024-08-10,749,old
U01390,LinkedIn,Microsoft,Professional networking,Sweden,55.04,low,False,2022-06-03,1548,old
U01391,Instagram,Meta,Photo and video sharing,Angola,255.75,high,False,2021-11-20,1743,old
U01392,Snapchat,Snap Inc.,Multimedia messaging,Malta,46.79,low,True,2016-11-08,3581,old
U01393,Facebook,Meta,Social networking,Slovakia (Slovak Republic),133.46,medium,True,2024-03-07,905,old
U01394,WhatsApp,Meta,Messaging,Guinea-Bissau,63.38,medium,False,2019-06-11,2636,old
U01395,Threads,Meta,Text-based social networking,Suriname,113.19,medium,False,2015-05-24,4115,old
U01396,Snapchat,Snap Inc.,Multimedia messaging,Japan,148.82,medium,True,2019-10-01,2524,old
U01397,Instagram,Meta,Photo and video sharing,Belize,48.36,low,True,2017-09-14,3271,old
U01398,X (formerly Twitter),X Corp.,Microblogging,Haiti,174.59,medium,True,2021-12-12,1721,old
U01399,LinkedIn,Microsoft,Professional networking,Kenya,140.78,medium,False,2023-03-27,1251,old
U01400,TikTok,ByteDance,Short-form videos,Tunisia,230.78,high,False,2018-07-13,2969,old
U01401,Instagram,Meta,Photo and video sharing,Burkina Faso,157.71,medium,False,2025-04-27,489,established
U01402,Instagram,Meta,Photo and video sharing,Argentina,90.51,medium,True,2018-05-01,3042,old
U01403,WhatsApp,Meta,Messaging,Martinique,66.86,medium,False,2015-11-04,3951,old
U01404,WhatsApp,Meta,Messaging,Qatar,156.83,medium,False,2025-01-03,603,established
U01405,Quora,Quora Inc.,Q&A knowledge sharing,Moldova,40.57,low,False,2016-11-04,3585,old
U01406,Reddit,Reddit Inc.,Discussion forums and communities,Marshall Islands,215.32,high,False,2020-01-01,2432,old
U01407,Facebook,Meta,Social networking,Guinea,245.41,high,True,2016-03-07,3827,old
U01408,Snapchat,Snap Inc.,Multimedia messaging,Eritrea,223.41,high,True,2022-11-16,1382,old
U01409,Facebook,Meta,Social networking,United States Virgin Islands,148.52,medium,True,2017-11-15,3209,old
U01410,LinkedIn,Microsoft,Professional networking,Cook Islands,224.79,high,False,2019-09-27,2528,old
U01411,YouTube,Google,Video sharing,Iran,197.15,high,False,2026-08-17,12,very_new
U01412,Telegram,Telegram FZ LLC,Messaging,Heard Island and McDonald Islands,58.36,low,False,2021-04-04,1973,old
U01413,Facebook,Meta,Social networking,Estonia,239.77,high,True,2019-10-28,2497,old
U01414,YouTube,Google,Video sharing,Guinea-Bissau,66.03,medium,False,2019-12-21,2443,old
U01415,Instagram,Meta,Photo and video sharing,China,288.56,high,False,2016-07-23,3689,old
U01416,Quora,Quora Inc.,Q&A knowledge sharing,Chad,226.06,high,False,2018-05-17,3026,old
U01417,Quora,Quora Inc.,Q&A knowledge sharing,Puerto Rico,30.8,low,False,2019-12-22,2442,old
U01418,Facebook,Meta,Social networking,Bosnia and Herzegovina,102.66,medium,False,2016-01-17,3877,old
U01419,TikTok,ByteDance,Short-form videos,Sweden,146.97,medium,True,2024-02-19,922,old
U01420,Instagram,Meta,Photo and video sharing,Sierra Leone,212.34,high,False,2017-09-25,3260,old
U01421,Reddit,Reddit Inc.,Discussion forums and communities,Denmark,257.83,high,False,2024-07-09,781,old
U01422,Pinterest,Pinterest Inc.,Visual discovery and bookmarking,Dominican Republic,55.96,low,False,2021-02-23,2013,old
U01423,Instagram,Meta,Photo and video sharing,Panama,181.18,high,True,2024-05-26,825,old
U01424,Reddit,Reddit Inc.,Discussion forums and communities,Heard Island and McDonald Islands,191.92,high,True,2018-02-12,3120,old
U01425,LinkedIn,Microsoft,Professional networking,Ukraine,141.37,medium,False,2015-05-28,4111,old
U01426,WhatsApp,Meta,Messaging,Belarus,67.08,medium,False,2022-05-22,1560,old
U01427,Pinterest,Pinterest Inc.,Visual discovery and bookmarking,Indonesia,264.04,high,True,2021-02-12,2024,old
U01428,Snapchat,Snap Inc.,Multimedia messaging,Moldova,207.44,high,True,2025-02-25,550,established
U01429,Quora,Quora Inc.,Q&A knowledge sharing,Oman,5.41,low,True,2021-07-10,1876,old
U01430,X (formerly Twitter),X Corp.,Microblogging,Norfolk Island,33.75,low,False,2015-09-01,4015,old
U01431,Facebook,Meta,Social networking,Guam,10.2,low,False,2026-04-27,124,new
U01432,Quora,Quora Inc.,Q&A knowledge sharing,Cape Verde,258.22,high,True,2023-02-13,1293,old
U01433,WeChat,Tencent,Messaging and social media,Belgium,218.36,high,False,2017-01-14,3514,old
U01434,Snapchat,Snap Inc.,Multimedia messaging,Jamaica,245.28,high,False,2026-05-05,116,new
U01435,Reddit,Reddit Inc.,Discussion forums and communities,Slovakia (Slovak Republic),163.37,medium,True,2017-06-18,3359,old
U01436,Telegram,Telegram FZ LLC,Messaging,Mali,88.99,medium,False,2017-05-20,3388,old
U01437,Pinterest,Pinterest Inc.,Visual discovery and bookmarking,Bulgaria,91.2,medium,True,2016-03-31,3803,old
U01438,X (formerly Twitter),X Corp.,Microblogging,Belarus,5.37,low,True,2019-07-26,2591,old
U01439,Telegram,Telegram FZ LLC,Messaging,Albania,231.09,high,False,2018-05-04,3039,old
U01440,Facebook,Meta,Social networking,Finland,124.85,medium,True,2022-06-02,1549,old
U01441,WeChat,Tencent,Messaging and social media,Nepal,96.53,medium,True,2024-06-05,815,old
U01442,Instagram,Meta,Photo and video sharing,Cook Islands,296.29,high,False,2017-01-23,3505,old
U01443,Quora,Quora Inc.,Q&A knowledge sharing,Tonga,27.14,low,True,2020-05-19,2293,old
U01444,Reddit,Reddit Inc.,Discussion forums and communities,Bhutan,149.81,medium,False,2018-08-29,2922,old
U01445,Telegram,Telegram FZ LLC,Messaging,Reunion,198.39,high,False,2016-08-21,3660,old
U01446,YouTube,Google,Video sharing,Mozambique,289.41,high,False,2026-07-21,39,new
U01447,WhatsApp,Meta,Messaging,Heard Island and McDonald Islands,32.33,low,True,2019-03-15,2724,old
U01448,X (formerly Twitter),X Corp.,Microblogging,Switzerland,267.28,high,True,2023-09-28,1066,old
U01449,Threads,Meta,Text-based social networking,Malaysia,60.29,medium,False,2024-07-27,763,old
U01450,Telegram,Telegram FZ LLC,Messaging,Gabon,81.8,medium,False,2024-11-13,654,established
U01451,Snapchat,Snap Inc.,Multimedia messaging,Norway,275.57,high,True,2019-03-13,2726,old
U01452,Reddit,Reddit Inc.,Discussion forums and communities,Nicaragua,52.92,low,False,2025-02-07,568,established
U01453,Reddit,Reddit Inc.,Discussion forums and communities,Egypt,226.54,high,True,2019-12-02,2462,old
U01454,Reddit,Reddit Inc.,Discussion forums and communities,North Macedonia,298.82,high,True,2026-05-06,115,new
U01455,Quora,Quora Inc.,Q&A knowledge sharing,Tajikistan,225.95,high,True,2022-07-08,1513,old
U01456,Pinterest,Pinterest Inc.,Visual discovery and bookmarking,French Guiana,73.12,medium,True,2020-11-28,2100,old
U01457,X (formerly Twitter),X Corp.,Microblogging,Bahamas,131.41,medium,True,2015-05-12,4127,old
U01458,Snapchat,Snap Inc.,Multimedia messaging,Peru,178.46,medium,False,2018-04-23,3050,old
U01459,Threads,Meta,Text-based social networking,Cuba,290.87,high,False,2018-07-14,2968,old
U01460,YouTube,Google,Video sharing,Eritrea,160.52,medium,True,2018-10-21,2869,old
U01461,X (formerly Twitter),X Corp.,Microblogging,Suriname,52.83,low,True,2026-07-11,49,new
U01462,Reddit,Reddit Inc.,Discussion forums and communities,Latvia,66.76,medium,True,2026-06-06,84,new
U01463,Instagram,Meta,Photo and video sharing,Greece,109.35,medium,True,2021-10-02,1792,old
U01464,WeChat,Tencent,Messaging and social media,Anguilla,250.26,high,True,2026-05-18,103,new
U01465,Pinterest,Pinterest Inc.,Visual discovery and bookmarking,Namibia,50.19,low,True,2026-08-15,14,very_new
U01466,Threads,Meta,Text-based social networking,Botswana,249.7,high,True,2026-07-29,31,new
U01467,Quora,Quora Inc.,Q&A knowledge sharing,Cocos (Keeling) Islands,260.25,high,False,2022-04-29,1583,old
U01468,Threads,Meta,Text-based social networking,Holy See (Vatican City State),124.15,medium,True,2026-06-29,61,new
U01469,YouTube,Google,Video sharing,Malaysia,15.26,low,True,2020-02-11,2391,old
U01470,Quora,Quora Inc.,Q&A knowledge sharing,Guatemala,35.28,low,False,2023-04-22,1225,old
U01471,LinkedIn,Microsoft,Professional networking,Uruguay,154.66,medium,False,2024-06-02,818,old
U01472,X (formerly Twitter),X Corp.,Microblogging,Korea,204.61,high,False,2019-11-19,2475,old
U01473,Pinterest,Pinterest Inc.,Visual discovery and bookmarking,Uzbekistan,78.88,medium,False,2019-11-27,2467,old
U01474,YouTube,Google,Video sharing,Norway,173.39,medium,False,2020-04-29,2313,old
U01475,Telegram,Telegram FZ LLC,Messaging,Anguilla,178.38,medium,False,2023-10-17,1047,old
U01476,X (formerly Twitter),X Corp.,Microblogging,Turkey,284.09,high,True,2026-08-14,15,very_new
U01477,YouTube,Google,Video sharing,Antarctica (the territory South of 60 deg S),171.49,medium,False,2016-06-28,3714,old
U01478,TikTok,ByteDance,Short-form videos,Aruba,164.54,medium,False,2022-07-27,1494,old
U01479,Pinterest,Pinterest Inc.,Visual discovery and bookmarking,Germany,282.99,high,False,2018-03-12,3092,old
U01480,WeChat,Tencent,Messaging and social media,Hong Kong,175.24,medium,True,2020-03-25,2348,old
U01481,Threads,Meta,Text-based social networking,Finland,274.33,high,True,2019-05-09,2669,old
U01482,Pinterest,Pinterest Inc.,Visual discovery and bookmarking,Libyan Arab Jamahiriya,108.23,medium,True,2020-03-28,2345,old
U01483,Reddit,Reddit Inc.,Discussion forums and communities,Turks and Caicos Islands,265.97,high,False,2025-01-24,582,established
U01484,LinkedIn,Microsoft,Professional networking,Guam,199.11,high,True,2026-06-13,77,new
U01485,YouTube,Google,Video sharing,Bahamas,53.03,low,True,2024-03-23,889,old
U01486,TikTok,ByteDance,Short-form videos,Vietnam,55.36,low,True,2022-08-27,1463,old
U01487,WeChat,Tencent,Messaging and social media,Bulgaria,42.21,low,False,2017-08-22,3294,old
U01488,Threads,Meta,Text-based social networking,Samoa,129.63,medium,True,2022-12-06,1362,old
U01489,WeChat,Tencent,Messaging and social media,Czech Republic,93.06,medium,False,2016-08-09,3672,old
U01490,Threads,Meta,Text-based social networking,Dominican Republic,55.2,low,False,2016-07-06,3706,old
U01491,Threads,Meta,Text-based social networking,Gabon,247.17,high,False,2021-09-22,1802,old
U01492,X (formerly Twitter),X Corp.,Microblogging,Nigeria,160.28,medium,True,2022-01-12,1690,old
U01493,WhatsApp,Meta,Messaging,Reunion,183.49,high,True,2019-07-16,2601,old
U01494,TikTok,ByteDance,Short-form videos,Burundi,31.38,low,True,2024-08-31,728,established
U01495,Snapchat,Snap Inc.,Multimedia messaging,Guadeloupe,294.91,high,True,2018-07-02,2980,old
U01496,Pinterest,Pinterest Inc.,Visual discovery and bookmarking,Antigua and Barbuda,276.62,high,True,2022-09-07,1452,old
U01497,Telegram,Telegram FZ LLC,Messaging,Austria,212.98,high,False,2024-04-05,876,old
U01498,X (formerly Twitter),X Corp.,Microblogging,Greece,144.37,medium,False,2018-12-16,2813,old
U01499,LinkedIn,Microsoft,Professional networking,Jamaica,245.54,high,True,2015-11-27,3928,old
U01500,Threads,Meta,Text-based social networking,Guam,7.41,low,False,2019-05-01,2677,old
U01501,LinkedIn,Microsoft,Professional networking,Mayotte,157.18,medium,True,2018-04-12,3061,old
U01502,Instagram,Meta,Photo and video sharing,Niue,159.35,medium,False,2026-07-02,58,new
U01503,Telegram,Telegram FZ LLC,Messaging,Monaco,298.38,high,True,2015-12-30,3895,old
U01504,Facebook,Meta,Social networking,Svalbard & Jan Mayen Islands,174.62,medium,False,2026-04-30,121,new
U01505,Quora,Quora Inc.,Q&A knowledge sharing,Angola,231.81,high,True,2026-07-06,54,new
U01506,Threads,Meta,Text-based social networking,Italy,131.4,medium,True,2015-08-09,4038,old
U01507,WeChat,Tencent,Messaging and social media,Botswana,284.8,high,False,2022-11-30,1368,old
U01508,WhatsApp,Meta,Messaging,Czech Republic,30.51,low,False,2015-12-03,3922,old
U01509,Telegram,Telegram FZ LLC,Messaging,United States Virgin Islands,241.32,high,True,2026-08-02,27,very_new
U01510,Reddit,Reddit Inc.,Discussion forums and communities,Oman,236.16,high,True,2019-04-05,2703,old
U01511,Threads,Meta,Text-based social networking,Netherlands,299.49,high,False,2026-03-29,153,new
U01512,Facebook,Meta,Social networking,Trinidad and Tobago,271.39,high,False,2018-10-28,2862,old
U01513,WhatsApp,Meta,Messaging,Luxembourg,90.09,medium,True,2026-07-23,37,new
U01514,LinkedIn,Microsoft,Professional networking,Saint Lucia,206.21,high,True,2017-03-01,3468,old
U01515,WhatsApp,Meta,Messaging,Israel,196.0,high,True,2024-10-02,696,established
U01516,Quora,Quora Inc.,Q&A knowledge sharing,Cayman Islands,219.4,high,True,2018-07-06,2976,old
U01517,Threads,Meta,Text-based social networking,Georgia,104.05,medium,False,2026-03-28,154,new
U01518,TikTok,ByteDance,Short-form videos,Finland,218.09,high,True,2016-04-02,3801,old
U01519,LinkedIn,Microsoft,Professional networking,Albania,247.68,high,False,2022-01-24,1678,old
U01520,WhatsApp,Meta,Messaging,North Macedonia,215.6,high,True,2021-01-12,2055,old
U01521,Instagram,Meta,Photo and video sharing,Afghanistan,62.56,medium,False,2026-07-18,42,new
U01522,Snapchat,Snap Inc.,Multimedia messaging,Bahrain,239.58,high,True,2020-05-08,2304,old
U01523,Threads,Meta,Text-based social networking,Senegal,295.37,high,True,2026-07-02,58,new
U01524,Instagram,Meta,Photo and video sharing,Philippines,213.29,high,False,2019-12-07,2457,old
U01525,Reddit,Reddit Inc.,Discussion forums and communities,Morocco,159.77,medium,False,2024-06-03,817,old
U01526,X (formerly Twitter),X Corp.,Microblogging,Estonia,52.65,low,True,2017-08-29,3287,old
U01527,Quora,Quora Inc.,Q&A knowledge sharing,Slovakia (Slovak Republic),158.82,medium,True,2020-01-30,2403,old
U01528,X (formerly Twitter),X Corp.,Microblogging,Sri Lanka,187.81,high,True,2019-01-16,2782,old
U01529,WhatsApp,Meta,Messaging,Heard Island and McDonald Islands,223.85,high,True,2026-05-06,115,new
U01530,WeChat,Tencent,Messaging and social media,Lebanon,144.28,medium,True,2022-11-26,1372,old
U01531,Facebook,Meta,Social networking,Egypt,65.42,medium,True,2023-03-22,1256,old
U01532,Threads,Meta,Text-based social networking,Paraguay,57.25,low,False,2024-01-22,950,old
U01533,WhatsApp,Meta,Messaging,Western Sahara,94.34,medium,False,2019-11-03,2491,old
U01534,Reddit,Reddit Inc.,Discussion forums and communities,Saint Lucia,164.25,medium,True,2016-05-06,3767,old
U01535,TikTok,ByteDance,Short-form videos,Belize,78.87,medium,False,2018-05-07,3036,old
U01536,Pinterest,Pinterest Inc.,Visual discovery and bookmarking,Canada,122.53,medium,True,2020-02-03,2399,old
U01537,LinkedIn,Microsoft,Professional networking,North Macedonia,69.45,medium,False,2022-01-24,1678,old
U01538,LinkedIn,Microsoft,Professional networking,Romania,285.95,high,False,2019-01-05,2793,old
U01539,LinkedIn,Microsoft,Professional networking,Pakistan,266.72,high,False,2024-06-21,799,old
U01540,LinkedIn,Microsoft,Professional networking,Canada,36.64,low,False,2019-02-04,2763,old
U01541,Pinterest,Pinterest Inc.,Visual discovery and bookmarking,Philippines,155.65,medium,True,2026-08-21,8,very_new
U01542,Instagram,Meta,Photo and video sharing,Maldives,30.47,low,False,2015-09-26,3990,old
U01543,Threads,Meta,Text-based social networking,Tuvalu,130.5,medium,False,2022-03-13,1630,old
U01544,Threads,Meta,Text-based social networking,Peru,80.96,medium,False,2021-06-29,1887,old
U01545,WeChat,Tencent,Messaging and social media,Wallis and Futuna,159.85,medium,True,2023-05-13,1204,old
U01546,Snapchat,Snap Inc.,Multimedia messaging,Korea,158.14,medium,True,2018-06-08,3004,old
U01547,LinkedIn,Microsoft,Professional networking,Liberia,289.73,high,True,2026-08-04,25,very_new
U01548,Telegram,Telegram FZ LLC,Messaging,Cambodia,216.28,high,True,2024-01-06,966,old
U01549,Quora,Quora Inc.,Q&A knowledge sharing,Hungary,238.44,high,False,2020-02-29,2373,old
U01550,Pinterest,Pinterest Inc.,Visual discovery and bookmarking,Ghana,233.35,high,False,2017-11-04,3220,old
U01551,YouTube,Google,Video sharing,Nicaragua,208.66,high,True,2022-02-21,1650,old
U01552,Instagram,Meta,Photo and video sharing,Mongolia,41.5,low,True,2022-12-28,1340,old
U01553,LinkedIn,Microsoft,Professional networking,Wallis and Futuna,152.61,medium,True,2015-06-12,4096,old
U01554,YouTube,Google,Video sharing,Uruguay,41.69,low,False,2017-09-21,3264,old
U01555,X (formerly Twitter),X Corp.,Microblogging,Ethiopia,264.34,high,True,2018-04-27,3046,old
U01556,YouTube,Google,Video sharing,Nicaragua,22.02,low,True,2016-06-22,3720,old
U01557,WeChat,Tencent,Messaging and social media,Mexico,204.17,high,False,2019-06-23,2624,old
U01558,TikTok,ByteDance,Short-form videos,Hong Kong,34.08,low,False,2023-11-01,1032,old
U01559,Quora,Quora Inc.,Q&A knowledge sharing,Saudi Arabia,188.44,high,True,2017-09-26,3259,old
U01560,Telegram,Telegram FZ LLC,Messaging,Hong Kong,267.47,high,True,2023-08-16,1109,old
U01561,Telegram,Telegram FZ LLC,Messaging,French Southern Territories,84.69,medium,False,2022-06-30,1521,old
U01562,Threads,Meta,Text-based social networking,Taiwan,221.96,high,False,2021-12-14,1719,old
U01563,Snapchat,Snap Inc.,Multimedia messaging,Lithuania,284.98,high,True,2023-05-20,1197,old
U01564,WeChat,Tencent,Messaging and social media,Korea,57.54,low,False,2019-04-28,2680,old
U01565,Threads,Meta,Text-based social networking,Afghanistan,227.85,high,True,2024-04-29,852,old
U01566,Snapchat,Snap Inc.,Multimedia messaging,Serbia,215.28,high,True,2016-12-28,3531,old
U01567,TikTok,ByteDance,Short-form videos,Croatia,76.89,medium,False,2026-05-31,90,new
U01568,X (formerly Twitter),X Corp.,Microblogging,Madagascar,16.03,low,False,2026-04-15,136,new
U01569,Instagram,Meta,Photo and video sharing,Guernsey,268.13,high,True,2023-12-25,978,old
U01570,Threads,Meta,Text-based social networking,Czech Republic,244.57,high,True,2018-09-12,2908,old
U01571,Reddit,Reddit Inc.,Discussion forums and communities,Spain,243.9,high,False,2024-09-08,720,established
U01572,Threads,Meta,Text-based social networking,Rwanda,14.55,low,True,2018-03-15,3089,old
U01573,Quora,Quora Inc.,Q&A knowledge sharing,Egypt,274.22,high,False,2020-12-04,2094,old
U01574,WeChat,Tencent,Messaging and social media,Gibraltar,136.96,medium,True,2021-04-26,1951,old
U01575,Quora,Quora Inc.,Q&A knowledge sharing,Christmas Island,263.14,high,True,2022-09-29,1430,old
U01576,WhatsApp,Meta,Messaging,Greenland,197.82,high,False,2023-10-05,1059,old
U01577,Facebook,Meta,Social networking,Lithuania,57.51,low,True,2024-08-02,757,old
U01578,Telegram,Telegram FZ LLC,Messaging,Uruguay,87.83,medium,True,2015-12-16,3909,old
U01579,LinkedIn,Microsoft,Professional networking,Jordan,5.26,low,False,2026-08-05,24,very_new
U01580,TikTok,ByteDance,Short-form videos,New Zealand,12.78,low,True,2022-07-02,1519,old
U01581,Reddit,Reddit Inc.,Discussion forums and communities,Lao People's Democratic Republic,220.46,high,False,2023-01-15,1322,old
U01582,Pinterest,Pinterest Inc.,Visual discovery and bookmarking,Italy,92.86,medium,False,2022-12-17,1351,old
U01583,WhatsApp,Meta,Messaging,Gambia,228.11,high,True,2026-06-14,76,new
U01584,Instagram,Meta,Photo and video sharing,Bahamas,289.37,high,True,2022-10-17,1412,old
U01585,Reddit,Reddit Inc.,Discussion forums and communities,Saint Pierre and Miquelon,56.71,low,False,2015-06-10,4098,old
U01586,Reddit,Reddit Inc.,Discussion forums and communities,Bouvet Island (Bouvetoya),120.02,medium,True,2023-06-28,1158,old
U01587,Reddit,Reddit Inc.,Discussion forums and communities,Norway,94.3,medium,False,2021-01-16,2051,old
U01588,X (formerly Twitter),X Corp.,Microblogging,Malawi,279.73,high,False,2026-08-27,2,very_new
U01589,Facebook,Meta,Social networking,Bolivia,201.39,high,False,2026-04-09,142,new
U01590,YouTube,Google,Video sharing,Montserrat,143.41,medium,False,2016-09-18,3632,old
U01591,Pinterest,Pinterest Inc.,Visual discovery and bookmarking,Tajikistan,297.94,high,True,2017-12-16,3178,old
U01592,Instagram,Meta,Photo and video sharing,Equatorial Guinea,75.53,medium,True,2024-08-19,740,old
U01593,Facebook,Meta,Social networking,Micronesia,101.69,medium,False,2022-09-04,1455,old
U01594,Threads,Meta,Text-based social networking,Azerbaijan,265.09,high,False,2023-09-15,1079,old
U01595,Telegram,Telegram FZ LLC,Messaging,Palau,258.11,high,True,2026-06-27,63,new
U01596,Pinterest,Pinterest Inc.,Visual discovery and bookmarking,Senegal,248.42,high,True,2016-06-08,3734,old
U01597,Quora,Quora Inc.,Q&A knowledge sharing,Eritrea,136.94,medium,True,2018-09-04,2916,old
U01598,Telegram,Telegram FZ LLC,Messaging,El Salvador,124.02,medium,True,2016-10-30,3590,old
U01599,LinkedIn,Microsoft,Professional networking,Chile,201.43,high,True,2022-03-12,1631,old
U01600,Threads,Meta,Text-based social networking,Marshall Islands,105.19,medium,True,2021-04-10,1967,old
U01601,WeChat,Tencent,Messaging and social media,Norway,227.32,high,False,2019-12-10,2454,old
U01602,Snapchat,Snap Inc.,Multimedia messaging,Israel,61.84,medium,True,2016-05-13,3760,old
U01603,WeChat,Tencent,Messaging and social media,Sao Tome and Principe,167.8,medium,False,2015-10-19,3967,old
U01604,YouTube,Google,Video sharing,Nicaragua,255.72,high,False,2026-08-16,13,very_new
U01605,X (formerly Twitter),X Corp.,Microblogging,Northern Mariana Islands,243.71,high,False,2016-10-12,3608,old
U01606,Pinterest,Pinterest Inc.,Visual discovery and bookmarking,Georgia,291.94,high,True,2017-08-04,3312,old
U01607,YouTube,Google,Video sharing,Singapore,20.96,low,False,2020-08-27,2193,old
U01608,TikTok,ByteDance,Short-form videos,Bahrain,128.55,medium,False,2017-10-14,3241,old
U01609,WeChat,Tencent,Messaging and social media,Australia,272.41,high,False,2017-02-12,3485,old
U01610,Facebook,Meta,Social networking,Kazakhstan,147.33,medium,True,2018-10-24,2866,old
U01611,WeChat,Tencent,Messaging and social media,Antarctica (the territory South of 60 deg S),177.81,medium,False,2022-05-24,1558,old
U01612,Facebook,Meta,Social networking,Burkina Faso,128.9,medium,False,2021-05-15,1932,old
U01613,WeChat,Tencent,Messaging and social media,Holy See (Vatican City State),20.9,low,False,2021-10-07,1787,old
U01614,TikTok,ByteDance,Short-form videos,Brunei Darussalam,56.64,low,True,2017-06-13,3364,old
U01615,Instagram,Meta,Photo and video sharing,Guinea,13.1,low,False,2018-07-26,2956,old
U01616,Pinterest,Pinterest Inc.,Visual discovery and bookmarking,Costa Rica,150.52,medium,False,2026-04-05,146,new
U01617,WeChat,Tencent,Messaging and social media,Iran,72.48,medium,False,2017-08-16,3300,old
U01618,Pinterest,Pinterest Inc.,Visual discovery and bookmarking,Niue,203.92,high,True,2020-01-13,2420,old
U01619,WhatsApp,Meta,Messaging,Namibia,31.95,low,False,2019-01-16,2782,old
U01620,Facebook,Meta,Social networking,Falkland Islands (Malvinas),62.4,medium,False,2024-04-04,877,old
U01621,Instagram,Meta,Photo and video sharing,Saint Vincent and the Grenadines,297.17,high,True,2026-05-11,110,new
U01622,LinkedIn,Microsoft,Professional networking,Belgium,171.78,medium,False,2023-12-09,994,old
U01623,Telegram,Telegram FZ LLC,Messaging,Spain,267.78,high,True,2019-04-27,2681,old
U01624,X (formerly Twitter),X Corp.,Microblogging,Christmas Island,28.65,low,True,2017-10-12,3243,old
U01625,TikTok,ByteDance,Short-form videos,Cuba,21.92,low,True,2022-06-15,1536,old
U01626,TikTok,ByteDance,Short-form videos,Italy,121.66,medium,False,2022-11-14,1384,old
U01627,YouTube,Google,Video sharing,Slovakia (Slovak Republic),65.07,medium,True,2018-05-07,3036,old
U01628,Snapchat,Snap Inc.,Multimedia messaging,Armenia,186.36,high,False,2019-02-22,2745,old
U01629,WeChat,Tencent,Messaging and social media,Guernsey,40.57,low,True,2024-07-24,766,old
U01630,Reddit,Reddit Inc.,Discussion forums and communities,Uruguay,40.28,low,False,2024-04-17,864,old
U01631,Telegram,Telegram FZ LLC,Messaging,Anguilla,203.91,high,False,2015-12-16,3909,old
U01632,WhatsApp,Meta,Messaging,Brunei Darussalam,290.29,high,True,2023-03-02,1276,old
U01633,Snapchat,Snap Inc.,Multimedia messaging,Kyrgyz Republic,172.11,medium,True,2017-11-07,3217,old
U01634,Threads,Meta,Text-based social networking,Slovakia (Slovak Republic),204.4,high,True,2021-04-07,1970,old
U01635,Reddit,Reddit Inc.,Discussion forums and communities,Kuwait,188.26,high,True,2023-12-02,1001,old
U01636,Snapchat,Snap Inc.,Multimedia messaging,Benin,171.77,medium,True,2018-11-23,2836,old
U01637,Reddit,Reddit Inc.,Discussion forums and communities,Mayotte,181.26,high,False,2024-01-16,956,old
U01638,Telegram,Telegram FZ LLC,Messaging,Tonga,297.25,high,True,2024-12-27,610,established
U01639,TikTok,ByteDance,Short-form videos,Cuba,249.11,high,True,2017-11-13,3211,old
U01640,Snapchat,Snap Inc.,Multimedia messaging,Australia,196.07,high,True,2016-12-26,3533,old
U01641,Pinterest,Pinterest Inc.,Visual discovery and bookmarking,Tunisia,294.06,high,False,2015-12-14,3911,old
U01642,Facebook,Meta,Social networking,Korea,249.72,high,True,2019-07-28,2589,old
U01643,WhatsApp,Meta,Messaging,Germany,185.82,high,True,2026-07-01,59,new
U01644,WhatsApp,Meta,Messaging,Romania,21.72,low,False,2026-05-03,118,new
U01645,Facebook,Meta,Social networking,Bolivia,235.7,high,False,2018-06-02,3010,old
U01646,Instagram,Meta,Photo and video sharing,San Marino,82.65,medium,True,2017-12-25,3169,old
U01647,Telegram,Telegram FZ LLC,Messaging,Guadeloupe,113.51,medium,False,2015-07-08,4070,old
U01648,Telegram,Telegram FZ LLC,Messaging,Maldives,277.44,high,False,2026-08-05,24,very_new
U01649,WeChat,Tencent,Messaging and social media,Guatemala,47.84,low,True,2024-05-10,841,old
U01650,WhatsApp,Meta,Messaging,Dominica,22.45,low,False,2026-03-26,156,new
U01651,X (formerly Twitter),X Corp.,Microblogging,Somalia,136.24,medium,False,2017-03-12,3457,old
U01652,Reddit,Reddit Inc.,Discussion forums and communities,Aruba,155.65,medium,True,2021-06-27,1889,old
U01653,YouTube,Google,Video sharing,Bolivia,99.57,medium,False,2026-08-06,23,very_new
U01654,Snapchat,Snap Inc.,Multimedia messaging,Lebanon,153.91,medium,False,2018-03-08,3096,old
U01655,X (formerly Twitter),X Corp.,Microblogging,Cote d'Ivoire,149.06,medium,True,2022-04-13,1599,old
U01656,Quora,Quora Inc.,Q&A knowledge sharing,Madagascar,133.6,medium,False,2018-10-14,2876,old
U01657,Threads,Meta,Text-based social networking,Netherlands Antilles,181.84,high,True,2018-01-25,3138,old
U01658,Instagram,Meta,Photo and video sharing,New Zealand,268.34,high,False,2026-03-08,174,new
U01659,Snapchat,Snap Inc.,Multimedia messaging,Timor-Leste,282.89,high,False,2022-01-07,1695,old
U01660,Instagram,Meta,Photo and video sharing,Eritrea,283.54,high,False,2026-08-26,3,very_new
U01661,Quora,Quora Inc.,Q&A knowledge sharing,Romania,294.72,high,False,2023-03-27,1251,old
U01662,Snapchat,Snap Inc.,Multimedia messaging,Sri Lanka,192.64,high,True,2016-11-05,3584,old
U01663,Telegram,Telegram FZ LLC,Messaging,Tanzania,232.82,high,False,2017-08-11,3305,old
U01664,Pinterest,Pinterest Inc.,Visual discovery and bookmarking,Georgia,82.56,medium,True,2017-03-14,3455,old
U01665,LinkedIn,Microsoft,Professional networking,Suriname,173.71,medium,True,2021-11-04,1759,old
U01666,Quora,Quora Inc.,Q&A knowledge sharing,Sierra Leone,183.27,high,True,2026-08-07,22,very_new
U01667,Instagram,Meta,Photo and video sharing,South Georgia and the South Sandwich Islands,213.84,high,True,2022-07-15,1506,old
U01668,WeChat,Tencent,Messaging and social media,Tokelau,285.98,high,True,2019-12-03,2461,old
U01669,Quora,Quora Inc.,Q&A knowledge sharing,Egypt,269.39,high,False,2022-07-29,1492,old
U01670,Pinterest,Pinterest Inc.,Visual discovery and bookmarking,Ecuador,147.12,medium,True,2026-08-23,6,very_new
U01671,Facebook,Meta,Social networking,Seychelles,75.67,medium,False,2021-09-26,1798,old
U01672,WhatsApp,Meta,Messaging,Mauritius,137.97,medium,False,2018-01-22,3141,old
U01673,WeChat,Tencent,Messaging and social media,Timor-Leste,200.44,high,True,2023-08-10,1115,old
U01674,WhatsApp,Meta,Messaging,Thailand,246.75,high,False,2018-12-02,2827,old
U01675,Instagram,Meta,Photo and video sharing,Uganda,217.94,high,False,2018-10-16,2874,old
U01676,WeChat,Tencent,Messaging and social media,Fiji,148.03,medium,True,2017-07-18,3329,old
U01677,Telegram,Telegram FZ LLC,Messaging,Singapore,115.27,medium,False,2015-09-10,4006,old
U01678,Facebook,Meta,Social networking,Poland,124.34,medium,True,2015-09-18,3998,old
U01679,TikTok,ByteDance,Short-form videos,Maldives,187.08,high,True,2018-08-08,2943,old
U01680,TikTok,ByteDance,Short-form videos,South Georgia and the South Sandwich Islands,169.66,medium,True,2017-03-05,3464,old
U01681,WeChat,Tencent,Messaging and social media,Nauru,188.75,high,False,2024-03-15,897,old
U01682,Quora,Quora Inc.,Q&A knowledge sharing,Mozambique,271.17,high,False,2020-04-07,2335,old
U01683,Instagram,Meta,Photo and video sharing,Nauru,200.51,high,True,2015-07-24,4054,old
U01684,LinkedIn,Microsoft,Professional networking,Marshall Islands,75.31,medium,True,2024-05-27,824,old
U01685,Snapchat,Snap Inc.,Multimedia messaging,Germany,92.19,medium,False,2021-07-31,1855,old
U01686,Reddit,Reddit Inc.,Discussion forums and communities,Saint Barthelemy,206.76,high,False,2020-11-03,2125,old
U01687,Instagram,Meta,Photo and video sharing,Samoa,197.69,high,False,2019-09-10,2545,old
U01688,Snapchat,Snap Inc.,Multimedia messaging,Equatorial Guinea,9.87,low,False,2021-01-23,2044,old
U01689,Threads,Meta,Text-based social networking,Tajikistan,205.91,high,False,2025-03-13,534,established
U01690,Telegram,Telegram FZ LLC,Messaging,Russian Federation,159.01,medium,True,2021-05-27,1920,old
U01691,Quora,Quora Inc.,Q&A knowledge sharing,Croatia,79.99,medium,False,2022-06-19,1532,old
U01692,Threads,Meta,Text-based social networking,Turkmenistan,122.89,medium,True,2022-08-14,1476,old
U01693,WeChat,Tencent,Messaging and social media,Luxembourg,227.9,high,True,2022-12-16,1352,old
U01694,YouTube,Google,Video sharing,Botswana,272.8,high,False,2020-01-04,2429,old
U01695,WeChat,Tencent,Messaging and social media,Saint Helena,135.51,medium,False,2021-07-15,1871,old
U01696,Threads,Meta,Text-based social networking,Cook Islands,147.77,medium,True,2018-12-18,2811,old
U01697,TikTok,ByteDance,Short-form videos,Senegal,68.77,medium,False,2026-08-17,12,very_new
U01698,WhatsApp,Meta,Messaging,Seychelles,263.01,high,False,2024-11-22,645,established
U01699,WeChat,Tencent,Messaging and social media,Lao People's Democratic Republic,43.3,low,True,2023-06-17,1169,old
U01700,Instagram,Meta,Photo and video sharing,Holy See (Vatican City State),193.77,high,True,2026-05-10,111,new
U01701,Reddit,Reddit Inc.,Discussion forums and communities,Tokelau,226.88,high,True,2019-12-29,2435,old
U01702,X (formerly Twitter),X Corp.,Microblogging,Turks and Caicos Islands,85.88,medium,False,2019-06-11,2636,old
U01703,LinkedIn,Microsoft,Professional networking,Uruguay,6.79,low,False,2019-05-04,2674,old
U01704,YouTube,Google,Video sharing,Ecuador,173.21,medium,True,2016-07-02,3710,old
U01705,Instagram,Meta,Photo and video sharing,Monaco,236.04,high,False,2024-01-19,953,old
U01706,Instagram,Meta,Photo and video sharing,South Georgia and the South Sandwich Islands,253.06,high,True,2022-02-15,1656,old
U01707,Facebook,Meta,Social networking,Reunion,237.28,high,True,2024-11-14,653,established
U01708,X (formerly Twitter),X Corp.,Microblogging,Libyan Arab Jamahiriya,143.63,medium,True,2016-08-04,3677,old
U01709,Reddit,Reddit Inc.,Discussion forums and communities,Venezuela,191.86,high,True,2016-12-13,3546,old
U01710,Instagram,Meta,Photo and video sharing,Sudan,199.29,high,False,2016-06-14,3728,old
U01711,TikTok,ByteDance,Short-form videos,Sudan,252.37,high,False,2023-01-02,1335,old
U01712,YouTube,Google,Video sharing,Uganda,25.38,low,False,2018-01-06,3157,old
U01713,YouTube,Google,Video sharing,Venezuela,84.85,medium,True,2016-05-08,3765,old
U01714,WeChat,Tencent,Messaging and social media,Iraq,87.57,medium,True,2021-11-04,1759,old
U01715,TikTok,ByteDance,Short-form videos,Seychelles,247.06,high,True,2021-12-29,1704,old
U01716,X (formerly Twitter),X Corp.,Microblogging,Japan,85.93,medium,True,2015-07-02,4076,old
U01717,X (formerly Twitter),X Corp.,Microblogging,Ethiopia,178.74,medium,True,2023-04-28,1219,old
U01718,TikTok,ByteDance,Short-form videos,Angola,57.92,low,False,2026-07-09,51,new
U01719,Telegram,Telegram FZ LLC,Messaging,Latvia,130.87,medium,False,2018-03-02,3102,old
U01720,YouTube,Google,Video sharing,Somalia,226.48,high,True,2016-08-29,3652,old
U01721,WhatsApp,Meta,Messaging,Honduras,245.74,high,True,2016-01-13,3881,old
U01722,LinkedIn,Microsoft,Professional networking,Liberia,99.33,medium,False,2024-11-22,645,established
U01723,Snapchat,Snap Inc.,Multimedia messaging,Czech Republic,251.54,high,False,2023-12-11,992,old
U01724,Reddit,Reddit Inc.,Discussion forums and communities,Gabon,113.09,medium,False,2017-04-21,3417,old
U01725,Reddit,Reddit Inc.,Discussion forums and communities,Seychelles,249.03,high,False,2024-11-22,645,established
U01726,Threads,Meta,Text-based social networking,Uruguay,153.37,medium,True,2019-02-23,2744,old
U01727,Telegram,Telegram FZ LLC,Messaging,Guatemala,66.18,medium,False,2019-02-21,2746,old
U01728,Reddit,Reddit Inc.,Discussion forums and communities,British Virgin Islands,37.71,low,False,2019-08-08,2578,old
U01729,Snapchat,Snap Inc.,Multimedia messaging,French Guiana,125.8,medium,False,2019-07-22,2595,old
U01730,YouTube,Google,Video sharing,Gibraltar,286.73,high,True,2026-06-10,80,new
U01731,Quora,Quora Inc.,Q&A knowledge sharing,Dominica,171.52,medium,False,2019-08-23,2563,old
U01732,LinkedIn,Microsoft,Professional networking,Congo,97.53,medium,True,2022-08-22,1468,old
U01733,Facebook,Meta,Social networking,Japan,136.85,medium,False,2016-07-28,3684,old
U01734,Instagram,Meta,Photo and video sharing,Uruguay,73.58,medium,True,2024-04-30,851,old
U01735,WeChat,Tencent,Messaging and social media,Ecuador,249.93,high,True,2024-11-18,649,established
U01736,TikTok,ByteDance,Short-form videos,Cote d'Ivoire,145.79,medium,False,2021-05-06,1941,old
U01737,Telegram,Telegram FZ LLC,Messaging,New Zealand,156.32,medium,True,2015-09-24,3992,old
U01738,Quora,Quora Inc.,Q&A knowledge sharing,Dominican Republic,213.11,high,True,2022-04-30,1582,old
U01739,WhatsApp,Meta,Messaging,Tonga,278.86,high,False,2019-08-21,2565,old
U01740,Facebook,Meta,Social networking,Lithuania,121.66,medium,False,2018-06-14,2998,old
U01741,YouTube,Google,Video sharing,Togo,116.66,medium,False,2019-06-10,2637,old
U01742,Telegram,Telegram FZ LLC,Messaging,Mauritius,155.43,medium,False,2020-06-07,2274,old
U01743,Snapchat,Snap Inc.,Multimedia messaging,Jordan,117.96,medium,False,2023-03-18,1260,old
U01744,YouTube,Google,Video sharing,Estonia,292.82,high,False,2016-03-06,3828,old
U01745,Facebook,Meta,Social networking,Honduras,87.51,medium,False,2019-06-30,2617,old
U01746,Quora,Quora Inc.,Q&A knowledge sharing,Fiji,203.26,high,True,2016-06-06,3736,old
U01747,Telegram,Telegram FZ LLC,Messaging,Malaysia,263.54,high,True,2023-11-16,1017,old
U01748,WhatsApp,Meta,Messaging,Tanzania,40.5,low,True,2022-03-22,1621,old
U01749,WhatsApp,Meta,Messaging,Denmark,296.85,high,True,2017-12-05,3189,old
U01750,Snapchat,Snap Inc.,Multimedia messaging,Hungary,60.45,medium,True,2024-08-14,745,old
U01751,WeChat,Tencent,Messaging and social media,Honduras,235.03,high,True,2017-04-17,3421,old
U01752,X (formerly Twitter),X Corp.,Microblogging,Australia,20.88,low,False,2020-04-19,2323,old
U01753,Facebook,Meta,Social networking,Portugal,273.4,high,False,2015-08-24,4023,old
U01754,Threads,Meta,Text-based social networking,Mayotte,127.15,medium,False,2022-01-07,1695,old
U01755,Reddit,Reddit Inc.,Discussion forums and communities,India,163.47,medium,False,2020-06-26,2255,old
U01756,Threads,Meta,Text-based social networking,Swaziland,198.81,high,False,2017-11-06,3218,old
U01757,LinkedIn,Microsoft,Professional networking,Panama,54.48,low,False,2023-07-12,1144,old
U01758,LinkedIn,Microsoft,Professional networking,North Macedonia,284.55,high,False,2023-12-15,988,old
U01759,Facebook,Meta,Social networking,Malawi,164.71,medium,True,2021-12-17,1716,old
U01760,WeChat,Tencent,Messaging and social media,Burkina Faso,131.72,medium,True,2024-10-30,668,established
U01761,WhatsApp,Meta,Messaging,Nauru,203.66,high,False,2021-01-21,2046,old
U01762,TikTok,ByteDance,Short-form videos,Sweden,144.01,medium,False,2015-07-25,4053,old
U01763,Reddit,Reddit Inc.,Discussion forums and communities,Germany,297.74,high,False,2024-09-19,709,established
U01764,Quora,Quora Inc.,Q&A knowledge sharing,Anguilla,141.49,medium,True,2026-05-21,100,new
U01765,Snapchat,Snap Inc.,Multimedia messaging,Uruguay,84.81,medium,True,2022-02-04,1667,old
U01766,WhatsApp,Meta,Messaging,Svalbard & Jan Mayen Islands,157.18,medium,True,2022-06-14,1537,old
U01767,WeChat,Tencent,Messaging and social media,Belarus,224.22,high,True,2018-09-12,2908,old
U01768,Snapchat,Snap Inc.,Multimedia messaging,Kyrgyz Republic,282.38,high,False,2026-07-14,46,new
U01769,TikTok,ByteDance,Short-form videos,Isle of Man,65.5,medium,False,2022-04-04,1608,old
U01770,Facebook,Meta,Social networking,Congo,205.08,high,False,2023-05-06,1211,old
U01771,TikTok,ByteDance,Short-form videos,Venezuela,43.21,low,True,2019-06-29,2618,old
U01772,Reddit,Reddit Inc.,Discussion forums and communities,Saudi Arabia,25.1,low,True,2026-08-11,18,very_new
U01773,TikTok,ByteDance,Short-form videos,Australia,147.25,medium,True,2026-08-07,22,very_new
U01774,Threads,Meta,Text-based social networking,Bulgaria,101.3,medium,True,2023-03-19,1259,old
U01775,WeChat,Tencent,Messaging and social media,Bouvet Island (Bouvetoya),34.77,low,True,2015-05-23,4116,old
U01776,YouTube,Google,Video sharing,Brunei Darussalam,144.6,medium,True,2026-04-01,150,new
U01777,Reddit,Reddit Inc.,Discussion forums and communities,French Southern Territories,269.87,high,True,2019-06-27,2620,old
U01778,YouTube,Google,Video sharing,Pakistan,296.93,high,False,2026-04-23,128,new
U01779,Quora,Quora Inc.,Q&A knowledge sharing,American Samoa,54.92,low,True,2020-04-10,2332,old
U01780,Quora,Quora Inc.,Q&A knowledge sharing,Kenya,5.77,low,False,2026-08-07,22,very_new
U01781,Pinterest,Pinterest Inc.,Visual discovery and bookmarking,Latvia,77.92,medium,False,2024-11-17,650,established
U01782,LinkedIn,Microsoft,Professional networking,Guyana,162.62,medium,True,2025-02-19,556,established
U01783,TikTok,ByteDance,Short-form videos,Mozambique,293.2,high,True,2016-09-30,3620,old
U01784,Quora,Quora Inc.,Q&A knowledge sharing,Ghana,222.51,high,False,2019-05-26,2652,old
U01785,Snapchat,Snap Inc.,Multimedia messaging,Cayman Islands,185.72,high,True,2021-09-26,1798,old
U01786,Pinterest,Pinterest Inc.,Visual discovery and bookmarking,Sweden,178.01,medium,False,2023-11-15,1018,old
U01787,Instagram,Meta,Photo and video sharing,Iceland,108.42,medium,False,2018-07-01,2981,old
U01788,Pinterest,Pinterest Inc.,Visual discovery and bookmarking,Azerbaijan,36.97,low,False,2022-11-24,1374,old
U01789,Reddit,Reddit Inc.,Discussion forums and communities,Central African Republic,168.18,medium,True,2026-06-07,83,new
U01790,WhatsApp,Meta,Messaging,Croatia,87.01,medium,True,2024-12-14,623,established
U01791,YouTube,Google,Video sharing,Tajikistan,69.35,medium,True,2021-05-20,1927,old
U01792,LinkedIn,Microsoft,Professional networking,Cocos (Keeling) Islands,47.99,low,False,2026-07-15,45,new
U01793,Telegram,Telegram FZ LLC,Messaging,Equatorial Guinea,170.64,medium,False,2018-10-28,2862,old
U01794,LinkedIn,Microsoft,Professional networking,Korea,216.83,high,False,2024-08-11,748,old
U01795,Pinterest,Pinterest Inc.,Visual discovery and bookmarking,Angola,37.97,low,True,2018-04-14,3059,old
U01796,TikTok,ByteDance,Short-form videos,Syrian Arab Republic,82.52,medium,False,2018-12-28,2801,old
U01797,LinkedIn,Microsoft,Professional networking,Central African Republic,256.46,high,False,2016-06-18,3724,old
U01798,WhatsApp,Meta,Messaging,Cocos (Keeling) Islands,128.08,medium,False,2023-12-03,1000,old
U01799,Telegram,Telegram FZ LLC,Messaging,Martinique,209.24,high,False,2026-07-20,40,new
U01800,Threads,Meta,Text-based social networking,Zambia,111.2,medium,False,2020-12-05,2093,old
U01801,Quora,Quora Inc.,Q&A knowledge sharing,Comoros,74.05,medium,True,2022-07-31,1490,old
U01802,WhatsApp,Meta,Messaging,Sierra Leone,221.56,high,True,2024-06-02,818,old
U01803,Quora,Quora Inc.,Q&A knowledge sharing,Sao Tome and Principe,227.44,high,True,2017-02-28,3469,old
U01804,Threads,Meta,Text-based social networking,Congo,214.6,high,False,2026-08-02,27,very_new
U01805,YouTube,Google,Video sharing,Morocco,137.89,medium,False,2016-04-18,3785,old
U01806,Pinterest,Pinterest Inc.,Visual discovery and bookmarking,China,203.75,high,True,2017-02-03,3494,old
U01807,Threads,Meta,Text-based social networking,Mauritania,81.55,medium,False,2018-02-05,3127,old
U01808,Quora,Quora Inc.,Q&A knowledge sharing,Portugal,153.01,medium,False,2020-01-21,2412,old
U01809,Snapchat,Snap Inc.,Multimedia messaging,Myanmar,203.07,high,True,2019-11-10,2484,old
U01810,Snapchat,Snap Inc.,Multimedia messaging,Holy See (Vatican City State),48.61,low,False,2016-02-09,3854,old
U01811,LinkedIn,Microsoft,Professional networking,Saint Barthelemy,247.07,high,True,2026-05-20,101,new
U01812,LinkedIn,Microsoft,Professional networking,Equatorial Guinea,284.66,high,True,2024-11-01,666,established
U01813,YouTube,Google,Video sharing,France,24.77,low,True,2023-06-21,1165,old
U01814,Facebook,Meta,Social networking,Albania,261.12,high,True,2021-08-21,1834,old
U01815,Pinterest,Pinterest Inc.,Visual discovery and bookmarking,Ethiopia,30.59,low,False,2018-10-16,2874,old
U01816,WeChat,Tencent,Messaging and social media,San Marino,112.95,medium,False,2015-06-11,4097,old
U01817,Telegram,Telegram FZ LLC,Messaging,Mayotte,147.29,medium,False,2016-08-13,3668,old
U01818,Pinterest,Pinterest Inc.,Visual discovery and bookmarking,Swaziland,158.89,medium,False,2022-07-23,1498,old
U01819,Telegram,Telegram FZ LLC,Messaging,Moldova,196.6,high,False,2026-08-18,11,very_new
U01820,X (formerly Twitter),X Corp.,Microblogging,Bhutan,72.07,medium,True,2016-05-21,3752,old
U01821,Instagram,Meta,Photo and video sharing,French Southern Territories,276.62,high,False,2024-08-03,756,old
U01822,X (formerly Twitter),X Corp.,Microblogging,Tuvalu,54.82,low,True,2015-11-20,3935,old
U01823,Facebook,Meta,Social networking,Morocco,296.82,high,False,2022-06-16,1535,old
U01824,Snapchat,Snap Inc.,Multimedia messaging,Iraq,94.08,medium,False,2020-02-20,2382,old
U01825,Quora,Quora Inc.,Q&A knowledge sharing,Vietnam,279.06,high,False,2017-10-25,3230,old
U01826,Telegram,Telegram FZ LLC,Messaging,Andorra,161.09,medium,False,2018-12-12,2817,old
U01827,WeChat,Tencent,Messaging and social media,Jamaica,124.05,medium,False,2016-04-21,3782,old
U01828,YouTube,Google,Video sharing,Uruguay,200.94,high,True,2023-09-22,1072,old
U01829,X (formerly Twitter),X Corp.,Microblogging,Cook Islands,219.41,high,True,2015-09-03,4013,old
U01830,Instagram,Meta,Photo and video sharing,Haiti,86.91,medium,True,2022-05-21,1561,old
U01831,LinkedIn,Microsoft,Professional networking,British Virgin Islands,296.98,high,True,2019-10-13,2512,old
U01832,X (formerly Twitter),X Corp.,Microblogging,Haiti,110.92,medium,True,2024-02-12,929,old
U01833,Facebook,Meta,Social networking,Cayman Islands,58.4,low,True,2020-06-29,2252,old
U01834,YouTube,Google,Video sharing,Armenia,58.03,low,True,2026-07-16,44,new
U01835,YouTube,Google,Video sharing,Cyprus,268.78,high,True,2023-02-19,1287,old
U01836,WhatsApp,Meta,Messaging,Japan,251.63,high,True,2019-12-16,2448,old
U01837,X (formerly Twitter),X Corp.,Microblogging,Tajikistan,284.13,high,True,2017-01-24,3504,old
U01838,WeChat,Tencent,Messaging and social media,Brunei Darussalam,222.57,high,False,2026-04-22,129,new
U01839,WhatsApp,Meta,Messaging,Bulgaria,290.6,high,False,2018-09-19,2901,old
U01840,Snapchat,Snap Inc.,Multimedia messaging,Djibouti,113.1,medium,False,2026-03-26,156,new
U01841,Reddit,Reddit Inc.,Discussion forums and communities,Chile,5.44,low,True,2023-09-18,1076,old
U01842,Reddit,Reddit Inc.,Discussion forums and communities,Moldova,20.2,low,True,2026-04-12,139,new
U01843,Facebook,Meta,Social networking,Ecuador,189.78,high,True,2025-01-07,599,established
U01844,Instagram,Meta,Photo and video sharing,Belize,214.0,high,True,2025-03-10,537,established
U01845,WhatsApp,Meta,Messaging,Croatia,75.42,medium,False,2025-03-24,523,established
U01846,Quora,Quora Inc.,Q&A knowledge sharing,Morocco,183.19,high,True,2024-02-14,927,old
U01847,Pinterest,Pinterest Inc.,Visual discovery and bookmarking,French Southern Territories,298.01,high,False,2026-05-07,114,new
U01848,WhatsApp,Meta,Messaging,Spain,23.69,low,False,2026-08-23,6,very_new
U01849,YouTube,Google,Video sharing,Belize,64.55,medium,False,2020-12-30,2068,old
U01850,Facebook,Meta,Social networking,Cote d'Ivoire,220.43,high,False,2019-11-12,2482,old
U01851,Reddit,Reddit Inc.,Discussion forums and communities,Kuwait,202.35,high,True,2023-07-27,1129,old
U01852,Facebook,Meta,Social networking,French Southern Territories,233.22,high,False,2016-04-27,3776,old
U01853,TikTok,ByteDance,Short-form videos,Algeria,35.0,low,False,2026-08-04,25,very_new
U01854,Telegram,Telegram FZ LLC,Messaging,Solomon Islands,141.3,medium,False,2016-03-02,3832,old
U01855,Snapchat,Snap Inc.,Multimedia messaging,Palau,94.18,medium,False,2020-01-02,2431,old
U01856,TikTok,ByteDance,Short-form videos,Guam,296.04,high,True,2020-12-13,2085,old
U01857,Pinterest,Pinterest Inc.,Visual discovery and bookmarking,North Macedonia,264.02,high,False,2023-01-28,1309,old
U01858,TikTok,ByteDance,Short-form videos,Chad,130.07,medium,True,2019-01-14,2784,old
U01859,Quora,Quora Inc.,Q&A knowledge sharing,Fiji,36.78,low,False,2021-09-24,1800,old
U01860,Facebook,Meta,Social networking,Cayman Islands,193.83,high,False,2021-10-29,1765,old
U01861,Quora,Quora Inc.,Q&A knowledge sharing,Bosnia and Herzegovina,240.52,high,True,2020-04-19,2323,old
U01862,Telegram,Telegram FZ LLC,Messaging,Iran,162.81,medium,False,2023-03-20,1258,old
U01863,Snapchat,Snap Inc.,Multimedia messaging,Christmas Island,204.4,high,True,2024-07-04,786,old
U01864,Threads,Meta,Text-based social networking,Qatar,188.73,high,False,2026-08-22,7,very_new
U01865,Facebook,Meta,Social networking,Saint Vincent and the Grenadines,293.44,high,False,2020-09-03,2186,old
U01866,Quora,Quora Inc.,Q&A knowledge sharing,Guam,118.84,medium,False,2016-07-17,3695,old
U01867,WhatsApp,Meta,Messaging,Barbados,50.38,low,True,2020-05-19,2293,old
U01868,X (formerly Twitter),X Corp.,Microblogging,Spain,234.66,high,True,2018-08-22,2929,old
U01869,Telegram,Telegram FZ LLC,Messaging,Oman,14.11,low,False,2021-09-28,1796,old
U01870,Reddit,Reddit Inc.,Discussion forums and communities,Namibia,184.44,high,False,2019-11-09,2485,old
U01871,YouTube,Google,Video sharing,Grenada,214.18,high,True,2020-08-08,2212,old
U01872,WeChat,Tencent,Messaging and social media,Pitcairn Islands,222.68,high,False,2017-01-01,3527,old
U01873,Snapchat,Snap Inc.,Multimedia messaging,Aruba,75.97,medium,True,2019-02-18,2749,old
U01874,X (formerly Twitter),X Corp.,Microblogging,Saint Helena,240.94,high,False,2017-01-28,3500,old
U01875,Telegram,Telegram FZ LLC,Messaging,Taiwan,37.78,low,True,2024-02-26,915,old
U01876,Pinterest,Pinterest Inc.,Visual discovery and bookmarking,Guadeloupe,239.83,high,False,2026-04-15,136,new
U01877,Telegram,Telegram FZ LLC,Messaging,Liberia,148.92,medium,False,2026-08-17,12,very_new
U01878,Threads,Meta,Text-based social networking,Nicaragua,30.51,low,True,2015-10-15,3971,old
U01879,Pinterest,Pinterest Inc.,Visual discovery and bookmarking,Solomon Islands,267.35,high,True,2026-08-11,18,very_new
U01880,Threads,Meta,Text-based social networking,Trinidad and Tobago,43.55,low,False,2017-12-02,3192,old
U01881,TikTok,ByteDance,Short-form videos,Niue,7.77,low,True,2024-05-10,841,old
U01882,YouTube,Google,Video sharing,Guinea-Bissau,19.62,low,False,2025-02-20,555,established
U01883,Facebook,Meta,Social networking,Guam,137.43,medium,True,2018-04-20,3053,old
U01884,Telegram,Telegram FZ LLC,Messaging,Iceland,127.02,medium,False,2023-09-23,1071,old
U01885,Pinterest,Pinterest Inc.,Visual discovery and bookmarking,Portugal,292.81,high,False,2019-02-14,2753,old
U01886,Telegram,Telegram FZ LLC,Messaging,Kuwait,231.13,high,False,2026-04-10,141,new
U01887,LinkedIn,Microsoft,Professional networking,French Southern Territories,161.34,medium,False,2018-02-19,3113,old
U01888,Pinterest,Pinterest Inc.,Visual discovery and bookmarking,Swaziland,129.59,medium,False,2021-01-14,2053,old
U01889,WhatsApp,Meta,Messaging,Nepal,61.34,medium,False,2018-07-13,2969,old
U01890,Instagram,Meta,Photo and video sharing,Palau,95.79,medium,False,2020-12-16,2082,old
U01891,TikTok,ByteDance,Short-form videos,Lesotho,182.33,high,False,2017-09-10,3275,old
U01892,WhatsApp,Meta,Messaging,Eritrea,157.78,medium,False,2015-06-06,4102,old
U01893,Quora,Quora Inc.,Q&A knowledge sharing,Iraq,102.87,medium,True,2016-12-12,3547,old
U01894,X (formerly Twitter),X Corp.,Microblogging,Qatar,31.52,low,False,2019-10-30,2495,old
U01895,WeChat,Tencent,Messaging and social media,Lebanon,72.03,medium,True,2024-01-02,970,old
U01896,Facebook,Meta,Social networking,Isle of Man,125.21,medium,False,2017-09-25,3260,old
U01897,Reddit,Reddit Inc.,Discussion forums and communities,British Indian Ocean Territory (Chagos Archipelago),38.53,low,False,2019-10-07,2518,old
U01898,WeChat,Tencent,Messaging and social media,Tanzania,45.22,low,True,2017-12-16,3178,old
U01899,WeChat,Tencent,Messaging and social media,Congo,286.45,high,True,2023-01-23,1314,old
U01900,Pinterest,Pinterest Inc.,Visual discovery and bookmarking,Central African Republic,105.39,medium,True,2023-05-09,1208,old
U01901,X (formerly Twitter),X Corp.,Microblogging,Angola,169.0,medium,False,2020-07-16,2235,old
U01902,Instagram,Meta,Photo and video sharing,Gambia,155.15,medium,True,2024-12-13,624,established
U01903,Reddit,Reddit Inc.,Discussion forums and communities,Sao Tome and Principe,39.42,low,True,2018-08-12,2939,old
U01904,Snapchat,Snap Inc.,Multimedia messaging,Maldives,186.41,high,True,2026-03-10,172,new
U01905,Threads,Meta,Text-based social networking,New Zealand,223.33,high,True,2023-04-01,1246,old
U01906,Quora,Quora Inc.,Q&A knowledge sharing,Antarctica (the territory South of 60 deg S),51.3,low,True,2023-04-24,1223,old
U01907,Snapchat,Snap Inc.,Multimedia messaging,Honduras,66.18,medium,True,2015-06-27,4081,old
U01908,Telegram,Telegram FZ LLC,Messaging,Eritrea,12.38,low,False,2021-02-26,2010,old
U01909,Quora,Quora Inc.,Q&A knowledge sharing,Tunisia,246.0,high,False,2015-11-30,3925,old
U01910,TikTok,ByteDance,Short-form videos,Morocco,47.89,low,False,2023-03-13,1265,old
U01911,Telegram,Telegram FZ LLC,Messaging,Mozambique,233.83,high,True,2024-11-20,647,established
U01912,Quora,Quora Inc.,Q&A knowledge sharing,Monaco,179.77,medium,True,2024-03-15,897,old
U01913,Quora,Quora Inc.,Q&A knowledge sharing,Netherlands,18.22,low,True,2021-10-23,1771,old
U01914,Facebook,Meta,Social networking,Saint Kitts and Nevis,170.4,medium,True,2024-10-16,682,established
U01915,Snapchat,Snap Inc.,Multimedia messaging,Namibia,171.77,medium,False,2023-03-15,1263,old
U01916,Snapchat,Snap Inc.,Multimedia messaging,Holy See (Vatican City State),17.37,low,True,2018-11-09,2850,old
U01917,Pinterest,Pinterest Inc.,Visual discovery and bookmarking,Nicaragua,213.64,high,True,2024-04-13,868,old
U01918,Snapchat,Snap Inc.,Multimedia messaging,Uganda,182.0,high,True,2022-10-28,1401,old
U01919,Threads,Meta,Text-based social networking,Germany,9.71,low,False,2026-05-29,92,new
U01920,Instagram,Meta,Photo and video sharing,Mauritius,130.06,medium,False,2021-08-08,1847,old
U01921,Facebook,Meta,Social networking,Eritrea,182.34,high,True,2018-01-30,3133,old
U01922,WeChat,Tencent,Messaging and social media,Denmark,228.55,high,False,2026-08-14,15,very_new
U01923,X (formerly Twitter),X Corp.,Microblogging,Fiji,256.28,high,True,2024-08-14,745,old
U01924,Reddit,Reddit Inc.,Discussion forums and communities,Bermuda,20.25,low,False,2026-08-05,24,very_new
U01925,WeChat,Tencent,Messaging and social media,Saudi Arabia,164.8,medium,False,2023-01-30,1307,old
U01926,TikTok,ByteDance,Short-form videos,Burundi,202.85,high,False,2018-05-21,3022,old
U01927,X (formerly Twitter),X Corp.,Microblogging,Fiji,118.79,medium,True,2023-04-29,1218,old
U01928,Quora,Quora Inc.,Q&A knowledge sharing,Singapore,107.75,medium,True,2024-10-10,688,established
U01929,WeChat,Tencent,Messaging and social media,Italy,21.99,low,False,2015-07-26,4052,old
U01930,Threads,Meta,Text-based social networking,Kiribati,176.26,medium,True,2020-02-09,2393,old
U01931,Threads,Meta,Text-based social networking,Algeria,33.08,low,False,2018-10-04,2886,old
U01932,X (formerly Twitter),X Corp.,Microblogging,Iran,238.23,high,True,2023-03-05,1273,old
U01933,Instagram,Meta,Photo and video sharing,Peru,22.97,low,False,2022-07-13,1508,old
U01934,Instagram,Meta,Photo and video sharing,Grenada,274.69,high,True,2018-08-20,2931,old
U01935,Quora,Quora Inc.,Q&A knowledge sharing,American Samoa,46.88,low,True,2026-05-13,108,new
U01936,Snapchat,Snap Inc.,Multimedia messaging,Guinea,37.72,low,True,2026-06-17,73,new
U01937,WeChat,Tencent,Messaging and social media,Guyana,90.32,medium,True,2017-11-27,3197,old
U01938,LinkedIn,Microsoft,Professional networking,Martinique,244.49,high,False,2025-01-21,585,established
U01939,Reddit,Reddit Inc.,Discussion forums and communities,Gambia,259.39,high,False,2026-08-21,8,very_new
U01940,Reddit,Reddit Inc.,Discussion forums and communities,Syrian Arab Republic,139.01,medium,True,2023-12-04,999,old
U01941,X (formerly Twitter),X Corp.,Microblogging,South Africa,119.79,medium,True,2016-05-09,3764,old
U01942,Instagram,Meta,Photo and video sharing,Guatemala,198.32,high,False,2023-04-06,1241,old
U01943,Reddit,Reddit Inc.,Discussion forums and communities,Canada,235.93,high,True,2026-03-18,164,new
U01944,X (formerly Twitter),X Corp.,Microblogging,Latvia,104.93,medium,False,2023-12-25,978,old
U01945,Telegram,Telegram FZ LLC,Messaging,Uruguay,264.74,high,True,2020-04-14,2328,old
U01946,YouTube,Google,Video sharing,Guinea,47.82,low,True,2022-09-11,1448,old
U01947,Reddit,Reddit Inc.,Discussion forums and communities,Holy See (Vatican City State),108.77,medium,True,2018-08-27,2924,old
U01948,Pinterest,Pinterest Inc.,Visual discovery and bookmarking,Mayotte,32.93,low,False,2022-10-31,1398,old
U01949,LinkedIn,Microsoft,Professional networking,Comoros,277.88,high,True,2016-12-26,3533,old
U01950,Snapchat,Snap Inc.,Multimedia messaging,Saint Kitts and Nevis,167.67,medium,True,2019-11-28,2466,old
U01951,TikTok,ByteDance,Short-form videos,Singapore,105.9,medium,False,2020-03-31,2342,old
U01952,WeChat,Tencent,Messaging and social media,Canada,120.37,medium,True,2026-04-10,141,new
U01953,Pinterest,Pinterest Inc.,Visual discovery and bookmarking,Gabon,32.41,low,True,2026-08-10,19,very_new
U01954,Instagram,Meta,Photo and video sharing,Ethiopia,30.85,low,True,2026-04-06,145,new
U01955,Pinterest,Pinterest Inc.,Visual discovery and bookmarking,Bosnia and Herzegovina,165.13,medium,False,2024-09-14,714,established
U01956,LinkedIn,Microsoft,Professional networking,Japan,205.4,high,True,2018-12-11,2818,old
U01957,Facebook,Meta,Social networking,Wallis and Futuna,193.02,high,False,2026-08-08,21,very_new
U01958,WhatsApp,Meta,Messaging,Denmark,38.67,low,True,2026-06-05,85,new
U01959,Threads,Meta,Text-based social networking,Japan,249.28,high,False,2024-06-28,792,old
U01960,Telegram,Telegram FZ LLC,Messaging,Mauritania,252.72,high,False,2023-12-10,993,old
U01961,Pinterest,Pinterest Inc.,Visual discovery and bookmarking,Kenya,22.84,low,False,2026-07-06,54,new
U01962,WhatsApp,Meta,Messaging,France,141.44,medium,False,2022-09-27,1432,old
U01963,Quora,Quora Inc.,Q&A knowledge sharing,Sweden,211.13,high,False,2016-06-26,3716,old
U01964,LinkedIn,Microsoft,Professional networking,Iran,128.01,medium,False,2016-01-22,3872,old
U01965,Reddit,Reddit Inc.,Discussion forums and communities,Moldova,235.09,high,True,2026-08-18,11,very_new
U01966,YouTube,Google,Video sharing,Nigeria,170.39,medium,False,2021-11-10,1753,old
U01967,Instagram,Meta,Photo and video sharing,Congo,29.17,low,False,2021-06-26,1890,old
U01968,X (formerly Twitter),X Corp.,Microblogging,Pakistan,37.03,low,False,2022-02-26,1645,old
U01969,X (formerly Twitter),X Corp.,Microblogging,Ukraine,80.58,medium,False,2022-05-10,1572,old
U01970,Threads,Meta,Text-based social networking,Malaysia,53.38,low,True,2017-02-03,3494,old
U01971,YouTube,Google,Video sharing,Ireland,143.55,medium,True,2017-10-29,3226,old
U01972,Quora,Quora Inc.,Q&A knowledge sharing,Anguilla,271.49,high,True,2025-02-25,550,established
U01973,WeChat,Tencent,Messaging and social media,Jersey,179.63,medium,True,2018-06-20,2992,old
U01974,Instagram,Meta,Photo and video sharing,Sierra Leone,209.42,high,False,2026-04-20,131,new
U01975,Quora,Quora Inc.,Q&A knowledge sharing,Samoa,258.69,high,False,2021-09-24,1800,old
U01976,WhatsApp,Meta,Messaging,Madagascar,107.79,medium,True,2019-05-27,2651,old
U01977,Reddit,Reddit Inc.,Discussion forums and communities,Georgia,112.96,medium,True,2015-12-09,3916,old
U01978,Pinterest,Pinterest Inc.,Visual discovery and bookmarking,Greenland,156.65,medium,False,2024-04-23,858,old
U01979,LinkedIn,Microsoft,Professional networking,Tuvalu,205.04,high,False,2015-12-07,3918,old
U01980,Pinterest,Pinterest Inc.,Visual discovery and bookmarking,Svalbard & Jan Mayen Islands,165.78,medium,False,2022-01-25,1677,old
U01981,Snapchat,Snap Inc.,Multimedia messaging,Monaco,255.29,high,False,2022-07-29,1492,old
U01982,LinkedIn,Microsoft,Professional networking,Gibraltar,54.75,low,False,2024-10-19,679,established
U01983,Quora,Quora Inc.,Q&A knowledge sharing,Heard Island and McDonald Islands,166.64,medium,False,2019-02-12,2755,old
U01984,TikTok,ByteDance,Short-form videos,United States Virgin Islands,94.07,medium,False,2026-08-07,22,very_new
U01985,Reddit,Reddit Inc.,Discussion forums and communities,Kazakhstan,229.96,high,True,2022-03-20,1623,old
U01986,Facebook,Meta,Social networking,New Caledonia,295.06,high,False,2024-02-01,940,old
U01987,Telegram,Telegram FZ LLC,Messaging,Saint Martin,39.92,low,True,2020-01-05,2428,old
U01988,YouTube,Google,Video sharing,Micronesia,5.56,low,True,2026-08-18,11,very_new
U01989,Telegram,Telegram FZ LLC,Messaging,Qatar,139.4,medium,True,2019-11-15,2479,old
U01990,Instagram,Meta,Photo and video sharing,Northern Mariana Islands,169.09,medium,True,2021-06-09,1907,old
U01991,Quora,Quora Inc.,Q&A knowledge sharing,Burundi,10.51,low,True,2015-11-01,3954,old
U01992,Quora,Quora Inc.,Q&A knowledge sharing,Azerbaijan,52.87,low,False,2019-07-22,2595,old
U01993,YouTube,Google,Video sharing,Gambia,98.12,medium,True,2023-04-30,1217,old
U01994,Facebook,Meta,Social networking,China,7.31,low,False,2015-08-09,4038,old
U01995,LinkedIn,Microsoft,Professional networking,Libyan Arab Jamahiriya,97.52,medium,True,2026-07-28,32,new
U01996,Instagram,Meta,Photo and video sharing,Mali,212.6,high,False,2023-09-16,1078,old
U01997,X (formerly Twitter),X Corp.,Microblogging,Jamaica,18.33,low,False,2018-09-01,2919,old
U01998,Facebook,Meta,Social networking,United Arab Emirates,151.68,medium,True,2021-04-08,1969,old
U01999,YouTube,Google,Video sharing,Seychelles,235.01,high,False,2023-08-17,1108,old
U02000,Instagram,Meta,Photo and video sharing,Sierra Leone,52.22,low,False,2018-02-19,3113,old
U02001,Threads,Meta,Text-based social networking,Nepal,115.96,medium,False,2026-06-02,88,new
U02002,LinkedIn,Microsoft,Professional networking,Liberia,90.08,medium,True,2024-05-22,829,old
U02003,Quora,Quora Inc.,Q&A knowledge sharing,Saudi Arabia,114.93,medium,False,2023-09-18,1076,old
U02004,LinkedIn,Microsoft,Professional networking,Anguilla,23.81,low,False,2015-09-16,4000,old
U02005,Pinterest,Pinterest Inc.,Visual discovery and bookmarking,Greenland,216.5,high,True,2020-08-21,2199,old
U02006,Snapchat,Snap Inc.,Multimedia messaging,Korea,50.84,low,True,2018-05-05,3038,old
U02007,X (formerly Twitter),X Corp.,Microblogging,Korea,42.19,low,False,2015-09-17,3999,old
U02008,WeChat,Tencent,Messaging and social media,Montenegro,263.69,high,True,2020-10-04,2155,old
U02009,X (formerly Twitter),X Corp.,Microblogging,Jersey,111.91,medium,True,2024-12-18,619,established
U02010,X (formerly Twitter),X Corp.,Microblogging,North Macedonia,229.98,high,False,2018-10-01,2889,old
U02011,Quora,Quora Inc.,Q&A knowledge sharing,Belize,57.88,low,True,2017-05-12,3396,old
U02012,Snapchat,Snap Inc.,Multimedia messaging,Cyprus,39.41,low,True,2023-06-28,1158,old
U02013,Reddit,Reddit Inc.,Discussion forums and communities,Montserrat,249.16,high,True,2016-12-22,3537,old
U02014,Snapchat,Snap Inc.,Multimedia messaging,Slovakia (Slovak Republic),197.09,high,False,2026-06-01,89,new
U02015,Pinterest,Pinterest Inc.,Visual discovery and bookmarking,Belgium,117.49,medium,True,2020-09-16,2173,old
U02016,Telegram,Telegram FZ LLC,Messaging,Guinea,143.48,medium,True,2015-09-02,4014,old
U02017,Reddit,Reddit Inc.,Discussion forums and communities,Korea,225.47,high,True,2021-02-15,2021,old
U02018,Quora,Quora Inc.,Q&A knowledge sharing,Vanuatu,125.14,medium,False,2016-12-08,3551,old
U02019,LinkedIn,Microsoft,Professional networking,Finland,187.74,high,True,2026-08-10,19,very_new
U02020,Reddit,Reddit Inc.,Discussion forums and communities,Zambia,278.21,high,True,2021-05-11,1936,old
U02021,Threads,Meta,Text-based social networking,Morocco,115.01,medium,True,2024-02-20,921,old
U02022,Threads,Meta,Text-based social networking,Puerto Rico,161.28,medium,False,2017-09-11,3274,old
U02023,YouTube,Google,Video sharing,Cape Verde,101.14,medium,True,2020-07-11,2240,old
U02024,Threads,Meta,Text-based social networking,Sri Lanka,6.71,low,True,2023-05-13,1204,old
U02025,WeChat,Tencent,Messaging and social media,Botswana,63.17,medium,True,2026-08-21,8,very_new
U02026,TikTok,ByteDance,Short-form videos,Iraq,22.76,low,False,2019-10-02,2523,old
U02027,Pinterest,Pinterest Inc.,Visual discovery and bookmarking,Somalia,57.57,low,True,2026-03-20,162,new
U02028,Instagram,Meta,Photo and video sharing,Iraq,128.6,medium,False,2021-05-03,1944,old
U02029,Telegram,Telegram FZ LLC,Messaging,Albania,227.15,high,True,2023-05-22,1195,old
U02030,TikTok,ByteDance,Short-form videos,Nicaragua,253.12,high,False,2026-03-15,167,new
U02031,Telegram,Telegram FZ LLC,Messaging,Romania,67.52,medium,False,2016-12-29,3530,old
U02032,Snapchat,Snap Inc.,Multimedia messaging,Cuba,271.73,high,True,2015-10-31,3955,old
U02033,YouTube,Google,Video sharing,Korea,240.33,high,True,2019-07-12,2605,old
U02034,Instagram,Meta,Photo and video sharing,Kuwait,54.44,low,False,2015-05-06,4133,old
U02035,Reddit,Reddit Inc.,Discussion forums and communities,Mexico,248.65,high,False,2026-05-10,111,new
U02036,TikTok,ByteDance,Short-form videos,French Polynesia,227.63,high,False,2026-08-27,2,very_new
U02037,Snapchat,Snap Inc.,Multimedia messaging,Turkmenistan,107.56,medium,False,2021-03-20,1988,old
U02038,YouTube,Google,Video sharing,Somalia,20.16,low,False,2020-07-04,2247,old
U02039,Pinterest,Pinterest Inc.,Visual discovery and bookmarking,Mayotte,212.71,high,True,2021-06-16,1900,old
U02040,WhatsApp,Meta,Messaging,Venezuela,12.25,low,True,2026-08-08,21,very_new
U02041,Reddit,Reddit Inc.,Discussion forums and communities,Anguilla,58.52,low,False,2019-11-21,2473,old
U02042,Facebook,Meta,Social networking,Venezuela,212.52,high,False,2020-09-02,2187,old
U02043,WeChat,Tencent,Messaging and social media,Croatia,183.72,high,False,2021-04-24,1953,old
U02044,Threads,Meta,Text-based social networking,Angola,217.17,high,True,2024-12-28,609,established
U02045,Reddit,Reddit Inc.,Discussion forums and communities,Russian Federation,104.67,medium,True,2016-10-11,3609,old
U02046,YouTube,Google,Video sharing,Mali,145.07,medium,False,2026-08-23,6,very_new
U02047,Instagram,Meta,Photo and video sharing,Netherlands,10.06,low,True,2026-08-09,20,very_new
U02048,Facebook,Meta,Social networking,Taiwan,226.79,high,False,2019-09-12,2543,old
U02049,Quora,Quora Inc.,Q&A knowledge sharing,Germany,226.26,high,True,2023-09-06,1088,old
U02050,X (formerly Twitter),X Corp.,Microblogging,Slovenia,17.43,low,True,2026-06-15,75,new
U02051,Threads,Meta,Text-based social networking,Mauritania,22.32,low,False,2026-05-18,103,new
U02052,Pinterest,Pinterest Inc.,Visual discovery and bookmarking,Palestinian Territory,126.63,medium,True,2022-07-19,1502,old
U02053,Threads,Meta,Text-based social networking,Trinidad and Tobago,125.68,medium,False,2017-09-01,3284,old
U02054,TikTok,ByteDance,Short-form videos,Eritrea,199.47,high,False,2022-01-10,1692,old
U02055,Threads,Meta,Text-based social networking,Ethiopia,239.37,high,False,2022-08-31,1459,old
U02056,WeChat,Tencent,Messaging and social media,France,283.34,high,True,2025-03-26,521,established
U02057,X (formerly Twitter),X Corp.,Microblogging,Kyrgyz Republic,215.48,high,False,2022-08-11,1479,old
U02058,WeChat,Tencent,Messaging and social media,Angola,248.93,high,True,2023-10-26,1038,old
U02059,X (formerly Twitter),X Corp.,Microblogging,Niger,61.51,medium,True,2018-05-22,3021,old
U02060,X (formerly Twitter),X Corp.,Microblogging,Fiji,249.76,high,False,2021-07-01,1885,old
U02061,LinkedIn,Microsoft,Professional networking,Ukraine,173.03,medium,False,2024-09-20,708,established
U02062,TikTok,ByteDance,Short-form videos,Vietnam,282.38,high,False,2026-07-07,53,new
U02063,Reddit,Reddit Inc.,Discussion forums and communities,Antigua and Barbuda,69.57,medium,True,2026-08-15,14,very_new
U02064,TikTok,ByteDance,Short-form videos,Seychelles,23.53,low,True,2018-09-27,2893,old
U02065,LinkedIn,Microsoft,Professional networking,Croatia,89.98,medium,True,2023-09-19,1075,old
U02066,YouTube,Google,Video sharing,Thailand,20.09,low,True,2021-12-30,1703,old
U02067,Pinterest,Pinterest Inc.,Visual discovery and bookmarking,Korea,114.04,medium,False,2017-04-16,3422,old
U02068,Quora,Quora Inc.,Q&A knowledge sharing,Aruba,229.13,high,True,2024-11-01,666,established
U02069,Pinterest,Pinterest Inc.,Visual discovery and bookmarking,Malawi,159.36,medium,True,2021-10-07,1787,old
U02070,YouTube,Google,Video sharing,Fiji,64.07,medium,False,2020-11-17,2111,old
U02071,Threads,Meta,Text-based social networking,Czech Republic,69.86,medium,False,2023-07-23,1133,old
U02072,Telegram,Telegram FZ LLC,Messaging,Benin,275.1,high,True,2017-06-26,3351,old
U02073,Pinterest,Pinterest Inc.,Visual discovery and bookmarking,Bangladesh,31.58,low,True,2026-04-13,138,new
U02074,WeChat,Tencent,Messaging and social media,Taiwan,171.38,medium,False,2018-04-23,3050,old
U02075,Pinterest,Pinterest Inc.,Visual discovery and bookmarking,Andorra,199.85,high,True,2021-07-29,1857,old
U02076,TikTok,ByteDance,Short-form videos,Mauritius,91.71,medium,False,2017-06-05,3372,old
U02077,WeChat,Tencent,Messaging and social media,Peru,106.66,medium,True,2020-11-29,2099,old
U02078,Snapchat,Snap Inc.,Multimedia messaging,Tajikistan,57.39,low,True,2025-02-23,552,established
U02079,Reddit,Reddit Inc.,Discussion forums and communities,United States Minor Outlying Islands,253.48,high,False,2015-08-05,4042,old
U02080,YouTube,Google,Video sharing,Tajikistan,50.32,low,True,2023-08-10,1115,old
U02081,WeChat,Tencent,Messaging and social media,Grenada,39.15,low,True,2021-01-09,2058,old
U02082,LinkedIn,Microsoft,Professional networking,Singapore,165.74,medium,True,2022-06-07,1544,old
U02083,Instagram,Meta,Photo and video sharing,Azerbaijan,253.58,high,False,2017-10-23,3232,old
U02084,LinkedIn,Microsoft,Professional networking,Saint Pierre and Miquelon,240.62,high,True,2015-12-19,3906,old
U02085,Telegram,Telegram FZ LLC,Messaging,Trinidad and Tobago,299.74,high,True,2016-11-09,3580,old
U02086,Telegram,Telegram FZ LLC,Messaging,Sierra Leone,110.79,medium,False,2016-01-21,3873,old
U02087,X (formerly Twitter),X Corp.,Microblogging,Iran,269.68,high,True,2018-09-30,2890,old
U02088,TikTok,ByteDance,Short-form videos,Belize,265.63,high,False,2021-08-02,1853,old
U02089,LinkedIn,Microsoft,Professional networking,Haiti,149.36,medium,False,2025-03-30,517,established
U02090,Reddit,Reddit Inc.,Discussion forums and communities,Poland,285.4,high,True,2024-04-23,858,old
U02091,Quora,Quora Inc.,Q&A knowledge sharing,Saint Lucia,41.43,low,True,2021-12-13,1720,old
U02092,LinkedIn,Microsoft,Professional networking,Costa Rica,43.72,low,True,2016-08-08,3673,old
U02093,Pinterest,Pinterest Inc.,Visual discovery and bookmarking,Argentina,69.89,medium,False,2017-12-11,3183,old
U02094,X (formerly Twitter),X Corp.,Microblogging,Uruguay,145.18,medium,False,2024-12-02,635,established
U02095,Reddit,Reddit Inc.,Discussion forums and communities,Mexico,158.35,medium,True,2017-10-07,3248,old
U02096,X (formerly Twitter),X Corp.,Microblogging,United States Virgin Islands,53.47,low,False,2022-02-16,1655,old
U02097,WeChat,Tencent,Messaging and social media,Barbados,58.09,low,False,2021-02-19,2017,old
U02098,WhatsApp,Meta,Messaging,Ecuador,245.39,high,True,2021-07-17,1869,old
U02099,Pinterest,Pinterest Inc.,Visual discovery and bookmarking,Holy See (Vatican City State),118.03,medium,True,2019-04-30,2678,old
U02100,TikTok,ByteDance,Short-form videos,Cocos (Keeling) Islands,157.73,medium,True,2018-07-18,2964,old
U02101,YouTube,Google,Video sharing,Puerto Rico,7.5,low,False,2026-08-27,2,very_new
U02102,Telegram,Telegram FZ LLC,Messaging,Malta,164.0,medium,False,2026-06-02,88,new
U02103,Pinterest,Pinterest Inc.,Visual discovery and bookmarking,Argentina,277.4,high,False,2024-04-24,857,old
U02104,Facebook,Meta,Social networking,Sudan,116.72,medium,False,2023-05-22,1195,old
U02105,TikTok,ByteDance,Short-form videos,Spain,288.06,high,True,2024-09-11,717,established
U02106,LinkedIn,Microsoft,Professional networking,British Indian Ocean Territory (Chagos Archipelago),231.88,high,False,2021-02-22,2014,old
U02107,Threads,Meta,Text-based social networking,New Zealand,227.54,high,False,2017-03-11,3458,old
U02108,Telegram,Telegram FZ LLC,Messaging,Falkland Islands (Malvinas),233.63,high,False,2019-08-17,2569,old
U02109,Pinterest,Pinterest Inc.,Visual discovery and bookmarking,Turks and Caicos Islands,297.6,high,False,2020-06-07,2274,old
U02110,Instagram,Meta,Photo and video sharing,Kazakhstan,118.95,medium,False,2020-11-10,2118,old
U02111,TikTok,ByteDance,Short-form videos,Saudi Arabia,69.83,medium,False,2018-11-16,2843,old
U02112,Telegram,Telegram FZ LLC,Messaging,Palestinian Territory,225.19,high,False,2016-05-06,3767,old
U02113,Reddit,Reddit Inc.,Discussion forums and communities,Korea,202.81,high,True,2026-08-08,21,very_new
U02114,WhatsApp,Meta,Messaging,Saint Pierre and Miquelon,128.24,medium,False,2019-02-08,2759,old
U02115,TikTok,ByteDance,Short-form videos,Senegal,248.01,high,False,2020-07-29,2222,old
U02116,WeChat,Tencent,Messaging and social media,Lebanon,35.6,low,False,2026-05-23,98,new
U02117,Threads,Meta,Text-based social networking,Sweden,184.11,high,True,2018-07-28,2954,old
U02118,Quora,Quora Inc.,Q&A knowledge sharing,Lithuania,7.66,low,False,2018-12-24,2805,old
U02119,TikTok,ByteDance,Short-form videos,Canada,241.44,high,False,2023-04-01,1246,old
U02120,Telegram,Telegram FZ LLC,Messaging,Saint Helena,252.87,high,False,2023-09-07,1087,old
U02121,Snapchat,Snap Inc.,Multimedia messaging,Venezuela,35.29,low,False,2017-10-25,3230,old
U02122,Threads,Meta,Text-based social networking,Philippines,168.55,medium,True,2024-02-12,929,old
U02123,Facebook,Meta,Social networking,Paraguay,34.11,low,False,2021-04-10,1967,old
U02124,Facebook,Meta,Social networking,Georgia,222.35,high,False,2016-06-05,3737,old
U02125,Instagram,Meta,Photo and video sharing,British Virgin Islands,178.91,medium,True,2017-08-17,3299,old
U02126,Reddit,Reddit Inc.,Discussion forums and communities,Sierra Leone,194.26,high,False,2024-07-23,767,old
U02127,LinkedIn,Microsoft,Professional networking,United States of America,23.07,low,False,2021-05-02,1945,old
U02128,Threads,Meta,Text-based social networking,Tonga,186.35,high,False,2018-02-22,3110,old
U02129,Pinterest,Pinterest Inc.,Visual discovery and bookmarking,Senegal,184.49,high,False,2026-03-17,165,new
U02130,Telegram,Telegram FZ LLC,Messaging,Mauritania,216.19,high,False,2018-05-25,3018,old
U02131,WhatsApp,Meta,Messaging,Andorra,209.98,high,True,2020-03-29,2344,old
U02132,TikTok,ByteDance,Short-form videos,Finland,30.76,low,True,2026-08-03,26,very_new
U02133,Threads,Meta,Text-based social networking,Taiwan,102.56,medium,False,2026-05-06,115,new
U02134,X (formerly Twitter),X Corp.,Microblogging,Wallis and Futuna,286.22,high,False,2022-02-16,1655,old
U02135,LinkedIn,Microsoft,Professional networking,Morocco,190.82,high,False,2026-03-28,154,new
U02136,Reddit,Reddit Inc.,Discussion forums and communities,Qatar,63.04,medium,False,2026-08-17,12,very_new
U02137,Reddit,Reddit Inc.,Discussion forums and communities,Mongolia,254.15,high,False,2016-01-31,3863,old
U02138,TikTok,ByteDance,Short-form videos,Togo,158.72,medium,True,2017-09-02,3283,old
U02139,TikTok,ByteDance,Short-form videos,Ireland,132.93,medium,False,2017-12-14,3180,old
U02140,Quora,Quora Inc.,Q&A knowledge sharing,Netherlands Antilles,15.58,low,False,2019-07-20,2597,old
U02141,Snapchat,Snap Inc.,Multimedia messaging,Samoa,291.01,high,False,2019-01-09,2789,old
U02142,Telegram,Telegram FZ LLC,Messaging,Fiji,54.89,low,False,2016-01-05,3889,old
U02143,Threads,Meta,Text-based social networking,Armenia,74.15,medium,True,2024-10-16,682,established
U02144,TikTok,ByteDance,Short-form videos,Solomon Islands,151.07,medium,True,2022-09-28,1431,old
U02145,LinkedIn,Microsoft,Professional networking,South Africa,271.74,high,False,2022-07-10,1511,old
U02146,Reddit,Reddit Inc.,Discussion forums and communities,Sri Lanka,251.74,high,True,2026-08-14,15,very_new
U02147,Snapchat,Snap Inc.,Multimedia messaging,Finland,50.35,low,False,2021-08-16,1839,old
U02148,Reddit,Reddit Inc.,Discussion forums and communities,Hong Kong,183.37,high,True,2016-04-27,3776,old
U02149,TikTok,ByteDance,Short-form videos,Guernsey,56.51,low,False,2021-11-02,1761,old
U02150,Threads,Meta,Text-based social networking,Somalia,209.73,high,True,2026-06-28,62,new
U02151,Facebook,Meta,Social networking,Belarus,186.43,high,False,2022-10-06,1423,old
U02152,Facebook,Meta,Social networking,Canada,12.53,low,True,2021-05-04,1943,old
U02153,Threads,Meta,Text-based social networking,Tokelau,267.14,high,True,2020-01-07,2426,old
U02154,TikTok,ByteDance,Short-form videos,Somalia,113.23,medium,False,2026-08-22,7,very_new
U02155,LinkedIn,Microsoft,Professional networking,Venezuela,29.86,low,True,2021-08-13,1842,old
U02156,X (formerly Twitter),X Corp.,Microblogging,Tajikistan,212.63,high,False,2026-04-09,142,new
U02157,LinkedIn,Microsoft,Professional networking,Gambia,82.52,medium,False,2019-05-06,2672,old
U02158,Instagram,Meta,Photo and video sharing,Guam,207.0,high,False,2019-09-06,2549,old
U02159,Threads,Meta,Text-based social networking,Vanuatu,139.37,medium,True,2015-05-15,4124,old
U02160,LinkedIn,Microsoft,Professional networking,Zimbabwe,238.21,high,True,2022-09-06,1453,old
U02161,TikTok,ByteDance,Short-form videos,Fiji,243.96,high,False,2026-08-12,17,very_new
U02162,WeChat,Tencent,Messaging and social media,Suriname,179.87,medium,True,2019-03-07,2732,old
U02163,YouTube,Google,Video sharing,Tunisia,69.63,medium,True,2026-08-25,4,very_new
U02164,TikTok,ByteDance,Short-form videos,Samoa,69.62,medium,False,2019-07-15,2602,old
U02165,Instagram,Meta,Photo and video sharing,Belgium,172.36,medium,True,2021-08-17,1838,old
U02166,Reddit,Reddit Inc.,Discussion forums and communities,Bahrain,91.36,medium,False,2016-05-13,3760,old
U02167,Pinterest,Pinterest Inc.,Visual discovery and bookmarking,Oman,267.26,high,False,2017-12-05,3189,old
U02168,LinkedIn,Microsoft,Professional networking,Bouvet Island (Bouvetoya),149.6,medium,False,2023-09-21,1073,old
U02169,TikTok,ByteDance,Short-form videos,Hong Kong,78.02,medium,True,2022-06-28,1523,old
U02170,Threads,Meta,Text-based social networking,Sri Lanka,181.0,high,False,2026-08-14,15,very_new
U02171,Telegram,Telegram FZ LLC,Messaging,Jordan,168.38,medium,True,2017-07-03,3344,old
U02172,LinkedIn,Microsoft,Professional networking,Croatia,87.82,medium,False,2021-10-29,1765,old
U02173,Instagram,Meta,Photo and video sharing,Rwanda,125.3,medium,False,2015-12-28,3897,old
U02174,Snapchat,Snap Inc.,Multimedia messaging,Niger,253.07,high,True,2015-09-03,4013,old
U02175,Reddit,Reddit Inc.,Discussion forums and communities,Kazakhstan,130.82,medium,True,2018-06-21,2991,old
U02176,YouTube,Google,Video sharing,Gambia,141.1,medium,True,2023-01-09,1328,old
U02177,WhatsApp,Meta,Messaging,Saint Lucia,250.33,high,False,2017-02-14,3483,old
U02178,Threads,Meta,Text-based social networking,Panama,161.53,medium,True,2018-06-10,3002,old
U02179,Reddit,Reddit Inc.,Discussion forums and communities,Brazil,268.56,high,True,2026-04-23,128,new
U02180,Snapchat,Snap Inc.,Multimedia messaging,Argentina,64.08,medium,True,2016-12-15,3544,old
U02181,X (formerly Twitter),X Corp.,Microblogging,Kuwait,5.99,low,False,2022-01-13,1689,old
U02182,Reddit,Reddit Inc.,Discussion forums and communities,Germany,158.31,medium,True,2017-06-18,3359,old
U02183,Quora,Quora Inc.,Q&A knowledge sharing,Antarctica (the territory South of 60 deg S),286.69,high,False,2018-10-01,2889,old
U02184,LinkedIn,Microsoft,Professional networking,Reunion,38.93,low,True,2019-11-19,2475,old
U02185,LinkedIn,Microsoft,Professional networking,Svalbard & Jan Mayen Islands,295.5,high,False,2021-03-04,2004,old
U02186,Quora,Quora Inc.,Q&A knowledge sharing,Faroe Islands,166.82,medium,False,2024-03-03,909,old
U02187,WeChat,Tencent,Messaging and social media,Cook Islands,79.68,medium,False,2019-07-03,2614,old
U02188,Facebook,Meta,Social networking,New Caledonia,68.94,medium,False,2020-01-30,2403,old
U02189,Telegram,Telegram FZ LLC,Messaging,Mongolia,300.0,high,False,2024-09-16,712,established
U02190,Quora,Quora Inc.,Q&A knowledge sharing,Romania,65.42,medium,True,2016-11-14,3575,old
U02191,Pinterest,Pinterest Inc.,Visual discovery and bookmarking,Guam,88.72,medium,True,2018-10-30,2860,old
U02192,Pinterest,Pinterest Inc.,Visual discovery and bookmarking,Djibouti,74.86,medium,False,2021-01-07,2060,old
U02193,WhatsApp,Meta,Messaging,Micronesia,164.53,medium,True,2018-09-13,2907,old
U02194,YouTube,Google,Video sharing,Myanmar,127.84,medium,False,2021-04-22,1955,old
U02195,YouTube,Google,Video sharing,Liechtenstein,235.93,high,True,2026-07-01,59,new
U02196,WhatsApp,Meta,Messaging,Cocos (Keeling) Islands,293.49,high,True,2020-09-23,2166,old
U02197,Pinterest,Pinterest Inc.,Visual discovery and bookmarking,Saint Lucia,257.32,high,False,2024-04-23,858,old
U02198,Facebook,Meta,Social networking,Guam,88.12,medium,True,2017-11-19,3205,old
U02199,YouTube,Google,Video sharing,Aruba,21.2,low,False,2019-09-11,2544,old
U02200,Telegram,Telegram FZ LLC,Messaging,Oman,207.1,high,False,2017-02-01,3496,old
U02201,TikTok,ByteDance,Short-form videos,Falkland Islands (Malvinas),122.09,medium,True,2023-03-20,1258,old
U02202,Threads,Meta,Text-based social networking,Belgium,261.78,high,True,2015-06-03,4105,old
U02203,Threads,Meta,Text-based social networking,Mauritania,166.22,medium,False,2015-09-17,3999,old
U02204,Facebook,Meta,Social networking,Guernsey,203.96,high,False,2016-10-06,3614,old
U02205,TikTok,ByteDance,Short-form videos,Solomon Islands,229.68,high,False,2016-05-03,3770,old
U02206,Snapchat,Snap Inc.,Multimedia messaging,Zambia,260.22,high,True,2016-08-05,3676,old
U02207,WeChat,Tencent,Messaging and social media,Canada,58.49,low,True,2022-05-08,1574,old
U02208,Instagram,Meta,Photo and video sharing,Cape Verde,123.25,medium,True,2017-10-03,3252,old
U02209,X (formerly Twitter),X Corp.,Microblogging,Zimbabwe,162.56,medium,True,2015-09-05,4011,old
U02210,Instagram,Meta,Photo and video sharing,Niue,272.19,high,True,2026-03-31,151,new
U02211,Instagram,Meta,Photo and video sharing,United States Virgin Islands,108.94,medium,False,2023-12-27,976,old
U02212,TikTok,ByteDance,Short-form videos,Guatemala,101.23,medium,False,2024-02-04,937,old
U02213,Reddit,Reddit Inc.,Discussion forums and communities,Falkland Islands (Malvinas),162.78,medium,False,2023-09-12,1082,old
U02214,WeChat,Tencent,Messaging and social media,Ukraine,184.37,high,False,2017-06-09,3368,old
U02215,LinkedIn,Microsoft,Professional networking,Ireland,286.13,high,True,2021-03-18,1990,old
U02216,Telegram,Telegram FZ LLC,Messaging,Montenegro,45.36,low,False,2022-08-17,1473,old
U02217,YouTube,Google,Video sharing,Guinea,14.32,low,False,2023-05-15,1202,old
U02218,Quora,Quora Inc.,Q&A knowledge sharing,Chad,85.34,medium,False,2026-08-12,17,very_new
U02219,WeChat,Tencent,Messaging and social media,Burundi,77.56,medium,True,2026-05-10,111,new
U02220,Facebook,Meta,Social networking,Malta,135.68,medium,False,2022-10-13,1416,old
U02221,WhatsApp,Meta,Messaging,Mauritius,13.14,low,True,2023-02-14,1292,old
U02222,Instagram,Meta,Photo and video sharing,Yemen,299.66,high,True,2021-07-27,1859,old
U02223,WeChat,Tencent,Messaging and social media,Cuba,69.14,medium,False,2023-08-27,1098,old
U02224,Threads,Meta,Text-based social networking,Lesotho,141.51,medium,True,2021-06-10,1906,old
U02225,YouTube,Google,Video sharing,Cape Verde,119.86,medium,False,2021-01-27,2040,old
U02226,Instagram,Meta,Photo and video sharing,Namibia,291.4,high,True,2022-09-03,1456,old
U02227,Telegram,Telegram FZ LLC,Messaging,Germany,132.28,medium,True,2018-05-04,3039,old
U02228,Reddit,Reddit Inc.,Discussion forums and communities,Libyan Arab Jamahiriya,228.0,high,True,2017-02-06,3491,old
U02229,Facebook,Meta,Social networking,Cote d'Ivoire,76.19,medium,False,2017-04-11,3427,old
U02230,Instagram,Meta,Photo and video sharing,Bhutan,219.92,high,True,2023-01-04,1333,old
U02231,X (formerly Twitter),X Corp.,Microblogging,Cambodia,59.98,low,False,2018-10-02,2888,old
U02232,Instagram,Meta,Photo and video sharing,Christmas Island,128.31,medium,True,2020-11-16,2112,old
U02233,Telegram,Telegram FZ LLC,Messaging,Ghana,129.27,medium,True,2021-06-22,1894,old
U02234,X (formerly Twitter),X Corp.,Microblogging,Seychelles,26.75,low,False,2022-07-26,1495,old
U02235,X (formerly Twitter),X Corp.,Microblogging,India,25.0,low,False,2025-01-03,603,established
U02236,Facebook,Meta,Social networking,Senegal,120.18,medium,True,2022-03-31,1612,old
U02237,YouTube,Google,Video sharing,Saudi Arabia,240.13,high,True,2024-02-05,936,old
U02238,Telegram,Telegram FZ LLC,Messaging,Ireland,119.01,medium,True,2016-08-23,3658,old
U02239,Quora,Quora Inc.,Q&A knowledge sharing,Uruguay,161.56,medium,True,2017-10-14,3241,old
U02240,WeChat,Tencent,Messaging and social media,Tanzania,9.52,low,True,2019-11-08,2486,old
U02241,Pinterest,Pinterest Inc.,Visual discovery and bookmarking,Liberia,220.61,high,False,2015-08-07,4040,old
U02242,WhatsApp,Meta,Messaging,El Salvador,96.78,medium,True,2021-12-01,1732,old
U02243,YouTube,Google,Video sharing,Marshall Islands,159.39,medium,False,2017-08-18,3298,old
U02244,Telegram,Telegram FZ LLC,Messaging,Tanzania,10.19,low,True,2020-02-15,2387,old
U02245,Threads,Meta,Text-based social networking,Ethiopia,279.11,high,True,2022-12-15,1353,old
U02246,X (formerly Twitter),X Corp.,Microblogging,Yemen,162.79,medium,False,2018-09-19,2901,old
U02247,LinkedIn,Microsoft,Professional networking,French Southern Territories,74.22,medium,False,2026-08-04,25,very_new
U02248,Instagram,Meta,Photo and video sharing,Lesotho,144.22,medium,True,2022-12-02,1366,old
U02249,Snapchat,Snap Inc.,Multimedia messaging,Brazil,282.75,high,False,2021-01-24,2043,old
U02250,YouTube,Google,Video sharing,Congo,149.84,medium,True,2026-05-04,117,new
U02251,Threads,Meta,Text-based social networking,Bangladesh,196.5,high,False,2026-05-01,120,new
U02252,Reddit,Reddit Inc.,Discussion forums and communities,Spain,192.75,high,True,2025-04-06,510,established
U02253,WeChat,Tencent,Messaging and social media,Solomon Islands,186.64,high,False,2026-03-12,170,new
U02254,Facebook,Meta,Social networking,United States Virgin Islands,76.77,medium,False,2019-09-18,2537,old
U02255,WhatsApp,Meta,Messaging,Kyrgyz Republic,104.01,medium,False,2019-03-10,2729,old
U02256,Pinterest,Pinterest Inc.,Visual discovery and bookmarking,Samoa,40.18,low,True,2017-01-29,3499,old
U02257,Pinterest,Pinterest Inc.,Visual discovery and bookmarking,Nepal,258.73,high,False,2024-11-18,649,established
U02258,Pinterest,Pinterest Inc.,Visual discovery and bookmarking,Botswana,53.11,low,True,2016-01-25,3869,old
U02259,WhatsApp,Meta,Messaging,South Africa,123.01,medium,True,2023-04-10,1237,old
U02260,Pinterest,Pinterest Inc.,Visual discovery and bookmarking,China,41.33,low,False,2023-09-11,1083,old
U02261,Telegram,Telegram FZ LLC,Messaging,Iraq,271.53,high,True,2024-02-04,937,old
U02262,WeChat,Tencent,Messaging and social media,Singapore,242.34,high,True,2021-08-04,1851,old
U02263,WeChat,Tencent,Messaging and social media,Mauritania,83.15,medium,False,2026-07-23,37,new
U02264,Threads,Meta,Text-based social networking,Japan,100.69,medium,True,2020-09-12,2177,old
U02265,Facebook,Meta,Social networking,France,263.38,high,False,2018-02-13,3119,old
U02266,Facebook,Meta,Social networking,Kuwait,179.86,medium,True,2024-12-12,625,established
U02267,WeChat,Tencent,Messaging and social media,Georgia,212.8,high,False,2021-08-20,1835,old
U02268,TikTok,ByteDance,Short-form videos,Poland,203.84,high,False,2021-03-13,1995,old
U02269,WeChat,Tencent,Messaging and social media,Lebanon,147.93,medium,True,2019-03-24,2715,old
U02270,Pinterest,Pinterest Inc.,Visual discovery and bookmarking,Togo,61.11,medium,True,2018-05-29,3014,old
U02271,TikTok,ByteDance,Short-form videos,Jersey,276.79,high,False,2016-10-28,3592,old
U02272,X (formerly Twitter),X Corp.,Microblogging,Panama,259.73,high,True,2017-12-11,3183,old
U02273,X (formerly Twitter),X Corp.,Microblogging,Greece,233.35,high,False,2025-02-20,555,established
U02274,Threads,Meta,Text-based social networking,Singapore,261.37,high,True,2022-05-23,1559,old
U02275,TikTok,ByteDance,Short-form videos,Congo,213.92,high,False,2025-01-11,595,established
U02276,Facebook,Meta,Social networking,Bolivia,8.59,low,True,2016-02-07,3856,old
U02277,Threads,Meta,Text-based social networking,Anguilla,55.17,low,True,2020-12-25,2073,old
U02278,YouTube,Google,Video sharing,Saudi Arabia,135.97,medium,True,2021-02-10,2026,old
U02279,TikTok,ByteDance,Short-form videos,Congo,223.54,high,False,2026-08-19,10,very_new
U02280,LinkedIn,Microsoft,Professional networking,Togo,205.42,high,True,2024-06-21,799,old
U02281,Pinterest,Pinterest Inc.,Visual discovery and bookmarking,Armenia,110.35,medium,False,2023-03-13,1265,old
U02282,Reddit,Reddit Inc.,Discussion forums and communities,Ethiopia,221.53,high,True,2020-09-21,2168,old
U02283,Instagram,Meta,Photo and video sharing,South Georgia and the South Sandwich Islands,187.4,high,True,2018-03-19,3085,old
U02284,Telegram,Telegram FZ LLC,Messaging,Antarctica (the territory South of 60 deg S),32.13,low,True,2016-03-19,3815,old
U02285,X (formerly Twitter),X Corp.,Microblogging,Heard Island and McDonald Islands,164.62,medium,True,2025-04-04,512,established
U02286,X (formerly Twitter),X Corp.,Microblogging,Barbados,292.74,high,False,2026-06-13,77,new
U02287,Snapchat,Snap Inc.,Multimedia messaging,Sweden,114.74,medium,False,2024-12-19,618,established
U02288,Reddit,Reddit Inc.,Discussion forums and communities,Brunei Darussalam,186.66,high,False,2023-10-01,1063,old
U02289,Quora,Quora Inc.,Q&A knowledge sharing,South Georgia and the South Sandwich Islands,15.92,low,False,2024-06-19,801,old
U02290,LinkedIn,Microsoft,Professional networking,French Guiana,179.78,medium,False,2020-01-28,2405,old
U02291,Reddit,Reddit Inc.,Discussion forums and communities,Argentina,190.28,high,False,2025-03-07,540,established
U02292,Pinterest,Pinterest Inc.,Visual discovery and bookmarking,Greenland,11.43,low,True,2023-12-01,1002,old
U02293,TikTok,ByteDance,Short-form videos,Puerto Rico,110.21,medium,True,2024-06-04,816,old
U02294,TikTok,ByteDance,Short-form videos,Kazakhstan,68.21,medium,False,2022-07-25,1496,old
U02295,Telegram,Telegram FZ LLC,Messaging,Estonia,53.86,low,True,2024-05-21,830,old
U02296,X (formerly Twitter),X Corp.,Microblogging,Faroe Islands,219.43,high,True,2024-05-07,844,old
U02297,Threads,Meta,Text-based social networking,Guam,222.67,high,True,2016-07-25,3687,old
U02298,WhatsApp,Meta,Messaging,Sweden,213.35,high,False,2026-08-17,12,very_new
U02299,Snapchat,Snap Inc.,Multimedia messaging,Turks and Caicos Islands,282.91,high,False,2021-09-08,1816,old
U02300,Snapchat,Snap Inc.,Multimedia messaging,Heard Island and McDonald Islands,162.22,medium,True,2017-03-29,3440,old
U02301,TikTok,ByteDance,Short-form videos,Uruguay,244.03,high,False,2021-11-23,1740,old
U02302,YouTube,Google,Video sharing,Somalia,110.72,medium,True,2024-12-07,630,established
U02303,WhatsApp,Meta,Messaging,Central African Republic,235.65,high,True,2022-02-13,1658,old
U02304,YouTube,Google,Video sharing,Armenia,154.97,medium,False,2017-01-24,3504,old
U02305,Facebook,Meta,Social networking,Cyprus,282.79,high,True,2021-03-04,2004,old
U02306,Pinterest,Pinterest Inc.,Visual discovery and bookmarking,Gibraltar,34.27,low,True,2016-10-13,3607,old
U02307,Threads,Meta,Text-based social networking,Guam,124.35,medium,False,2026-06-14,76,new
U02308,X (formerly Twitter),X Corp.,Microblogging,Australia,211.21,high,False,2018-09-17,2903,old
U02309,LinkedIn,Microsoft,Professional networking,Lao People's Democratic Republic,145.11,medium,True,2022-08-04,1486,old
U02310,Snapchat,Snap Inc.,Multimedia messaging,Guatemala,211.36,high,True,2026-08-21,8,very_new
U02311,Quora,Quora Inc.,Q&A knowledge sharing,Pakistan,139.12,medium,False,2021-12-20,1713,old
U02312,WeChat,Tencent,Messaging and social media,Tanzania,276.02,high,False,2024-10-31,667,established
U02313,Quora,Quora Inc.,Q&A knowledge sharing,Sweden,50.9,low,False,2026-08-18,11,very_new
U02314,Snapchat,Snap Inc.,Multimedia messaging,Pakistan,55.32,low,True,2020-05-29,2283,old
U02315,Reddit,Reddit Inc.,Discussion forums and communities,Chile,153.85,medium,False,2021-04-26,1951,old
U02316,Facebook,Meta,Social networking,Fiji,171.56,medium,True,2020-02-17,2385,old
U02317,Quora,Quora Inc.,Q&A knowledge sharing,Antigua and Barbuda,9.78,low,False,2024-06-26,794,old
U02318,Telegram,Telegram FZ LLC,Messaging,Haiti,224.33,high,False,2022-02-05,1666,old
U02319,LinkedIn,Microsoft,Professional networking,Equatorial Guinea,229.95,high,False,2021-12-31,1702,old
U02320,Instagram,Meta,Photo and video sharing,Jordan,179.35,medium,False,2024-07-10,780,old
U02321,Facebook,Meta,Social networking,Luxembourg,269.57,high,False,2024-05-07,844,old
U02322,YouTube,Google,Video sharing,Greenland,205.09,high,True,2021-10-21,1773,old
U02323,WhatsApp,Meta,Messaging,Norfolk Island,225.73,high,True,2018-09-16,2904,old
U02324,Reddit,Reddit Inc.,Discussion forums and communities,Croatia,24.05,low,True,2019-11-19,2475,old
U02325,X (formerly Twitter),X Corp.,Microblogging,Italy,59.53,low,False,2016-12-01,3558,old
U02326,Instagram,Meta,Photo and video sharing,Venezuela,196.83,high,False,2026-06-25,65,new
U02327,WhatsApp,Meta,Messaging,Puerto Rico,185.0,high,False,2018-08-16,2935,old
U02328,WhatsApp,Meta,Messaging,Norway,6.15,low,False,2023-04-28,1219,old
U02329,WeChat,Tencent,Messaging and social media,Marshall Islands,239.88,high,True,2020-02-20,2382,old
U02330,Facebook,Meta,Social networking,Guinea-Bissau,223.7,high,False,2017-07-15,3332,old
U02331,LinkedIn,Microsoft,Professional networking,Northern Mariana Islands,295.69,high,False,2023-06-29,1157,old
U02332,X (formerly Twitter),X Corp.,Microblogging,Suriname,177.43,medium,True,2024-05-27,824,old
U02333,Pinterest,Pinterest Inc.,Visual discovery and bookmarking,Suriname,200.47,high,False,2019-08-20,2566,old
U02334,YouTube,Google,Video sharing,Netherlands Antilles,150.5,medium,True,2022-04-09,1603,old
U02335,Quora,Quora Inc.,Q&A knowledge sharing,Hong Kong,18.63,low,False,2015-10-05,3981,old
U02336,YouTube,Google,Video sharing,Cote d'Ivoire,158.18,medium,False,2016-06-30,3712,old
U02337,Telegram,Telegram FZ LLC,Messaging,Cote d'Ivoire,104.23,medium,True,2015-12-08,3917,old
U02338,YouTube,Google,Video sharing,Austria,147.22,medium,False,2016-09-19,3631,old
U02339,X (formerly Twitter),X Corp.,Microblogging,Saint Pierre and Miquelon,186.62,high,True,2016-08-11,3670,old
U02340,Reddit,Reddit Inc.,Discussion forums and communities,Taiwan,252.08,high,True,2016-12-16,3543,old
U02341,LinkedIn,Microsoft,Professional networking,Saint Vincent and the Grenadines,204.01,high,True,2022-01-08,1694,old
U02342,WhatsApp,Meta,Messaging,Liberia,160.71,medium,False,2016-07-26,3686,old
U02343,Pinterest,Pinterest Inc.,Visual discovery and bookmarking,Antarctica (the territory South of 60 deg S),239.18,high,False,2024-12-06,631,established
U02344,Instagram,Meta,Photo and video sharing,Wallis and Futuna,133.44,medium,True,2023-07-07,1149,old
U02345,WhatsApp,Meta,Messaging,Georgia,179.55,medium,True,2015-11-02,3953,old
U02346,Pinterest,Pinterest Inc.,Visual discovery and bookmarking,Senegal,5.67,low,True,2021-03-08,2000,old
U02347,Snapchat,Snap Inc.,Multimedia messaging,Svalbard & Jan Mayen Islands,220.91,high,False,2020-11-17,2111,old
U02348,Facebook,Meta,Social networking,Syrian Arab Republic,205.1,high,False,2016-04-12,3791,old
U02349,Quora,Quora Inc.,Q&A knowledge sharing,Samoa,234.97,high,False,2024-02-01,940,old
U02350,Pinterest,Pinterest Inc.,Visual discovery and bookmarking,Isle of Man,205.45,high,False,2016-06-11,3731,old
U02351,Telegram,Telegram FZ LLC,Messaging,Colombia,171.06,medium,False,2017-06-12,3365,old
U02352,Pinterest,Pinterest Inc.,Visual discovery and bookmarking,Botswana,249.69,high,False,2022-10-13,1416,old
U02353,Snapchat,Snap Inc.,Multimedia messaging,United States Virgin Islands,14.65,low,True,2015-11-26,3929,old
U02354,X (formerly Twitter),X Corp.,Microblogging,Uzbekistan,282.29,high,False,2017-05-27,3381,old
U02355,TikTok,ByteDance,Short-form videos,Saint Martin,277.21,high,True,2023-05-14,1203,old
U02356,LinkedIn,Microsoft,Professional networking,Netherlands Antilles,180.99,high,False,2026-07-21,39,new
U02357,Pinterest,Pinterest Inc.,Visual discovery and bookmarking,Maldives,92.61,medium,True,2024-08-17,742,old
U02358,LinkedIn,Microsoft,Professional networking,Sweden,131.2,medium,True,2026-04-30,121,new
U02359,WhatsApp,Meta,Messaging,Belize,51.15,low,False,2015-09-12,4004,old
U02360,Quora,Quora Inc.,Q&A knowledge sharing,Slovenia,268.38,high,True,2018-05-07,3036,old
U02361,WhatsApp,Meta,Messaging,American Samoa,279.96,high,False,2019-03-08,2731,old
U02362,WeChat,Tencent,Messaging and social media,Saint Barthelemy,175.82,medium,True,2026-08-23,6,very_new
U02363,Instagram,Meta,Photo and video sharing,Iceland,206.25,high,True,2020-06-17,2264,old
U02364,TikTok,ByteDance,Short-form videos,Mexico,253.1,high,False,2020-04-04,2338,old
U02365,WeChat,Tencent,Messaging and social media,Cyprus,98.49,medium,True,2023-07-08,1148,old
U02366,Reddit,Reddit Inc.,Discussion forums and communities,Cook Islands,132.57,medium,True,2026-08-12,17,very_new
U02367,Snapchat,Snap Inc.,Multimedia messaging,Falkland Islands (Malvinas),107.17,medium,False,2025-03-23,524,established
U02368,Pinterest,Pinterest Inc.,Visual discovery and bookmarking,Rwanda,42.4,low,True,2021-08-09,1846,old
U02369,Snapchat,Snap Inc.,Multimedia messaging,Palestinian Territory,176.11,medium,True,2024-12-12,625,established
U02370,Facebook,Meta,Social networking,Iceland,114.38,medium,False,2017-01-03,3525,old
U02371,YouTube,Google,Video sharing,Kyrgyz Republic,20.66,low,True,2020-12-23,2075,old
U02372,LinkedIn,Microsoft,Professional networking,Oman,15.48,low,True,2019-01-02,2796,old
U02373,Reddit,Reddit Inc.,Discussion forums and communities,Netherlands Antilles,108.81,medium,True,2020-08-03,2217,old
U02374,Pinterest,Pinterest Inc.,Visual discovery and bookmarking,British Indian Ocean Territory (Chagos Archipelago),149.25,medium,False,2023-05-29,1188,old
U02375,Reddit,Reddit Inc.,Discussion forums and communities,Christmas Island,52.77,low,False,2020-12-15,2083,old
U02376,TikTok,ByteDance,Short-form videos,Libyan Arab Jamahiriya,117.78,medium,True,2024-09-22,706,established
U02377,Instagram,Meta,Photo and video sharing,Tunisia,90.51,medium,True,2023-06-21,1165,old
U02378,Threads,Meta,Text-based social networking,Singapore,52.53,low,False,2026-03-09,173,new
U02379,Instagram,Meta,Photo and video sharing,Belgium,143.56,medium,False,2023-02-09,1297,old
U02380,Snapchat,Snap Inc.,Multimedia messaging,Tanzania,202.35,high,True,2022-03-21,1622,old
U02381,Reddit,Reddit Inc.,Discussion forums and communities,Lao People's Democratic Republic,43.67,low,True,2023-09-02,1092,old
U02382,YouTube,Google,Video sharing,Zambia,180.68,high,False,2026-06-28,62,new
U02383,Pinterest,Pinterest Inc.,Visual discovery and bookmarking,Mongolia,257.16,high,True,2022-07-12,1509,old
U02384,X (formerly Twitter),X Corp.,Microblogging,Botswana,161.18,medium,True,2020-08-18,2202,old
U02385,Reddit,Reddit Inc.,Discussion forums and communities,Montserrat,16.27,low,True,2021-09-26,1798,old
U02386,X (formerly Twitter),X Corp.,Microblogging,Macao,244.82,high,False,2022-04-15,1597,old
U02387,Pinterest,Pinterest Inc.,Visual discovery and bookmarking,Lesotho,95.08,medium,True,2015-07-10,4068,old
U02388,Pinterest,Pinterest Inc.,Visual discovery and bookmarking,Singapore,108.15,medium,False,2021-10-05,1789,old
U02389,Threads,Meta,Text-based social networking,Botswana,194.64,high,False,2026-03-04,178,new
U02390,TikTok,ByteDance,Short-form videos,United States of America,239.5,high,False,2019-03-05,2734,old
U02391,Quora,Quora Inc.,Q&A knowledge sharing,Romania,85.81,medium,True,2018-05-15,3028,old
U02392,TikTok,ByteDance,Short-form videos,Rwanda,186.79,high,False,2017-01-23,3505,old
U02393,Pinterest,Pinterest Inc.,Visual discovery and bookmarking,Greece,56.64,low,False,2016-10-15,3605,old
U02394,Reddit,Reddit Inc.,Discussion forums and communities,Cayman Islands,56.28,low,True,2024-10-23,675,established
U02395,Snapchat,Snap Inc.,Multimedia messaging,Czech Republic,274.73,high,True,2020-03-18,2355,old
U02396,YouTube,Google,Video sharing,Lebanon,40.09,low,False,2016-05-26,3747,old
U02397,Pinterest,Pinterest Inc.,Visual discovery and bookmarking,Tokelau,92.62,medium,False,2020-07-22,2229,old
U02398,LinkedIn,Microsoft,Professional networking,Indonesia,126.12,medium,False,2019-08-06,2580,old
U02399,Facebook,Meta,Social networking,Togo,24.53,low,True,2020-06-04,2277,old
U02400,Reddit,Reddit Inc.,Discussion forums and communities,Mozambique,219.44,high,False,2019-01-09,2789,old
U02401,Instagram,Meta,Photo and video sharing,Palau,281.29,high,True,2022-12-20,1348,old
U02402,Telegram,Telegram FZ LLC,Messaging,Mongolia,25.09,low,True,2020-08-02,2218,old
U02403,X (formerly Twitter),X Corp.,Microblogging,Sweden,219.51,high,True,2015-07-12,4066,old
U02404,Reddit,Reddit Inc.,Discussion forums and communities,Ecuador,237.78,high,True,2020-10-10,2149,old
U02405,Facebook,Meta,Social networking,Saint Lucia,67.58,medium,False,2017-08-10,3306,old
U02406,YouTube,Google,Video sharing,Liechtenstein,86.47,medium,False,2016-01-24,3870,old
U02407,Instagram,Meta,Photo and video sharing,Turkey,86.12,medium,False,2023-02-13,1293,old
U02408,TikTok,ByteDance,Short-form videos,Guam,103.88,medium,True,2026-08-28,1,very_new
U02409,Reddit,Reddit Inc.,Discussion forums and communities,Afghanistan,172.84,medium,False,2024-04-11,870,old
U02410,TikTok,ByteDance,Short-form videos,British Virgin Islands,76.38,medium,False,2016-12-25,3534,old
U02411,Pinterest,Pinterest Inc.,Visual discovery and bookmarking,Myanmar,9.63,low,False,2016-06-26,3716,old
U02412,Instagram,Meta,Photo and video sharing,Cameroon,28.51,low,True,2025-02-17,558,established
U02413,X (formerly Twitter),X Corp.,Microblogging,Swaziland,18.48,low,False,2026-08-11,18,very_new
U02414,Pinterest,Pinterest Inc.,Visual discovery and bookmarking,Botswana,75.76,medium,False,2017-05-04,3404,old
U02415,Instagram,Meta,Photo and video sharing,Bouvet Island (Bouvetoya),20.06,low,False,2016-06-16,3726,old
U02416,Reddit,Reddit Inc.,Discussion forums and communities,United States Virgin Islands,162.87,medium,False,2021-02-07,2029,old
U02417,YouTube,Google,Video sharing,Falkland Islands (Malvinas),118.7,medium,False,2026-05-12,109,new
U02418,YouTube,Google,Video sharing,Costa Rica,159.03,medium,True,2026-08-10,19,very_new
U02419,Quora,Quora Inc.,Q&A knowledge sharing,Italy,266.76,high,False,2021-02-13,2023,old
U02420,Instagram,Meta,Photo and video sharing,Gambia,104.94,medium,False,2020-08-26,2194,old
U02421,Instagram,Meta,Photo and video sharing,Gambia,24.07,low,False,2020-01-12,2421,old
U02422,Instagram,Meta,Photo and video sharing,Benin,276.7,high,False,2025-04-08,508,established
U02423,X (formerly Twitter),X Corp.,Microblogging,Lithuania,17.02,low,True,2026-06-04,86,new
U02424,WeChat,Tencent,Messaging and social media,United Kingdom,219.81,high,True,2023-03-19,1259,old
U02425,Instagram,Meta,Photo and video sharing,Australia,99.01,medium,True,2021-06-24,1892,old
U02426,TikTok,ByteDance,Short-form videos,Belize,165.38,medium,False,2021-11-10,1753,old
U02427,YouTube,Google,Video sharing,New Caledonia,227.53,high,True,2022-03-05,1638,old
U02428,LinkedIn,Microsoft,Professional networking,Chile,28.91,low,False,2022-08-08,1482,old
U02429,TikTok,ByteDance,Short-form videos,Ghana,176.96,medium,False,2018-03-27,3077,old
U02430,WeChat,Tencent,Messaging and social media,Palau,175.45,medium,False,2018-08-04,2947,old
U02431,YouTube,Google,Video sharing,Syrian Arab Republic,296.6,high,True,2026-06-08,82,new
U02432,Telegram,Telegram FZ LLC,Messaging,Mexico,84.29,medium,False,2019-09-06,2549,old
U02433,WeChat,Tencent,Messaging and social media,Burkina Faso,185.01,high,False,2023-06-05,1181,old
U02434,X (formerly Twitter),X Corp.,Microblogging,Egypt,127.66,medium,False,2026-08-22,7,very_new
U02435,YouTube,Google,Video sharing,France,288.23,high,False,2019-05-13,2665,old
U02436,Facebook,Meta,Social networking,Gambia,118.57,medium,True,2018-08-26,2925,old
U02437,TikTok,ByteDance,Short-form videos,Isle of Man,227.57,high,False,2017-09-20,3265,old
U02438,Threads,Meta,Text-based social networking,Seychelles,228.05,high,True,2021-07-30,1856,old
U02439,Snapchat,Snap Inc.,Multimedia messaging,Georgia,187.26,high,True,2018-06-24,2988,old
U02440,Facebook,Meta,Social networking,Bahamas,211.15,high,False,2020-06-03,2278,old
U02441,TikTok,ByteDance,Short-form videos,Montenegro,297.2,high,True,2026-07-31,29,very_new
U02442,X (formerly Twitter),X Corp.,Microblogging,Grenada,175.44,medium,True,2026-08-27,2,very_new
U02443,Facebook,Meta,Social networking,Malaysia,23.79,low,True,2017-12-06,3188,old
U02444,Threads,Meta,Text-based social networking,Serbia,181.5,high,False,2026-08-14,15,very_new
U02445,Facebook,Meta,Social networking,Tonga,251.53,high,True,2026-06-13,77,new
U02446,TikTok,ByteDance,Short-form videos,Turkmenistan,271.01,high,False,2015-11-29,3926,old
U02447,Instagram,Meta,Photo and video sharing,Antarctica (the territory South of 60 deg S),89.23,medium,False,2023-08-13,1112,old
U02448,Telegram,Telegram FZ LLC,Messaging,Bahrain,252.71,high,True,2016-09-03,3647,old
U02449,Threads,Meta,Text-based social networking,San Marino,270.68,high,True,2016-12-12,3547,old
U02450,Threads,Meta,Text-based social networking,Micronesia,192.0,high,False,2015-12-20,3905,old
U02451,Facebook,Meta,Social networking,Lesotho,259.25,high,False,2020-06-30,2251,old
U02452,Pinterest,Pinterest Inc.,Visual discovery and bookmarking,Niue,149.21,medium,True,2016-04-15,3788,old
U02453,LinkedIn,Microsoft,Professional networking,Zambia,65.45,medium,False,2022-01-13,1689,old
U02454,Quora,Quora Inc.,Q&A knowledge sharing,Nepal,286.7,high,False,2026-08-07,22,very_new
U02455,WhatsApp,Meta,Messaging,Chad,158.49,medium,False,2021-01-26,2041,old
U02456,Quora,Quora Inc.,Q&A knowledge sharing,Argentina,227.79,high,False,2021-11-08,1755,old
U02457,Quora,Quora Inc.,Q&A knowledge sharing,Sri Lanka,71.09,medium,False,2015-12-18,3907,old
U02458,Snapchat,Snap Inc.,Multimedia messaging,Micronesia,68.47,medium,True,2019-04-21,2687,old
U02459,TikTok,ByteDance,Short-form videos,Bangladesh,127.43,medium,False,2026-08-16,13,very_new
U02460,YouTube,Google,Video sharing,Aruba,126.77,medium,False,2018-03-30,3074,old
U02461,Instagram,Meta,Photo and video sharing,Jamaica,66.67,medium,True,2023-02-28,1278,old
U02462,Quora,Quora Inc.,Q&A knowledge sharing,Togo,116.82,medium,False,2022-12-05,1363,old
U02463,WhatsApp,Meta,Messaging,Mauritania,32.06,low,True,2018-08-31,2920,old
U02464,Pinterest,Pinterest Inc.,Visual discovery and bookmarking,Marshall Islands,288.72,high,True,2022-03-08,1635,old
U02465,YouTube,Google,Video sharing,Cook Islands,92.6,medium,True,2021-04-03,1974,old
U02466,Instagram,Meta,Photo and video sharing,Tonga,120.95,medium,False,2022-10-02,1427,old
U02467,Telegram,Telegram FZ LLC,Messaging,United States Virgin Islands,69.7,medium,False,2016-09-30,3620,old
U02468,X (formerly Twitter),X Corp.,Microblogging,Nigeria,261.26,high,False,2023-10-31,1033,old
U02469,Pinterest,Pinterest Inc.,Visual discovery and bookmarking,Bangladesh,289.32,high,True,2020-07-30,2221,old
U02470,Reddit,Reddit Inc.,Discussion forums and communities,Cameroon,172.41,medium,False,2015-06-24,4084,old
U02471,WeChat,Tencent,Messaging and social media,Sweden,68.08,medium,True,2021-03-01,2007,old
U02472,WeChat,Tencent,Messaging and social media,Brazil,217.66,high,False,2018-03-22,3082,old
U02473,TikTok,ByteDance,Short-form videos,Lebanon,127.49,medium,True,2015-05-13,4126,old
U02474,WhatsApp,Meta,Messaging,Estonia,201.59,high,False,2016-03-26,3808,old
U02475,Telegram,Telegram FZ LLC,Messaging,Jamaica,141.18,medium,False,2015-08-16,4031,old
U02476,WhatsApp,Meta,Messaging,Liberia,256.01,high,False,2024-09-23,705,established
U02477,WhatsApp,Meta,Messaging,Guinea,12.2,low,True,2019-09-17,2538,old
U02478,YouTube,Google,Video sharing,Kiribati,152.57,medium,False,2022-01-05,1697,old
U02479,Threads,Meta,Text-based social networking,Fiji,294.56,high,True,2018-03-03,3101,old
U02480,YouTube,Google,Video sharing,Central African Republic,163.48,medium,False,2016-07-23,3689,old
U02481,Facebook,Meta,Social networking,Cyprus,174.96,medium,False,2026-08-01,28,very_new
U02482,Threads,Meta,Text-based social networking,United Kingdom,291.92,high,True,2025-02-12,563,established
U02483,YouTube,Google,Video sharing,Somalia,68.13,medium,True,2026-08-18,11,very_new
U02484,Threads,Meta,Text-based social networking,Brunei Darussalam,187.9,high,False,2016-09-28,3622,old
U02485,Facebook,Meta,Social networking,Seychelles,128.58,medium,False,2019-11-03,2491,old
U02486,Quora,Quora Inc.,Q&A knowledge sharing,Lebanon,172.8,medium,False,2015-09-09,4007,old
U02487,Facebook,Meta,Social networking,Seychelles,73.68,medium,False,2019-08-05,2581,old
U02488,WeChat,Tencent,Messaging and social media,Turks and Caicos Islands,268.19,high,True,2026-08-18,11,very_new
U02489,Facebook,Meta,Social networking,Nauru,235.47,high,True,2015-12-03,3922,old
U02490,Pinterest,Pinterest Inc.,Visual discovery and bookmarking,New Zealand,261.22,high,False,2017-03-11,3458,old
U02491,Threads,Meta,Text-based social networking,Mauritius,150.63,medium,False,2018-09-17,2903,old
U02492,TikTok,ByteDance,Short-form videos,Samoa,256.22,high,True,2017-08-10,3306,old
U02493,Snapchat,Snap Inc.,Multimedia messaging,Kazakhstan,212.97,high,True,2026-07-03,57,new
U02494,X (formerly Twitter),X Corp.,Microblogging,United States Minor Outlying Islands,173.81,medium,True,2020-02-22,2380,old
U02495,Instagram,Meta,Photo and video sharing,Nicaragua,150.51,medium,True,2022-06-04,1547,old
U02496,Reddit,Reddit Inc.,Discussion forums and communities,New Caledonia,21.87,low,True,2017-10-05,3250,old
U02497,Telegram,Telegram FZ LLC,Messaging,Slovenia,191.4,high,False,2026-08-20,9,very_new
U02498,Telegram,Telegram FZ LLC,Messaging,Ukraine,173.09,medium,True,2024-02-03,938,old
U02499,Instagram,Meta,Photo and video sharing,Colombia,294.17,high,True,2015-07-24,4054,old
U02500,X (formerly Twitter),X Corp.,Microblogging,British Indian Ocean Territory (Chagos Archipelago),104.19,medium,True,2021-05-12,1935,old
U02501,TikTok,ByteDance,Short-form videos,Estonia,61.91,medium,False,2024-07-21,769,old
U02502,LinkedIn,Microsoft,Professional networking,Sweden,296.28,high,True,2026-04-19,132,new
U02503,Pinterest,Pinterest Inc.,Visual discovery and bookmarking,Haiti,246.11,high,True,2025-01-31,575,established
U02504,TikTok,ByteDance,Short-form videos,Cocos (Keeling) Islands,146.13,medium,False,2026-08-09,20,very_new
U02505,Quora,Quora Inc.,Q&A knowledge sharing,Korea,94.27,medium,True,2026-08-17,12,very_new
U02506,Quora,Quora Inc.,Q&A knowledge sharing,Argentina,57.19,low,True,2020-11-27,2101,old
U02507,Snapchat,Snap Inc.,Multimedia messaging,Somalia,295.62,high,False,2017-02-25,3472,old
U02508,Telegram,Telegram FZ LLC,Messaging,China,293.68,high,True,2026-06-13,77,new
U02509,Threads,Meta,Text-based social networking,Kazakhstan,174.5,medium,False,2018-11-17,2842,old
U02510,LinkedIn,Microsoft,Professional networking,Malaysia,244.2,high,True,2022-10-18,1411,old
U02511,Facebook,Meta,Social networking,Serbia,48.96,low,False,2020-05-19,2293,old
U02512,TikTok,ByteDance,Short-form videos,Philippines,158.54,medium,True,2024-06-28,792,old
U02513,YouTube,Google,Video sharing,Bermuda,9.17,low,True,2017-03-04,3465,old
U02514,TikTok,ByteDance,Short-form videos,Ukraine,173.73,medium,False,2021-03-07,2001,old
U02515,Instagram,Meta,Photo and video sharing,Togo,245.8,high,True,2017-12-13,3181,old
U02516,X (formerly Twitter),X Corp.,Microblogging,Spain,297.28,high,True,2020-09-20,2169,old
U02517,Instagram,Meta,Photo and video sharing,Philippines,269.74,high,True,2015-07-19,4059,old
U02518,Telegram,Telegram FZ LLC,Messaging,Turks and Caicos Islands,239.45,high,False,2026-07-01,59,new
U02519,Quora,Quora Inc.,Q&A knowledge sharing,Cayman Islands,31.33,low,False,2023-03-07,1271,old
U02520,Quora,Quora Inc.,Q&A knowledge sharing,British Indian Ocean Territory (Chagos Archipelago),231.97,high,True,2024-09-05,723,established
U02521,X (formerly Twitter),X Corp.,Microblogging,Micronesia,55.38,low,True,2017-01-12,3516,old
U02522,Instagram,Meta,Photo and video sharing,Falkland Islands (Malvinas),155.17,medium,True,2017-09-04,3281,old
U02523,WhatsApp,Meta,Messaging,Saint Helena,8.32,low,False,2015-09-28,3988,old
U02524,Telegram,Telegram FZ LLC,Messaging,Kyrgyz Republic,120.03,medium,True,2017-08-05,3311,old
U02525,Facebook,Meta,Social networking,Bolivia,42.28,low,True,2026-08-13,16,very_new
U02526,LinkedIn,Microsoft,Professional networking,Romania,69.24,medium,False,2019-06-12,2635,old
U02527,WeChat,Tencent,Messaging and social media,Jordan,157.56,medium,True,2022-09-29,1430,old
U02528,Instagram,Meta,Photo and video sharing,Vanuatu,93.51,medium,True,2017-05-14,3394,old
U02529,X (formerly Twitter),X Corp.,Microblogging,Morocco,256.3,high,False,2015-11-05,3950,old
U02530,Snapchat,Snap Inc.,Multimedia messaging,Nauru,120.28,medium,False,2024-05-04,847,old
U02531,Snapchat,Snap Inc.,Multimedia messaging,Christmas Island,241.71,high,False,2026-06-15,75,new
U02532,YouTube,Google,Video sharing,Poland,145.71,medium,False,2016-03-07,3827,old
U02533,WhatsApp,Meta,Messaging,Suriname,266.61,high,False,2026-05-10,111,new
U02534,Threads,Meta,Text-based social networking,Seychelles,99.31,medium,False,2017-03-19,3450,old
U02535,LinkedIn,Microsoft,Professional networking,Malta,105.07,medium,True,2026-05-22,99,new
U02536,Quora,Quora Inc.,Q&A knowledge sharing,Guadeloupe,64.06,medium,False,2020-04-28,2314,old
U02537,Threads,Meta,Text-based social networking,Afghanistan,65.91,medium,False,2018-08-24,2927,old
U02538,Facebook,Meta,Social networking,Togo,65.69,medium,True,2020-03-10,2363,old
U02539,Instagram,Meta,Photo and video sharing,Congo,277.51,high,False,2018-10-26,2864,old
U02540,Threads,Meta,Text-based social networking,Jersey,182.51,high,True,2015-09-26,3990,old
U02541,Reddit,Reddit Inc.,Discussion forums and communities,Nauru,91.54,medium,True,2015-12-18,3907,old
U02542,WhatsApp,Meta,Messaging,Vietnam,101.68,medium,True,2022-12-08,1360,old
U02543,WeChat,Tencent,Messaging and social media,Indonesia,92.77,medium,True,2020-09-06,2183,old
U02544,Reddit,Reddit Inc.,Discussion forums and communities,Afghanistan,13.03,low,False,2026-08-14,15,very_new
U02545,LinkedIn,Microsoft,Professional networking,Haiti,69.09,medium,True,2017-07-03,3344,old
U02546,Facebook,Meta,Social networking,Bermuda,145.23,medium,True,2016-06-18,3724,old
U02547,LinkedIn,Microsoft,Professional networking,Vietnam,109.21,medium,True,2024-08-24,735,old
U02548,TikTok,ByteDance,Short-form videos,Burundi,52.6,low,True,2022-12-25,1343,old
U02549,Reddit,Reddit Inc.,Discussion forums and communities,Hungary,35.93,low,False,2020-04-21,2321,old
U02550,YouTube,Google,Video sharing,Morocco,13.46,low,False,2025-04-26,490,established
U02551,WeChat,Tencent,Messaging and social media,Nicaragua,69.65,medium,False,2026-08-14,15,very_new
U02552,Threads,Meta,Text-based social networking,Antigua and Barbuda,91.41,medium,False,2015-08-13,4034,old
U02553,Facebook,Meta,Social networking,Gibraltar,216.93,high,True,2023-11-11,1022,old
U02554,TikTok,ByteDance,Short-form videos,Sao Tome and Principe,273.99,high,True,2015-07-23,4055,old
U02555,Facebook,Meta,Social networking,Austria,113.59,medium,True,2024-02-26,915,old
U02556,LinkedIn,Microsoft,Professional networking,Guyana,172.96,medium,True,2026-03-04,178,new
U02557,X (formerly Twitter),X Corp.,Microblogging,Portugal,133.48,medium,True,2023-05-17,1200,old
U02558,TikTok,ByteDance,Short-form videos,Somalia,125.61,medium,True,2021-05-19,1928,old
U02559,Threads,Meta,Text-based social networking,Honduras,280.67,high,True,2018-04-25,3048,old
U02560,Snapchat,Snap Inc.,Multimedia messaging,El Salvador,268.73,high,True,2023-02-22,1284,old
U02561,WeChat,Tencent,Messaging and social media,Guam,138.82,medium,False,2025-03-13,534,established
U02562,Instagram,Meta,Photo and video sharing,Bolivia,254.92,high,False,2019-07-19,2598,old
U02563,TikTok,ByteDance,Short-form videos,Solomon Islands,121.52,medium,False,2020-09-07,2182,old
U02564,LinkedIn,Microsoft,Professional networking,Solomon Islands,228.86,high,False,2017-10-20,3235,old
U02565,Reddit,Reddit Inc.,Discussion forums and communities,India,297.28,high,True,2017-03-03,3466,old
U02566,Instagram,Meta,Photo and video sharing,Portugal,60.19,medium,False,2022-08-21,1469,old
U02567,Facebook,Meta,Social networking,Honduras,180.41,high,False,2023-07-24,1132,old
U02568,Reddit,Reddit Inc.,Discussion forums and communities,Seychelles,232.11,high,True,2023-05-13,1204,old
U02569,Quora,Quora Inc.,Q&A knowledge sharing,Gibraltar,129.93,medium,False,2023-11-16,1017,old
U02570,LinkedIn,Microsoft,Professional networking,Bahamas,205.15,high,True,2015-05-27,4112,old
U02571,Pinterest,Pinterest Inc.,Visual discovery and bookmarking,Tokelau,152.5,medium,True,2023-05-01,1216,old
U02572,Pinterest,Pinterest Inc.,Visual discovery and bookmarking,Congo,27.77,low,True,2015-05-25,4114,old
U02573,Facebook,Meta,Social networking,Barbados,210.92,high,False,2018-10-26,2864,old
U02574,YouTube,Google,Video sharing,South Africa,275.33,high,False,2023-10-03,1061,old
U02575,Facebook,Meta,Social networking,Tunisia,185.05,high,False,2017-01-01,3527,old
U02576,WhatsApp,Meta,Messaging,Belize,83.49,medium,False,2023-01-21,1316,old
U02577,Pinterest,Pinterest Inc.,Visual discovery and bookmarking,Saint Kitts and Nevis,65.93,medium,False,2016-06-20,3722,old
U02578,Threads,Meta,Text-based social networking,Botswana,192.99,high,False,2018-09-21,2899,old
U02579,X (formerly Twitter),X Corp.,Microblogging,Nigeria,170.24,medium,False,2019-11-12,2482,old
U02580,Instagram,Meta,Photo and video sharing,Greece,286.93,high,True,2017-03-01,3468,old
U02581,Quora,Quora Inc.,Q&A knowledge sharing,China,257.76,high,True,2017-11-16,3208,old
U02582,Telegram,Telegram FZ LLC,Messaging,Cyprus,127.77,medium,False,2023-10-08,1056,old
U02583,Facebook,Meta,Social networking,Palau,257.98,high,True,2016-02-18,3845,old
U02584,Telegram,Telegram FZ LLC,Messaging,Finland,80.6,medium,False,2022-03-07,1636,old
U02585,Instagram,Meta,Photo and video sharing,Cape Verde,63.23,medium,True,2021-04-09,1968,old
U02586,Quora,Quora Inc.,Q&A knowledge sharing,Namibia,40.29,low,False,2018-11-15,2844,old
U02587,X (formerly Twitter),X Corp.,Microblogging,Trinidad and Tobago,86.59,medium,False,2023-04-01,1246,old
U02588,LinkedIn,Microsoft,Professional networking,China,12.27,low,True,2020-10-15,2144,old
U02589,Reddit,Reddit Inc.,Discussion forums and communities,Jersey,242.85,high,False,2016-07-01,3711,old
U02590,LinkedIn,Microsoft,Professional networking,Libyan Arab Jamahiriya,284.79,high,True,2024-04-11,870,old
U02591,Quora,Quora Inc.,Q&A knowledge sharing,Bolivia,143.2,medium,True,2020-05-31,2281,old
U02592,TikTok,ByteDance,Short-form videos,Mauritius,39.79,low,False,2023-01-18,1319,old
U02593,Threads,Meta,Text-based social networking,Gabon,54.35,low,False,2026-08-21,8,very_new
U02594,WhatsApp,Meta,Messaging,Romania,26.26,low,True,2026-06-24,66,new
U02595,Pinterest,Pinterest Inc.,Visual discovery and bookmarking,Congo,18.65,low,False,2026-08-13,16,very_new
U02596,Quora,Quora Inc.,Q&A knowledge sharing,Myanmar,139.45,medium,False,2024-10-16,682,established
U02597,YouTube,Google,Video sharing,Kyrgyz Republic,118.01,medium,True,2023-09-28,1066,old
U02598,Snapchat,Snap Inc.,Multimedia messaging,Azerbaijan,64.6,medium,False,2023-02-14,1292,old
U02599,Pinterest,Pinterest Inc.,Visual discovery and bookmarking,Sao Tome and Principe,13.54,low,False,2023-01-07,1330,old
U02600,Pinterest,Pinterest Inc.,Visual discovery and bookmarking,Sudan,238.19,high,False,2021-02-23,2013,old
U02601,X (formerly Twitter),X Corp.,Microblogging,Switzerland,170.84,medium,True,2019-12-07,2457,old
U02602,WeChat,Tencent,Messaging and social media,Western Sahara,283.6,high,True,2022-04-30,1582,old
U02603,Reddit,Reddit Inc.,Discussion forums and communities,Cote d'Ivoire,277.58,high,True,2021-11-30,1733,old
U02604,WeChat,Tencent,Messaging and social media,Argentina,41.25,low,True,2026-08-03,26,very_new
U02605,Reddit,Reddit Inc.,Discussion forums and communities,Armenia,173.77,medium,False,2024-06-15,805,old
U02606,Telegram,Telegram FZ LLC,Messaging,Mauritania,180.89,high,False,2017-01-02,3526,old
U02607,WhatsApp,Meta,Messaging,France,43.32,low,False,2016-01-09,3885,old
U02608,TikTok,ByteDance,Short-form videos,Mayotte,295.86,high,False,2017-12-11,3183,old
U02609,Facebook,Meta,Social networking,Saudi Arabia,187.58,high,True,2016-12-12,3547,old
U02610,Reddit,Reddit Inc.,Discussion forums and communities,Somalia,297.57,high,False,2021-09-12,1812,old
U02611,Facebook,Meta,Social networking,Saint Martin,211.61,high,True,2015-12-15,3910,old
U02612,Instagram,Meta,Photo and video sharing,Cyprus,83.65,medium,True,2017-03-06,3463,old
U02613,Snapchat,Snap Inc.,Multimedia messaging,Andorra,292.12,high,False,2026-08-08,21,very_new
U02614,Pinterest,Pinterest Inc.,Visual discovery and bookmarking,Indonesia,237.86,high,False,2018-11-24,2835,old
U02615,WhatsApp,Meta,Messaging,El Salvador,64.3,medium,True,2016-08-04,3677,old
U02616,Telegram,Telegram FZ LLC,Messaging,Mauritania,76.63,medium,False,2016-04-29,3774,old
U02617,Quora,Quora Inc.,Q&A knowledge sharing,Barbados,103.35,medium,False,2017-03-12,3457,old
U02618,Quora,Quora Inc.,Q&A knowledge sharing,Vanuatu,207.56,high,False,2017-01-19,3509,old
U02619,Pinterest,Pinterest Inc.,Visual discovery and bookmarking,Pitcairn Islands,253.61,high,True,2021-02-18,2018,old
U02620,Pinterest,Pinterest Inc.,Visual discovery and bookmarking,Yemen,263.65,high,True,2020-06-18,2263,old
U02621,LinkedIn,Microsoft,Professional networking,Israel,101.02,medium,False,2020-05-14,2298,old
U02622,Pinterest,Pinterest Inc.,Visual discovery and bookmarking,Australia,212.24,high,True,2017-02-10,3487,old
U02623,Instagram,Meta,Photo and video sharing,Saint Pierre and Miquelon,22.62,low,True,2015-11-21,3934,old
U02624,Threads,Meta,Text-based social networking,Lesotho,260.33,high,True,2026-04-27,124,new
U02625,Pinterest,Pinterest Inc.,Visual discovery and bookmarking,Mauritania,65.09,medium,False,2026-06-09,81,new
U02626,YouTube,Google,Video sharing,Pitcairn Islands,204.15,high,False,2016-10-08,3612,old
U02627,Reddit,Reddit Inc.,Discussion forums and communities,Bermuda,83.12,medium,True,2016-03-26,3808,old
U02628,X (formerly Twitter),X Corp.,Microblogging,Northern Mariana Islands,237.03,high,True,2019-03-10,2729,old
U02629,Telegram,Telegram FZ LLC,Messaging,Hong Kong,21.97,low,False,2017-12-09,3185,old
U02630,TikTok,ByteDance,Short-form videos,Cuba,18.98,low,True,2026-06-26,64,new
U02631,Reddit,Reddit Inc.,Discussion forums and communities,Solomon Islands,37.97,low,True,2026-05-09,112,new
U02632,Facebook,Meta,Social networking,Latvia,142.3,medium,False,2016-07-05,3707,old
U02633,Threads,Meta,Text-based social networking,Suriname,186.64,high,False,2021-08-02,1853,old
U02634,Facebook,Meta,Social networking,Samoa,242.7,high,True,2020-03-05,2368,old
U02635,YouTube,Google,Video sharing,Bosnia and Herzegovina,258.14,high,False,2015-07-10,4068,old
U02636,Telegram,Telegram FZ LLC,Messaging,Ethiopia,162.97,medium,True,2020-03-08,2365,old
U02637,Instagram,Meta,Photo and video sharing,Serbia,49.93,low,False,2023-11-04,1029,old
U02638,TikTok,ByteDance,Short-form videos,Philippines,27.53,low,False,2024-06-19,801,old
U02639,WeChat,Tencent,Messaging and social media,Ecuador,63.72,medium,False,2026-05-18,103,new
U02640,X (formerly Twitter),X Corp.,Microblogging,French Polynesia,143.18,medium,False,2021-07-26,1860,old
U02641,Reddit,Reddit Inc.,Discussion forums and communities,French Guiana,273.56,high,False,2016-12-07,3552,old
U02642,Instagram,Meta,Photo and video sharing,Armenia,76.78,medium,True,2023-10-18,1046,old
U02643,Quora,Quora Inc.,Q&A knowledge sharing,Switzerland,94.63,medium,False,2018-01-15,3148,old
U02644,TikTok,ByteDance,Short-form videos,Central African Republic,173.09,medium,False,2026-03-04,178,new
U02645,Threads,Meta,Text-based social networking,Cuba,258.61,high,False,2025-01-05,601,established
U02646,Quora,Quora Inc.,Q&A knowledge sharing,Madagascar,8.04,low,True,2026-04-22,129,new
U02647,Snapchat,Snap Inc.,Multimedia messaging,Cyprus,251.34,high,False,2016-07-18,3694,old
U02648,Facebook,Meta,Social networking,Zambia,222.32,high,True,2024-05-25,826,old
U02649,WeChat,Tencent,Messaging and social media,Malaysia,110.59,medium,True,2019-02-07,2760,old
U02650,LinkedIn,Microsoft,Professional networking,Benin,268.05,high,True,2021-02-22,2014,old
U02651,LinkedIn,Microsoft,Professional networking,Maldives,244.29,high,True,2017-11-10,3214,old
U02652,Pinterest,Pinterest Inc.,Visual discovery and bookmarking,Haiti,8.57,low,True,2022-12-25,1343,old
U02653,X (formerly Twitter),X Corp.,Microblogging,Turkey,8.39,low,True,2026-08-03,26,very_new
U02654,Pinterest,Pinterest Inc.,Visual discovery and bookmarking,Jordan,15.37,low,False,2016-06-05,3737,old
U02655,Pinterest,Pinterest Inc.,Visual discovery and bookmarking,United States Minor Outlying Islands,5.57,low,True,2022-04-10,1602,old
U02656,Reddit,Reddit Inc.,Discussion forums and communities,British Indian Ocean Territory (Chagos Archipelago),216.73,high,True,2016-09-27,3623,old
U02657,WhatsApp,Meta,Messaging,New Caledonia,162.26,medium,False,2021-10-25,1769,old
U02658,Threads,Meta,Text-based social networking,Fiji,49.89,low,True,2021-01-29,2038,old
U02659,Telegram,Telegram FZ LLC,Messaging,Sweden,181.06,high,True,2024-03-22,890,old
U02660,LinkedIn,Microsoft,Professional networking,Gabon,78.73,medium,True,2025-02-18,557,established
U02661,LinkedIn,Microsoft,Professional networking,Georgia,271.45,high,False,2024-08-22,737,old
U02662,TikTok,ByteDance,Short-form videos,Bangladesh,119.12,medium,True,2026-07-14,46,new
U02663,Instagram,Meta,Photo and video sharing,Guadeloupe,93.12,medium,True,2026-07-21,39,new
U02664,Snapchat,Snap Inc.,Multimedia messaging,Burundi,253.29,high,False,2026-05-11,110,new
U02665,WhatsApp,Meta,Messaging,Zambia,65.16,medium,False,2026-08-20,9,very_new
U02666,Threads,Meta,Text-based social networking,Mauritania,51.07,low,True,2016-09-02,3648,old
U02667,Facebook,Meta,Social networking,French Southern Territories,44.01,low,False,2021-05-22,1925,old
U02668,Instagram,Meta,Photo and video sharing,Germany,179.09,medium,True,2026-07-11,49,new
U02669,LinkedIn,Microsoft,Professional networking,American Samoa,32.69,low,False,2020-09-14,2175,old
U02670,X (formerly Twitter),X Corp.,Microblogging,Mayotte,86.78,medium,True,2026-04-30,121,new
U02671,X (formerly Twitter),X Corp.,Microblogging,Egypt,25.53,low,False,2022-02-16,1655,old
U02672,YouTube,Google,Video sharing,Eritrea,193.17,high,True,2016-07-29,3683,old
U02673,Facebook,Meta,Social networking,Denmark,228.34,high,False,2017-12-25,3169,old
U02674,X (formerly Twitter),X Corp.,Microblogging,Antarctica (the territory South of 60 deg S),290.98,high,True,2022-10-16,1413,old
U02675,Threads,Meta,Text-based social networking,Venezuela,251.9,high,True,2026-04-05,146,new
U02676,Telegram,Telegram FZ LLC,Messaging,Palau,189.15,high,True,2025-03-04,543,established
U02677,Quora,Quora Inc.,Q&A knowledge sharing,Kiribati,158.98,medium,False,2019-01-25,2773,old
U02678,LinkedIn,Microsoft,Professional networking,Philippines,17.51,low,False,2021-01-27,2040,old
U02679,WhatsApp,Meta,Messaging,San Marino,60.69,medium,True,2021-11-10,1753,old
U02680,Reddit,Reddit Inc.,Discussion forums and communities,Cocos (Keeling) Islands,286.77,high,True,2016-09-23,3627,old
U02681,Instagram,Meta,Photo and video sharing,Qatar,65.88,medium,True,2018-03-06,3098,old
U02682,YouTube,Google,Video sharing,Uganda,238.8,high,True,2016-11-25,3564,old
U02683,Instagram,Meta,Photo and video sharing,Lesotho,26.95,low,False,2022-09-29,1430,old
U02684,Telegram,Telegram FZ LLC,Messaging,Bolivia,106.16,medium,False,2016-12-05,3554,old
U02685,Quora,Quora Inc.,Q&A knowledge sharing,Zambia,11.6,low,True,2024-01-11,961,old
U02686,Snapchat,Snap Inc.,Multimedia messaging,Heard Island and McDonald Islands,228.45,high,True,2017-09-04,3281,old
U02687,WeChat,Tencent,Messaging and social media,Canada,13.86,low,False,2026-08-10,19,very_new
U02688,Facebook,Meta,Social networking,Pitcairn Islands,242.0,high,False,2026-08-17,12,very_new
U02689,Threads,Meta,Text-based social networking,United Arab Emirates,233.22,high,False,2022-12-22,1346,old
U02690,Quora,Quora Inc.,Q&A knowledge sharing,India,255.53,high,True,2026-08-06,23,very_new
U02691,Snapchat,Snap Inc.,Multimedia messaging,Cote d'Ivoire,258.59,high,True,2026-05-01,120,new
U02692,WhatsApp,Meta,Messaging,Brunei Darussalam,15.28,low,True,2023-01-12,1325,old
U02693,Pinterest,Pinterest Inc.,Visual discovery and bookmarking,Saint Lucia,284.31,high,True,2026-08-15,14,very_new
U02694,TikTok,ByteDance,Short-form videos,Burkina Faso,102.79,medium,False,2021-11-01,1762,old
U02695,Reddit,Reddit Inc.,Discussion forums and communities,Oman,286.86,high,False,2017-09-08,3277,old
U02696,Quora,Quora Inc.,Q&A knowledge sharing,Tunisia,17.58,low,False,2022-07-21,1500,old
U02697,WhatsApp,Meta,Messaging,France,121.96,medium,False,2020-08-01,2219,old
U02698,Snapchat,Snap Inc.,Multimedia messaging,Sao Tome and Principe,39.33,low,True,2016-12-08,3551,old
U02699,Snapchat,Snap Inc.,Multimedia messaging,Panama,43.53,low,False,2022-01-24,1678,old
U02700,X (formerly Twitter),X Corp.,Microblogging,Kenya,129.77,medium,False,2020-07-25,2226,old
U02701,WhatsApp,Meta,Messaging,Malaysia,298.36,high,True,2017-01-17,3511,old
U02702,Snapchat,Snap Inc.,Multimedia messaging,Haiti,295.63,high,False,2019-09-18,2537,old
U02703,Pinterest,Pinterest Inc.,Visual discovery and bookmarking,South Georgia and the South Sandwich Islands,90.16,medium,True,2026-04-20,131,new
U02704,Instagram,Meta,Photo and video sharing,Serbia,30.35,low,False,2018-06-30,2982,old
U02705,X (formerly Twitter),X Corp.,Microblogging,Vanuatu,81.49,medium,False,2019-08-01,2585,old
U02706,Telegram,Telegram FZ LLC,Messaging,Vietnam,158.7,medium,False,2015-07-17,4061,old
U02707,WeChat,Tencent,Messaging and social media,Pitcairn Islands,61.82,medium,True,2019-04-22,2686,old
U02708,WeChat,Tencent,Messaging and social media,Burundi,203.1,high,False,2015-07-27,4051,old
U02709,LinkedIn,Microsoft,Professional networking,Bangladesh,117.39,medium,True,2022-08-12,1478,old
U02710,YouTube,Google,Video sharing,Congo,12.34,low,True,2020-07-05,2246,old
U02711,X (formerly Twitter),X Corp.,Microblogging,Cape Verde,15.18,low,True,2019-03-28,2711,old
U02712,Instagram,Meta,Photo and video sharing,Bouvet Island (Bouvetoya),135.43,medium,False,2026-07-17,43,new
U02713,Telegram,Telegram FZ LLC,Messaging,Falkland Islands (Malvinas),167.38,medium,False,2022-12-31,1337,old
U02714,Telegram,Telegram FZ LLC,Messaging,Comoros,108.9,medium,True,2020-06-17,2264,old
U02715,WeChat,Tencent,Messaging and social media,Swaziland,246.27,high,True,2026-08-08,21,very_new
U02716,Telegram,Telegram FZ LLC,Messaging,Cyprus,5.12,low,False,2021-09-30,1794,old
U02717,YouTube,Google,Video sharing,Mozambique,49.91,low,False,2015-12-04,3921,old
U02718,WhatsApp,Meta,Messaging,Haiti,108.71,medium,True,2026-07-06,54,new
U02719,Quora,Quora Inc.,Q&A knowledge sharing,Uruguay,56.76,low,False,2026-03-27,155,new
U02720,Quora,Quora Inc.,Q&A knowledge sharing,Sudan,56.77,low,False,2024-08-20,739,old
U02721,Telegram,Telegram FZ LLC,Messaging,Indonesia,29.35,low,False,2023-12-14,989,old
U02722,WeChat,Tencent,Messaging and social media,Gambia,31.3,low,True,2017-03-17,3452,old
U02723,WeChat,Tencent,Messaging and social media,Japan,272.02,high,True,2023-10-24,1040,old
U02724,Pinterest,Pinterest Inc.,Visual discovery and bookmarking,Mauritania,252.13,high,False,2026-08-20,9,very_new
U02725,Facebook,Meta,Social networking,Grenada,25.36,low,True,2015-06-20,4088,old
U02726,Facebook,Meta,Social networking,Saudi Arabia,205.8,high,True,2023-04-11,1236,old
U02727,Quora,Quora Inc.,Q&A knowledge sharing,Palau,169.75,medium,False,2016-06-18,3724,old
U02728,LinkedIn,Microsoft,Professional networking,Zimbabwe,245.33,high,True,2019-08-05,2581,old
U02729,Facebook,Meta,Social networking,Peru,179.98,medium,False,2020-05-05,2307,old
U02730,X (formerly Twitter),X Corp.,Microblogging,Mayotte,34.72,low,False,2024-02-01,940,old
U02731,Reddit,Reddit Inc.,Discussion forums and communities,Burundi,126.62,medium,True,2020-06-25,2256,old
U02732,Snapchat,Snap Inc.,Multimedia messaging,Philippines,296.75,high,True,2026-03-18,164,new
U02733,Telegram,Telegram FZ LLC,Messaging,Suriname,47.77,low,True,2018-11-14,2845,old
U02734,Facebook,Meta,Social networking,Central African Republic,232.7,high,True,2019-02-03,2764,old
U02735,Quora,Quora Inc.,Q&A knowledge sharing,Papua New Guinea,126.93,medium,True,2015-08-01,4046,old
U02736,Pinterest,Pinterest Inc.,Visual discovery and bookmarking,Central African Republic,80.83,medium,False,2022-09-24,1435,old
U02737,YouTube,Google,Video sharing,South Georgia and the South Sandwich Islands,198.08,high,False,2024-04-29,852,old
U02738,Instagram,Meta,Photo and video sharing,Saint Barthelemy,28.16,low,True,2021-11-27,1736,old
U02739,Reddit,Reddit Inc.,Discussion forums and communities,Mozambique,126.86,medium,False,2022-12-27,1341,old
U02740,Threads,Meta,Text-based social networking,Finland,47.3,low,True,2026-04-22,129,new
U02741,Pinterest,Pinterest Inc.,Visual discovery and bookmarking,Costa Rica,230.78,high,True,2026-07-06,54,new
U02742,YouTube,Google,Video sharing,Pakistan,272.75,high,True,2019-11-20,2474,old
U02743,WeChat,Tencent,Messaging and social media,Cape Verde,253.77,high,True,2018-03-25,3079,old
U02744,YouTube,Google,Video sharing,Norfolk Island,264.7,high,False,2015-11-02,3953,old
U02745,X (formerly Twitter),X Corp.,Microblogging,Pakistan,17.54,low,True,2018-04-07,3066,old
U02746,Threads,Meta,Text-based social networking,Cook Islands,14.95,low,False,2021-11-22,1741,old
U02747,Snapchat,Snap Inc.,Multimedia messaging,Martinique,243.79,high,False,2026-08-21,8,very_new
U02748,Instagram,Meta,Photo and video sharing,Zambia,12.17,low,False,2016-12-03,3556,old
U02749,Pinterest,Pinterest Inc.,Visual discovery and bookmarking,Liberia,216.8,high,True,2018-11-13,2846,old
U02750,Pinterest,Pinterest Inc.,Visual discovery and bookmarking,Libyan Arab Jamahiriya,168.27,medium,False,2024-10-29,669,established
U02751,TikTok,ByteDance,Short-form videos,Angola,202.8,high,False,2019-11-15,2479,old
U02752,TikTok,ByteDance,Short-form videos,Tokelau,227.08,high,True,2018-08-14,2937,old
U02753,YouTube,Google,Video sharing,Western Sahara,217.33,high,False,2022-07-15,1506,old
U02754,X (formerly Twitter),X Corp.,Microblogging,Malta,215.02,high,False,2020-07-21,2230,old
U02755,Reddit,Reddit Inc.,Discussion forums and communities,Dominica,16.75,low,True,2023-12-07,996,old
U02756,LinkedIn,Microsoft,Professional networking,North Macedonia,105.29,medium,False,2019-11-13,2481,old
U02757,WhatsApp,Meta,Messaging,Libyan Arab Jamahiriya,185.78,high,False,2020-06-29,2252,old
U02758,TikTok,ByteDance,Short-form videos,Belize,281.35,high,True,2025-01-31,575,established
U02759,Snapchat,Snap Inc.,Multimedia messaging,Tunisia,254.68,high,True,2023-05-24,1193,old
U02760,Reddit,Reddit Inc.,Discussion forums and communities,Norway,234.14,high,False,2019-06-30,2617,old
U02761,Telegram,Telegram FZ LLC,Messaging,Saint Lucia,153.19,medium,True,2015-09-13,4003,old
U02762,WeChat,Tencent,Messaging and social media,Cyprus,292.28,high,False,2019-05-14,2664,old
U02763,WhatsApp,Meta,Messaging,Ukraine,201.01,high,False,2026-08-04,25,very_new
U02764,X (formerly Twitter),X Corp.,Microblogging,Luxembourg,40.96,low,True,2017-02-22,3475,old
U02765,YouTube,Google,Video sharing,Mexico,39.78,low,False,2015-09-25,3991,old
U02766,LinkedIn,Microsoft,Professional networking,Palestinian Territory,232.8,high,False,2026-05-30,91,new
U02767,Threads,Meta,Text-based social networking,Andorra,80.1,medium,True,2020-05-27,2285,old
U02768,WeChat,Tencent,Messaging and social media,Thailand,48.54,low,False,2019-10-26,2499,old
U02769,Threads,Meta,Text-based social networking,Barbados,264.16,high,True,2026-08-10,19,very_new
U02770,YouTube,Google,Video sharing,Montenegro,173.1,medium,False,2023-01-01,1336,old
U02771,Facebook,Meta,Social networking,Sierra Leone,173.68,medium,False,2026-08-14,15,very_new
U02772,Instagram,Meta,Photo and video sharing,American Samoa,8.84,low,False,2025-02-13,562,established
U02773,Facebook,Meta,Social networking,Uganda,241.18,high,False,2026-08-01,28,very_new
U02774,WeChat,Tencent,Messaging and social media,Saint Pierre and Miquelon,103.12,medium,False,2026-04-25,126,new
U02775,TikTok,ByteDance,Short-form videos,Uruguay,175.71,medium,True,2026-07-26,34,new
U02776,Quora,Quora Inc.,Q&A knowledge sharing,Western Sahara,245.77,high,True,2016-01-01,3893,old
U02777,Instagram,Meta,Photo and video sharing,Singapore,150.63,medium,False,2017-07-06,3341,old
U02778,Quora,Quora Inc.,Q&A knowledge sharing,Zambia,295.05,high,True,2021-01-21,2046,old
U02779,Telegram,Telegram FZ LLC,Messaging,Guatemala,160.63,medium,True,2018-08-14,2937,old
U02780,TikTok,ByteDance,Short-form videos,Cuba,160.53,medium,False,2015-05-19,4120,old
U02781,Instagram,Meta,Photo and video sharing,Antarctica (the territory South of 60 deg S),194.81,high,True,2024-08-17,742,old
U02782,Instagram,Meta,Photo and video sharing,Samoa,226.13,high,True,2026-05-05,116,new
U02783,YouTube,Google,Video sharing,Angola,95.96,medium,True,2026-08-02,27,very_new
U02784,Instagram,Meta,Photo and video sharing,Slovakia (Slovak Republic),20.5,low,True,2016-09-07,3643,old
U02785,TikTok,ByteDance,Short-form videos,Netherlands Antilles,182.79,high,False,2018-09-22,2898,old
U02786,YouTube,Google,Video sharing,Niue,180.9,high,False,2015-06-26,4082,old
U02787,LinkedIn,Microsoft,Professional networking,Kyrgyz Republic,133.86,medium,True,2019-11-14,2480,old
U02788,Pinterest,Pinterest Inc.,Visual discovery and bookmarking,Libyan Arab Jamahiriya,139.37,medium,True,2023-05-17,1200,old
U02789,LinkedIn,Microsoft,Professional networking,Sweden,16.86,low,False,2016-04-28,3775,old
U02790,Snapchat,Snap Inc.,Multimedia messaging,Niue,252.47,high,True,2020-07-02,2249,old
U02791,Pinterest,Pinterest Inc.,Visual discovery and bookmarking,Tuvalu,275.54,high,False,2025-02-23,552,established
U02792,Telegram,Telegram FZ LLC,Messaging,Puerto Rico,166.55,medium,True,2017-09-04,3281,old
U02793,TikTok,ByteDance,Short-form videos,Belgium,237.01,high,True,2022-10-11,1418,old
U02794,Threads,Meta,Text-based social networking,Palau,21.62,low,False,2026-08-06,23,very_new
U02795,Pinterest,Pinterest Inc.,Visual discovery and bookmarking,Solomon Islands,280.86,high,True,2018-10-03,2887,old
U02796,Telegram,Telegram FZ LLC,Messaging,Nicaragua,175.65,medium,False,2024-02-08,933,old
U02797,LinkedIn,Microsoft,Professional networking,Costa Rica,60.09,medium,True,2021-05-13,1934,old
U02798,YouTube,Google,Video sharing,Holy See (Vatican City State),106.95,medium,False,2026-08-10,19,very_new
U02799,Threads,Meta,Text-based social networking,Uzbekistan,229.1,high,True,2017-07-15,3332,old
U02800,Snapchat,Snap Inc.,Multimedia messaging,Uganda,209.65,high,True,2015-07-27,4051,old
U02801,X (formerly Twitter),X Corp.,Microblogging,China,6.03,low,True,2023-05-09,1208,old
U02802,Threads,Meta,Text-based social networking,Kiribati,120.5,medium,True,2016-09-07,3643,old
U02803,Snapchat,Snap Inc.,Multimedia messaging,Cocos (Keeling) Islands,209.79,high,False,2016-02-15,3848,old
U02804,X (formerly Twitter),X Corp.,Microblogging,Syrian Arab Republic,163.48,medium,False,2026-07-19,41,new
U02805,X (formerly Twitter),X Corp.,Microblogging,Qatar,241.91,high,False,2016-06-14,3728,old
U02806,Snapchat,Snap Inc.,Multimedia messaging,Sierra Leone,242.32,high,False,2023-11-28,1005,old
U02807,Telegram,Telegram FZ LLC,Messaging,Cameroon,229.86,high,True,2022-05-30,1552,old
U02808,Facebook,Meta,Social networking,Saint Helena,98.0,medium,False,2015-08-09,4038,old
U02809,Threads,Meta,Text-based social networking,Gambia,73.41,medium,True,2026-05-20,101,new
U02810,Instagram,Meta,Photo and video sharing,Brazil,14.31,low,False,2018-01-16,3147,old
U02811,Quora,Quora Inc.,Q&A knowledge sharing,Fiji,129.85,medium,False,2022-10-18,1411,old
U02812,Reddit,Reddit Inc.,Discussion forums and communities,Mozambique,254.61,high,True,2024-12-28,609,established
U02813,YouTube,Google,Video sharing,Sri Lanka,179.17,medium,False,2025-01-08,598,established
U02814,Quora,Quora Inc.,Q&A knowledge sharing,Palestinian Territory,279.07,high,True,2016-09-22,3628,old
U02815,Telegram,Telegram FZ LLC,Messaging,El Salvador,266.93,high,True,2026-06-26,64,new
U02816,WhatsApp,Meta,Messaging,Uganda,174.58,medium,True,2016-03-02,3832,old
U02817,Telegram,Telegram FZ LLC,Messaging,Mali,27.65,low,True,2026-05-01,120,new
U02818,Telegram,Telegram FZ LLC,Messaging,Northern Mariana Islands,249.35,high,True,2024-12-17,620,established
U02819,Quora,Quora Inc.,Q&A knowledge sharing,Congo,290.15,high,True,2018-07-26,2956,old
U02820,Snapchat,Snap Inc.,Multimedia messaging,Kiribati,214.89,high,True,2021-10-17,1777,old
U02821,YouTube,Google,Video sharing,Qatar,77.96,medium,True,2018-03-15,3089,old
U02822,Quora,Quora Inc.,Q&A knowledge sharing,Netherlands Antilles,142.34,medium,False,2026-08-19,10,very_new
U02823,Snapchat,Snap Inc.,Multimedia messaging,India,36.0,low,True,2023-06-19,1167,old
U02824,Snapchat,Snap Inc.,Multimedia messaging,Colombia,134.75,medium,True,2020-12-23,2075,old
U02825,Facebook,Meta,Social networking,Samoa,89.47,medium,False,2022-12-22,1346,old
U02826,Telegram,Telegram FZ LLC,Messaging,Philippines,27.11,low,False,2026-05-21,100,new
U02827,TikTok,ByteDance,Short-form videos,Israel,68.96,medium,False,2021-04-02,1975,old
U02828,Threads,Meta,Text-based social networking,Dominican Republic,134.13,medium,True,2018-09-02,2918,old
U02829,Pinterest,Pinterest Inc.,Visual discovery and bookmarking,Oman,92.52,medium,True,2016-01-23,3871,old
U02830,Quora,Quora Inc.,Q&A knowledge sharing,Cayman Islands,123.97,medium,False,2019-10-13,2512,old
U02831,WeChat,Tencent,Messaging and social media,Cambodia,253.38,high,True,2017-11-25,3199,old
U02832,Instagram,Meta,Photo and video sharing,Norfolk Island,53.92,low,True,2016-11-14,3575,old
U02833,X (formerly Twitter),X Corp.,Microblogging,Portugal,5.05,low,True,2020-11-29,2099,old
U02834,Telegram,Telegram FZ LLC,Messaging,Suriname,79.84,medium,True,2017-01-11,3517,old
U02835,WeChat,Tencent,Messaging and social media,Guernsey,202.95,high,True,2020-01-15,2418,old
U02836,Pinterest,Pinterest Inc.,Visual discovery and bookmarking,Cape Verde,254.21,high,True,2016-11-14,3575,old
U02837,WhatsApp,Meta,Messaging,United Arab Emirates,99.58,medium,False,2018-11-08,2851,old
U02838,WhatsApp,Meta,Messaging,United States Virgin Islands,165.37,medium,True,2026-08-16,13,very_new
U02839,Reddit,Reddit Inc.,Discussion forums and communities,Saint Helena,274.0,high,True,2022-05-19,1563,old
U02840,Instagram,Meta,Photo and video sharing,Puerto Rico,61.65,medium,True,2024-02-19,922,old
U02841,WeChat,Tencent,Messaging and social media,Kyrgyz Republic,295.29,high,False,2021-05-08,1939,old
U02842,WeChat,Tencent,Messaging and social media,Dominican Republic,51.04,low,True,2020-09-13,2176,old
U02843,X (formerly Twitter),X Corp.,Microblogging,Japan,93.75,medium,False,2026-05-06,115,new
U02844,WhatsApp,Meta,Messaging,Guernsey,296.41,high,False,2022-07-23,1498,old
U02845,Pinterest,Pinterest Inc.,Visual discovery and bookmarking,Hungary,204.67,high,False,2020-08-22,2198,old
U02846,Pinterest,Pinterest Inc.,Visual discovery and bookmarking,Ecuador,250.34,high,False,2026-04-25,126,new
U02847,Threads,Meta,Text-based social networking,Belgium,118.73,medium,True,2025-01-24,582,established
U02848,Instagram,Meta,Photo and video sharing,Mauritania,19.05,low,True,2026-06-15,75,new
U02849,Reddit,Reddit Inc.,Discussion forums and communities,Jamaica,196.93,high,False,2017-11-15,3209,old
U02850,Facebook,Meta,Social networking,Thailand,167.76,medium,True,2023-02-20,1286,old
U02851,Instagram,Meta,Photo and video sharing,Bhutan,12.09,low,False,2017-05-20,3388,old
U02852,X (formerly Twitter),X Corp.,Microblogging,Netherlands Antilles,221.97,high,False,2017-06-10,3367,old
U02853,Quora,Quora Inc.,Q&A knowledge sharing,Saint Lucia,5.17,low,True,2015-11-26,3929,old
U02854,Telegram,Telegram FZ LLC,Messaging,Cook Islands,214.94,high,True,2026-03-11,171,new
U02855,Facebook,Meta,Social networking,Denmark,166.59,medium,False,2022-12-11,1357,old
U02856,X (formerly Twitter),X Corp.,Microblogging,Saint Pierre and Miquelon,130.4,medium,True,2024-09-28,700,established
U02857,LinkedIn,Microsoft,Professional networking,Northern Mariana Islands,130.3,medium,False,2026-05-13,108,new
U02858,Pinterest,Pinterest Inc.,Visual discovery and bookmarking,Brazil,63.81,medium,True,2020-05-15,2297,old
U02859,WeChat,Tencent,Messaging and social media,Malaysia,270.1,high,False,2026-05-06,115,new
U02860,Pinterest,Pinterest Inc.,Visual discovery and bookmarking,Congo,188.74,high,True,2020-07-31,2220,old
U02861,Snapchat,Snap Inc.,Multimedia messaging,Ukraine,103.07,medium,False,2021-12-28,1705,old
U02862,Telegram,Telegram FZ LLC,Messaging,Tunisia,66.41,medium,False,2017-06-07,3370,old
U02863,Snapchat,Snap Inc.,Multimedia messaging,Grenada,14.06,low,True,2022-04-10,1602,old
U02864,Threads,Meta,Text-based social networking,Cape Verde,209.13,high,False,2020-04-19,2323,old
U02865,X (formerly Twitter),X Corp.,Microblogging,Sudan,273.3,high,False,2023-07-02,1154,old
U02866,WeChat,Tencent,Messaging and social media,Turkey,33.21,low,True,2025-02-01,574,established
U02867,TikTok,ByteDance,Short-form videos,South Georgia and the South Sandwich Islands,20.03,low,False,2016-06-24,3718,old
U02868,Quora,Quora Inc.,Q&A knowledge sharing,Martinique,35.61,low,False,2019-06-21,2626,old
U02869,Snapchat,Snap Inc.,Multimedia messaging,Niue,174.33,medium,False,2020-07-28,2223,old
U02870,Reddit,Reddit Inc.,Discussion forums and communities,Martinique,127.38,medium,True,2021-02-11,2025,old
U02871,LinkedIn,Microsoft,Professional networking,New Zealand,39.36,low,False,2020-04-24,2318,old
U02872,Snapchat,Snap Inc.,Multimedia messaging,San Marino,46.01,low,True,2026-06-15,75,new
U02873,Reddit,Reddit Inc.,Discussion forums and communities,Korea,97.47,medium,False,2021-11-01,1762,old
U02874,WeChat,Tencent,Messaging and social media,Saint Pierre and Miquelon,140.19,medium,False,2019-07-19,2598,old
U02875,Telegram,Telegram FZ LLC,Messaging,Norway,294.5,high,True,2021-04-08,1969,old
U02876,WeChat,Tencent,Messaging and social media,Romania,93.37,medium,False,2017-07-21,3326,old
U02877,Snapchat,Snap Inc.,Multimedia messaging,Philippines,234.35,high,True,2026-05-01,120,new
U02878,X (formerly Twitter),X Corp.,Microblogging,Eritrea,41.59,low,False,2021-12-09,1724,old
U02879,TikTok,ByteDance,Short-form videos,Comoros,254.54,high,False,2021-07-09,1877,old
U02880,LinkedIn,Microsoft,Professional networking,Martinique,177.62,medium,True,2019-03-15,2724,old
U02881,LinkedIn,Microsoft,Professional networking,Seychelles,265.46,high,False,2025-03-24,523,established
U02882,WhatsApp,Meta,Messaging,Honduras,284.92,high,False,2018-07-19,2963,old
U02883,Telegram,Telegram FZ LLC,Messaging,Georgia,161.52,medium,True,2018-03-23,3081,old
U02884,LinkedIn,Microsoft,Professional networking,Antigua and Barbuda,108.71,medium,True,2017-09-10,3275,old
U02885,X (formerly Twitter),X Corp.,Microblogging,Taiwan,161.21,medium,False,2022-10-09,1420,old
U02886,WeChat,Tencent,Messaging and social media,Korea,91.23,medium,True,2019-11-16,2478,old
U02887,WeChat,Tencent,Messaging and social media,Jordan,174.99,medium,True,2022-12-15,1353,old
U02888,TikTok,ByteDance,Short-form videos,Falkland Islands (Malvinas),155.45,medium,True,2021-09-04,1820,old
U02889,X (formerly Twitter),X Corp.,Microblogging,Belize,222.12,high,True,2018-05-31,3012,old
U02890,Reddit,Reddit Inc.,Discussion forums and communities,Saint Lucia,252.06,high,True,2021-10-30,1764,old
U02891,Facebook,Meta,Social networking,Kyrgyz Republic,38.25,low,False,2024-02-27,914,old
U02892,TikTok,ByteDance,Short-form videos,Haiti,201.79,high,False,2022-02-06,1665,old
U02893,Facebook,Meta,Social networking,Libyan Arab Jamahiriya,199.64,high,True,2022-03-06,1637,old
U02894,X (formerly Twitter),X Corp.,Microblogging,Mongolia,172.24,medium,True,2017-05-08,3400,old
U02895,Reddit,Reddit Inc.,Discussion forums and communities,Egypt,92.84,medium,True,2018-11-30,2829,old
U02896,Telegram,Telegram FZ LLC,Messaging,Palestinian Territory,120.08,medium,True,2018-03-13,3091,old
U02897,Quora,Quora Inc.,Q&A knowledge sharing,Mauritius,169.35,medium,False,2019-11-15,2479,old
U02898,Quora,Quora Inc.,Q&A knowledge sharing,Brunei Darussalam,23.61,low,True,2016-09-20,3630,old
U02899,YouTube,Google,Video sharing,Egypt,95.74,medium,True,2018-02-07,3125,old
U02900,X (formerly Twitter),X Corp.,Microblogging,Reunion,255.9,high,False,2022-03-24,1619,old
U02901,Snapchat,Snap Inc.,Multimedia messaging,Singapore,58.55,low,False,2026-08-25,4,very_new
U02902,Instagram,Meta,Photo and video sharing,Slovakia (Slovak Republic),30.84,low,False,2020-12-14,2084,old
U02903,Pinterest,Pinterest Inc.,Visual discovery and bookmarking,Sri Lanka,256.01,high,False,2022-09-01,1458,old
U02904,Telegram,Telegram FZ LLC,Messaging,Cook Islands,199.59,high,True,2017-09-05,3280,old
U02905,TikTok,ByteDance,Short-form videos,Kenya,156.52,medium,True,2016-03-04,3830,old
U02906,Quora,Quora Inc.,Q&A knowledge sharing,Mauritius,36.81,low,False,2018-12-08,2821,old
U02907,Snapchat,Snap Inc.,Multimedia messaging,Senegal,254.5,high,False,2024-05-07,844,old
U02908,LinkedIn,Microsoft,Professional networking,Guinea-Bissau,177.19,medium,False,2015-10-02,3984,old
U02909,TikTok,ByteDance,Short-form videos,Peru,210.19,high,True,2020-05-30,2282,old
U02910,Telegram,Telegram FZ LLC,Messaging,France,203.81,high,True,2018-06-10,3002,old
U02911,WeChat,Tencent,Messaging and social media,Benin,49.9,low,False,2017-02-05,3492,old
U02912,WeChat,Tencent,Messaging and social media,Kyrgyz Republic,185.06,high,False,2018-05-23,3020,old
U02913,Reddit,Reddit Inc.,Discussion forums and communities,Indonesia,76.18,medium,True,2019-08-14,2572,old
U02914,YouTube,Google,Video sharing,Netherlands Antilles,83.38,medium,True,2019-05-27,2651,old
U02915,Threads,Meta,Text-based social networking,Cocos (Keeling) Islands,122.91,medium,True,2018-11-13,2846,old
U02916,Instagram,Meta,Photo and video sharing,China,249.11,high,False,2024-11-22,645,established
U02917,Threads,Meta,Text-based social networking,Tonga,122.88,medium,False,2019-03-21,2718,old
U02918,Snapchat,Snap Inc.,Multimedia messaging,Dominica,110.14,medium,True,2019-06-15,2632,old
U02919,YouTube,Google,Video sharing,Bermuda,123.44,medium,True,2015-11-09,3946,old
U02920,X (formerly Twitter),X Corp.,Microblogging,Taiwan,162.14,medium,True,2020-08-21,2199,old
U02921,LinkedIn,Microsoft,Professional networking,Montserrat,254.24,high,True,2018-01-20,3143,old
U02922,Reddit,Reddit Inc.,Discussion forums and communities,Iceland,294.95,high,False,2017-07-31,3316,old
U02923,Telegram,Telegram FZ LLC,Messaging,Turkey,84.24,medium,True,2019-09-29,2526,old
U02924,Reddit,Reddit Inc.,Discussion forums and communities,Italy,208.08,high,True,2019-06-27,2620,old
U02925,Quora,Quora Inc.,Q&A knowledge sharing,Bahamas,292.32,high,False,2023-09-23,1071,old
U02926,WeChat,Tencent,Messaging and social media,Ethiopia,216.58,high,False,2023-06-10,1176,old
U02927,WeChat,Tencent,Messaging and social media,Colombia,180.35,high,False,2016-06-28,3714,old
U02928,X (formerly Twitter),X Corp.,Microblogging,Azerbaijan,249.12,high,False,2018-10-15,2875,old
U02929,Facebook,Meta,Social networking,United States of America,164.51,medium,False,2019-12-27,2437,old
U02930,WeChat,Tencent,Messaging and social media,Haiti,127.26,medium,True,2021-08-14,1841,old
U02931,Telegram,Telegram FZ LLC,Messaging,India,72.01,medium,True,2017-05-17,3391,old
U02932,YouTube,Google,Video sharing,Peru,266.68,high,True,2022-05-02,1580,old
U02933,Facebook,Meta,Social networking,Denmark,188.31,high,False,2019-05-17,2661,old
U02934,X (formerly Twitter),X Corp.,Microblogging,Dominican Republic,153.65,medium,False,2016-10-23,3597,old
U02935,Snapchat,Snap Inc.,Multimedia messaging,Australia,99.17,medium,True,2018-05-01,3042,old
U02936,Reddit,Reddit Inc.,Discussion forums and communities,South Africa,87.2,medium,False,2016-12-06,3553,old
U02937,TikTok,ByteDance,Short-form videos,Palestinian Territory,139.74,medium,False,2022-03-12,1631,old
U02938,YouTube,Google,Video sharing,Guinea,174.93,medium,True,2019-05-08,2670,old
U02939,X (formerly Twitter),X Corp.,Microblogging,Andorra,220.38,high,True,2026-07-20,40,new
U02940,Snapchat,Snap Inc.,Multimedia messaging,Ireland,298.82,high,True,2022-05-31,1551,old
U02941,TikTok,ByteDance,Short-form videos,Cape Verde,153.55,medium,False,2022-09-03,1456,old
U02942,LinkedIn,Microsoft,Professional networking,Bouvet Island (Bouvetoya),215.26,high,False,2022-03-16,1627,old
U02943,Instagram,Meta,Photo and video sharing,Cuba,141.45,medium,False,2017-03-08,3461,old
U02944,WeChat,Tencent,Messaging and social media,Afghanistan,45.39,low,True,2015-10-15,3971,old
U02945,Reddit,Reddit Inc.,Discussion forums and communities,Israel,232.19,high,False,2023-03-26,1252,old
U02946,Pinterest,Pinterest Inc.,Visual discovery and bookmarking,Tuvalu,253.86,high,False,2015-12-12,3913,old
U02947,LinkedIn,Microsoft,Professional networking,Liberia,44.0,low,False,2022-04-10,1602,old
U02948,Quora,Quora Inc.,Q&A knowledge sharing,Palestinian Territory,29.28,low,True,2019-04-27,2681,old
U02949,WeChat,Tencent,Messaging and social media,Hungary,66.08,medium,True,2026-08-17,12,very_new
U02950,Facebook,Meta,Social networking,Micronesia,83.24,medium,True,2024-01-20,952,old
U02951,YouTube,Google,Video sharing,Monaco,243.43,high,True,2026-05-09,112,new
U02952,Facebook,Meta,Social networking,Macao,272.79,high,True,2026-03-25,157,new
U02953,WeChat,Tencent,Messaging and social media,Afghanistan,196.27,high,False,2020-01-09,2424,old
U02954,WhatsApp,Meta,Messaging,Turks and Caicos Islands,150.59,medium,False,2016-02-12,3851,old
U02955,LinkedIn,Microsoft,Professional networking,Poland,163.98,medium,True,2019-09-02,2553,old
U02956,Facebook,Meta,Social networking,Latvia,97.0,medium,True,2018-04-12,3061,old
U02957,Facebook,Meta,Social networking,Taiwan,18.39,low,True,2025-01-30,576,established
U02958,Pinterest,Pinterest Inc.,Visual discovery and bookmarking,New Zealand,253.4,high,False,2020-08-20,2200,old
U02959,Threads,Meta,Text-based social networking,Bahrain,231.22,high,True,2020-02-15,2387,old
U02960,Snapchat,Snap Inc.,Multimedia messaging,Somalia,159.58,medium,True,2017-06-04,3373,old
U02961,TikTok,ByteDance,Short-form videos,Cuba,93.51,medium,False,2017-04-23,3415,old
U02962,YouTube,Google,Video sharing,Luxembourg,94.86,medium,True,2025-01-17,589,established
U02963,Threads,Meta,Text-based social networking,Iran,250.06,high,True,2017-11-05,3219,old
U02964,LinkedIn,Microsoft,Professional networking,Macao,284.37,high,False,2016-01-31,3863,old
U02965,WeChat,Tencent,Messaging and social media,Congo,179.1,medium,True,2018-12-31,2798,old
U02966,WeChat,Tencent,Messaging and social media,Finland,295.15,high,True,2024-01-23,949,old
U02967,YouTube,Google,Video sharing,Lesotho,44.98,low,False,2015-11-30,3925,old
U02968,Quora,Quora Inc.,Q&A knowledge sharing,Turkey,121.57,medium,False,2026-03-08,174,new
U02969,LinkedIn,Microsoft,Professional networking,Albania,270.43,high,True,2018-05-08,3035,old
U02970,LinkedIn,Microsoft,Professional networking,El Salvador,107.15,medium,True,2023-05-24,1193,old
U02971,Quora,Quora Inc.,Q&A knowledge sharing,United States Minor Outlying Islands,12.76,low,False,2016-11-29,3560,old
U02972,Snapchat,Snap Inc.,Multimedia messaging,Slovakia (Slovak Republic),22.45,low,True,2020-09-02,2187,old
U02973,Instagram,Meta,Photo and video sharing,Congo,5.87,low,False,2015-10-21,3965,old
U02974,Telegram,Telegram FZ LLC,Messaging,Papua New Guinea,119.31,medium,False,2016-12-23,3536,old
U02975,Facebook,Meta,Social networking,Mali,161.17,medium,True,2019-04-13,2695,old
U02976,TikTok,ByteDance,Short-form videos,Moldova,267.61,high,False,2024-05-09,842,old
U02977,YouTube,Google,Video sharing,French Polynesia,259.38,high,True,2026-08-11,18,very_new
U02978,Instagram,Meta,Photo and video sharing,Georgia,101.27,medium,False,2023-05-16,1201,old
U02979,WhatsApp,Meta,Messaging,France,129.12,medium,False,2023-12-12,991,old
U02980,LinkedIn,Microsoft,Professional networking,Mauritania,31.99,low,False,2018-02-07,3125,old
U02981,WeChat,Tencent,Messaging and social media,Tunisia,153.95,medium,True,2017-02-18,3479,old
U02982,Pinterest,Pinterest Inc.,Visual discovery and bookmarking,Finland,81.44,medium,True,2022-01-24,1678,old
U02983,YouTube,Google,Video sharing,Denmark,171.32,medium,True,2020-11-06,2122,old
U02984,YouTube,Google,Video sharing,Austria,20.12,low,False,2019-03-18,2721,old
U02985,Facebook,Meta,Social networking,Estonia,49.01,low,False,2020-05-10,2302,old
U02986,WhatsApp,Meta,Messaging,Seychelles,154.5,medium,False,2023-03-15,1263,old
U02987,Pinterest,Pinterest Inc.,Visual discovery and bookmarking,Korea,55.93,low,True,2026-08-01,28,very_new
U02988,TikTok,ByteDance,Short-form videos,North Macedonia,127.45,medium,True,2018-07-16,2966,old
U02989,X (formerly Twitter),X Corp.,Microblogging,Haiti,224.41,high,False,2025-02-17,558,established
U02990,LinkedIn,Microsoft,Professional networking,San Marino,238.83,high,False,2023-08-11,1114,old
U02991,Threads,Meta,Text-based social networking,French Polynesia,199.33,high,True,2020-08-03,2217,old
U02992,WhatsApp,Meta,Messaging,Ukraine,261.93,high,True,2024-09-29,699,established
U02993,Snapchat,Snap Inc.,Multimedia messaging,Sao Tome and Principe,26.86,low,False,2026-05-24,97,new
U02994,Pinterest,Pinterest Inc.,Visual discovery and bookmarking,Egypt,287.69,high,False,2023-09-11,1083,old
U02995,YouTube,Google,Video sharing,Marshall Islands,288.69,high,True,2018-06-01,3011,old
U02996,WhatsApp,Meta,Messaging,Cambodia,223.24,high,True,2026-08-19,10,very_new
U02997,WeChat,Tencent,Messaging and social media,Palestinian Territory,295.07,high,False,2019-07-28,2589,old
U02998,Telegram,Telegram FZ LLC,Messaging,Norway,75.1,medium,True,2021-11-27,1736,old
U02999,Pinterest,Pinterest Inc.,Visual discovery and bookmarking,Trinidad and Tobago,46.0,low,True,2022-02-12,1659,old
U03000,TikTok,ByteDance,Short-form videos,Palestinian Territory,55.28,low,False,2026-06-08,82,new
U03001,Pinterest,Pinterest Inc.,Visual discovery and bookmarking,China,65.76,medium,True,2026-04-03,148,new
U03002,Reddit,Reddit Inc.,Discussion forums and communities,Saint Lucia,161.94,medium,False,2015-05-14,4125,old
U03003,LinkedIn,Microsoft,Professional networking,Kuwait,173.21,medium,True,2016-02-07,3856,old
U03004,Instagram,Meta,Photo and video sharing,Palau,111.29,medium,False,2019-04-27,2681,old
U03005,Facebook,Meta,Social networking,Namibia,227.09,high,True,2020-03-28,2345,old
U03006,TikTok,ByteDance,Short-form videos,Northern Mariana Islands,189.11,high,True,2020-06-21,2260,old
U03007,WeChat,Tencent,Messaging and social media,Faroe Islands,46.58,low,True,2019-06-14,2633,old
U03008,Instagram,Meta,Photo and video sharing,Malawi,258.23,high,True,2018-08-28,2923,old
U03009,YouTube,Google,Video sharing,Dominica,49.86,low,False,2020-08-23,2197,old
U03010,WeChat,Tencent,Messaging and social media,Ukraine,205.0,high,False,2024-06-19,801,old
U03011,Reddit,Reddit Inc.,Discussion forums and communities,Nepal,75.74,medium,False,2025-03-08,539,established
U03012,TikTok,ByteDance,Short-form videos,Cyprus,71.96,medium,False,2024-08-16,743,old
U03013,Snapchat,Snap Inc.,Multimedia messaging,Afghanistan,43.5,low,True,2019-04-10,2698,old
U03014,Facebook,Meta,Social networking,Liberia,217.38,high,False,2026-07-18,42,new
U03015,Telegram,Telegram FZ LLC,Messaging,Nigeria,147.89,medium,True,2017-07-12,3335,old
U03016,LinkedIn,Microsoft,Professional networking,Angola,196.37,high,False,2022-01-05,1697,old
U03017,WeChat,Tencent,Messaging and social media,Brazil,271.83,high,False,2016-02-14,3849,old
U03018,Snapchat,Snap Inc.,Multimedia messaging,Saint Lucia,116.22,medium,True,2020-06-25,2256,old
U03019,YouTube,Google,Video sharing,Netherlands,256.16,high,False,2015-10-10,3976,old
U03020,Reddit,Reddit Inc.,Discussion forums and communities,Guernsey,158.48,medium,False,2017-12-27,3167,old
U03021,Snapchat,Snap Inc.,Multimedia messaging,Armenia,261.06,high,True,2017-11-13,3211,old
U03022,Pinterest,Pinterest Inc.,Visual discovery and bookmarking,Iceland,89.75,medium,True,2022-02-01,1670,old
U03023,Reddit,Reddit Inc.,Discussion forums and communities,Samoa,226.94,high,True,2020-03-03,2370,old
U03024,X (formerly Twitter),X Corp.,Microblogging,Rwanda,32.74,low,True,2023-06-26,1160,old
U03025,TikTok,ByteDance,Short-form videos,Oman,204.91,high,False,2023-10-26,1038,old
U03026,WeChat,Tencent,Messaging and social media,San Marino,59.14,low,True,2020-11-24,2104,old
U03027,WhatsApp,Meta,Messaging,Belgium,69.87,medium,False,2015-07-09,4069,old
U03028,X (formerly Twitter),X Corp.,Microblogging,Angola,35.01,low,True,2019-01-29,2769,old
U03029,Pinterest,Pinterest Inc.,Visual discovery and bookmarking,Saint Pierre and Miquelon,182.37,high,True,2024-05-26,825,old
U03030,TikTok,ByteDance,Short-form videos,Equatorial Guinea,112.33,medium,False,2025-01-08,598,established
U03031,WeChat,Tencent,Messaging and social media,Luxembourg,77.04,medium,True,2023-07-19,1137,old
U03032,Threads,Meta,Text-based social networking,Fiji,157.74,medium,True,2024-11-09,658,established
U03033,Threads,Meta,Text-based social networking,Poland,256.8,high,False,2016-03-24,3810,old
U03034,Threads,Meta,Text-based social networking,Madagascar,138.81,medium,True,2016-10-30,3590,old
U03035,Threads,Meta,Text-based social networking,Guinea-Bissau,196.35,high,False,2022-08-19,1471,old
U03036,Snapchat,Snap Inc.,Multimedia messaging,Kiribati,18.2,low,True,2026-04-02,149,new
U03037,YouTube,Google,Video sharing,Benin,239.47,high,True,2020-12-26,2072,old
U03038,Pinterest,Pinterest Inc.,Visual discovery and bookmarking,Cameroon,185.01,high,True,2017-12-27,3167,old
U03039,Threads,Meta,Text-based social networking,Aruba,280.05,high,True,2026-08-20,9,very_new
U03040,Snapchat,Snap Inc.,Multimedia messaging,Solomon Islands,198.21,high,True,2019-09-16,2539,old
U03041,Reddit,Reddit Inc.,Discussion forums and communities,New Caledonia,62.25,medium,False,2018-10-05,2885,old
U03042,WhatsApp,Meta,Messaging,Brunei Darussalam,142.24,medium,False,2017-01-28,3500,old
U03043,Reddit,Reddit Inc.,Discussion forums and communities,Oman,121.31,medium,True,2022-04-24,1588,old
U03044,Reddit,Reddit Inc.,Discussion forums and communities,Cayman Islands,171.19,medium,False,2019-12-04,2460,old
U03045,Threads,Meta,Text-based social networking,Eritrea,236.41,high,True,2021-12-04,1729,old
U03046,Telegram,Telegram FZ LLC,Messaging,Poland,283.12,high,False,2026-07-13,47,new
U03047,Quora,Quora Inc.,Q&A knowledge sharing,Saint Pierre and Miquelon,217.97,high,True,2016-07-16,3696,old
U03048,WeChat,Tencent,Messaging and social media,Trinidad and Tobago,204.2,high,True,2017-11-05,3219,old
U03049,YouTube,Google,Video sharing,Senegal,258.95,high,False,2022-06-29,1522,old
U03050,Facebook,Meta,Social networking,Mexico,140.56,medium,True,2026-07-22,38,new
U03051,Snapchat,Snap Inc.,Multimedia messaging,Antigua and Barbuda,256.85,high,True,2019-06-01,2646,old
U03052,WeChat,Tencent,Messaging and social media,Sudan,78.44,medium,False,2016-05-26,3747,old
U03053,Threads,Meta,Text-based social networking,Lithuania,222.88,high,True,2025-04-08,508,established
U03054,Snapchat,Snap Inc.,Multimedia messaging,Congo,46.62,low,True,2021-01-27,2040,old
U03055,Snapchat,Snap Inc.,Multimedia messaging,Heard Island and McDonald Islands,297.17,high,False,2024-05-24,827,old
U03056,Instagram,Meta,Photo and video sharing,China,148.62,medium,True,2026-03-16,166,new
U03057,Facebook,Meta,Social networking,Bermuda,199.38,high,True,2021-01-12,2055,old
U03058,TikTok,ByteDance,Short-form videos,Svalbard & Jan Mayen Islands,107.62,medium,True,2023-09-04,1090,old
U03059,Instagram,Meta,Photo and video sharing,Afghanistan,146.88,medium,True,2026-07-31,29,very_new
U03060,TikTok,ByteDance,Short-form videos,Benin,190.84,high,True,2015-08-21,4026,old
U03061,YouTube,Google,Video sharing,Dominica,36.45,low,False,2023-06-14,1172,old
U03062,YouTube,Google,Video sharing,Venezuela,88.76,medium,False,2024-12-25,612,established
U03063,Instagram,Meta,Photo and video sharing,French Southern Territories,16.95,low,False,2015-09-14,4002,old
U03064,Telegram,Telegram FZ LLC,Messaging,Saint Helena,156.79,medium,False,2021-03-15,1993,old
U03065,Quora,Quora Inc.,Q&A knowledge sharing,Bangladesh,225.65,high,True,2019-01-06,2792,old
U03066,X (formerly Twitter),X Corp.,Microblogging,Cocos (Keeling) Islands,39.04,low,True,2022-01-04,1698,old
U03067,WhatsApp,Meta,Messaging,Croatia,291.94,high,True,2018-01-14,3149,old
U03068,X (formerly Twitter),X Corp.,Microblogging,Paraguay,25.92,low,False,2018-07-09,2973,old
U03069,Telegram,Telegram FZ LLC,Messaging,Moldova,39.86,low,True,2024-10-12,686,established
U03070,X (formerly Twitter),X Corp.,Microblogging,Malawi,72.26,medium,False,2015-08-29,4018,old
U03071,Telegram,Telegram FZ LLC,Messaging,Micronesia,116.09,medium,False,2017-03-05,3464,old
U03072,X (formerly Twitter),X Corp.,Microblogging,Marshall Islands,290.13,high,False,2024-02-02,939,old
U03073,Threads,Meta,Text-based social networking,Guatemala,280.26,high,True,2018-11-10,2849,old
U03074,Instagram,Meta,Photo and video sharing,Croatia,214.03,high,False,2019-05-15,2663,old
U03075,Facebook,Meta,Social networking,Haiti,237.03,high,False,2026-04-08,143,new
U03076,Quora,Quora Inc.,Q&A knowledge sharing,Germany,227.04,high,False,2015-10-10,3976,old
U03077,WhatsApp,Meta,Messaging,Tanzania,31.71,low,True,2026-08-27,2,very_new
U03078,WhatsApp,Meta,Messaging,Palau,128.49,medium,False,2017-04-07,3431,old
U03079,Snapchat,Snap Inc.,Multimedia messaging,Botswana,166.69,medium,True,2020-02-08,2394,old
U03080,Facebook,Meta,Social networking,Cayman Islands,196.15,high,False,2020-05-24,2288,old
U03081,Reddit,Reddit Inc.,Discussion forums and communities,Saint Pierre and Miquelon,96.33,medium,True,2019-02-28,2739,old
U03082,X (formerly Twitter),X Corp.,Microblogging,Guam,184.55,high,False,2023-02-14,1292,old
U03083,Telegram,Telegram FZ LLC,Messaging,Cameroon,176.85,medium,True,2023-09-28,1066,old
U03084,Quora,Quora Inc.,Q&A knowledge sharing,Kazakhstan,122.39,medium,False,2015-09-22,3994,old
U03085,Pinterest,Pinterest Inc.,Visual discovery and bookmarking,Finland,282.42,high,True,2015-09-22,3994,old
U03086,Threads,Meta,Text-based social networking,South Africa,171.21,medium,False,2018-10-02,2888,old
U03087,YouTube,Google,Video sharing,Monaco,14.95,low,True,2018-11-08,2851,old
U03088,Snapchat,Snap Inc.,Multimedia messaging,South Africa,34.11,low,True,2021-03-05,2003,old
U03089,WeChat,Tencent,Messaging and social media,United Kingdom,299.17,high,False,2016-02-03,3860,old
U03090,Reddit,Reddit Inc.,Discussion forums and communities,Lebanon,166.63,medium,True,2026-03-22,160,new
U03091,Telegram,Telegram FZ LLC,Messaging,Fiji,293.84,high,True,2026-06-21,69,new
U03092,WhatsApp,Meta,Messaging,Malaysia,170.38,medium,True,2026-08-12,17,very_new
U03093,Pinterest,Pinterest Inc.,Visual discovery and bookmarking,Tajikistan,75.1,medium,True,2023-05-09,1208,old
U03094,Threads,Meta,Text-based social networking,Guinea,148.12,medium,True,2021-07-09,1877,old
U03095,Reddit,Reddit Inc.,Discussion forums and communities,Armenia,275.92,high,False,2026-08-12,17,very_new
U03096,Threads,Meta,Text-based social networking,Dominica,252.01,high,True,2023-03-28,1250,old
U03097,Telegram,Telegram FZ LLC,Messaging,Bouvet Island (Bouvetoya),199.09,high,True,2019-08-22,2564,old
U03098,Facebook,Meta,Social networking,Armenia,202.68,high,False,2020-12-23,2075,old
U03099,WhatsApp,Meta,Messaging,United Arab Emirates,98.24,medium,True,2022-12-22,1346,old
U03100,Instagram,Meta,Photo and video sharing,Portugal,129.6,medium,False,2019-03-11,2728,old
U03101,TikTok,ByteDance,Short-form videos,Poland,65.22,medium,True,2021-04-02,1975,old
U03102,YouTube,Google,Video sharing,Gabon,52.75,low,False,2016-08-19,3662,old
U03103,LinkedIn,Microsoft,Professional networking,Moldova,273.53,high,True,2018-01-30,3133,old
U03104,WhatsApp,Meta,Messaging,Belgium,223.09,high,True,2018-01-31,3132,old
U03105,WeChat,Tencent,Messaging and social media,Egypt,55.36,low,False,2026-05-21,100,new
U03106,Snapchat,Snap Inc.,Multimedia messaging,Nicaragua,295.34,high,True,2024-11-23,644,established
U03107,Quora,Quora Inc.,Q&A knowledge sharing,Papua New Guinea,65.33,medium,True,2020-08-09,2211,old
U03108,TikTok,ByteDance,Short-form videos,Morocco,112.0,medium,True,2018-11-14,2845,old
U03109,Instagram,Meta,Photo and video sharing,Holy See (Vatican City State),148.27,medium,True,2015-06-12,4096,old
U03110,WeChat,Tencent,Messaging and social media,Timor-Leste,44.73,low,False,2025-02-17,558,established
U03111,WhatsApp,Meta,Messaging,Croatia,109.45,medium,True,2026-07-07,53,new
U03112,YouTube,Google,Video sharing,Guinea-Bissau,129.88,medium,True,2022-06-08,1543,old
U03113,X (formerly Twitter),X Corp.,Microblogging,Brazil,189.34,high,True,2016-01-12,3882,old
U03114,Reddit,Reddit Inc.,Discussion forums and communities,Denmark,97.76,medium,False,2023-12-23,980,old
U03115,LinkedIn,Microsoft,Professional networking,Madagascar,195.31,high,True,2017-07-18,3329,old
U03116,Pinterest,Pinterest Inc.,Visual discovery and bookmarking,Niger,277.71,high,False,2021-06-20,1896,old
U03117,Reddit,Reddit Inc.,Discussion forums and communities,Lithuania,262.21,high,True,2017-02-25,3472,old
U03118,YouTube,Google,Video sharing,Cote d'Ivoire,275.08,high,False,2026-05-06,115,new
U03119,Quora,Quora Inc.,Q&A knowledge sharing,Uruguay,50.01,low,False,2023-11-12,1021,old
U03120,Snapchat,Snap Inc.,Multimedia messaging,Bahamas,92.48,medium,True,2022-05-19,1563,old
U03121,WhatsApp,Meta,Messaging,Antarctica (the territory South of 60 deg S),297.03,high,False,2017-07-31,3316,old
U03122,Threads,Meta,Text-based social networking,Korea,199.5,high,True,2015-10-25,3961,old
U03123,Threads,Meta,Text-based social networking,Kazakhstan,137.85,medium,True,2015-07-08,4070,old
U03124,WhatsApp,Meta,Messaging,Micronesia,74.13,medium,True,2017-03-26,3443,old
U03125,X (formerly Twitter),X Corp.,Microblogging,Saudi Arabia,73.77,medium,False,2022-05-24,1558,old
U03126,Threads,Meta,Text-based social networking,Andorra,78.06,medium,False,2022-04-01,1611,old
U03127,Quora,Quora Inc.,Q&A knowledge sharing,Mozambique,69.04,medium,False,2017-09-28,3257,old
U03128,Reddit,Reddit Inc.,Discussion forums and communities,Timor-Leste,181.83,high,False,2023-01-25,1312,old
U03129,Telegram,Telegram FZ LLC,Messaging,Tajikistan,279.22,high,False,2024-12-28,609,established
U03130,X (formerly Twitter),X Corp.,Microblogging,United States of America,99.2,medium,False,2023-12-12,991,old
U03131,Snapchat,Snap Inc.,Multimedia messaging,United States of America,208.66,high,False,2017-08-06,3310,old
U03132,TikTok,ByteDance,Short-form videos,Bangladesh,45.86,low,False,2016-02-29,3834,old
U03133,Quora,Quora Inc.,Q&A knowledge sharing,Turkey,204.1,high,True,2021-10-29,1765,old
U03134,LinkedIn,Microsoft,Professional networking,Bahrain,135.49,medium,False,2017-10-01,3254,old
U03135,Instagram,Meta,Photo and video sharing,Serbia,135.39,medium,True,2020-07-30,2221,old
U03136,Threads,Meta,Text-based social networking,Saint Martin,83.64,medium,True,2024-03-16,896,old
U03137,Facebook,Meta,Social networking,Lesotho,33.95,low,False,2022-01-11,1691,old
U03138,LinkedIn,Microsoft,Professional networking,Angola,86.07,medium,True,2026-05-05,116,new
U03139,Threads,Meta,Text-based social networking,Australia,210.28,high,False,2018-01-26,3137,old
U03140,Reddit,Reddit Inc.,Discussion forums and communities,Taiwan,26.6,low,False,2026-05-06,115,new
U03141,Instagram,Meta,Photo and video sharing,Canada,240.59,high,False,2026-04-21,130,new
U03142,Reddit,Reddit Inc.,Discussion forums and communities,Norway,93.07,medium,True,2016-03-20,3814,old
U03143,Snapchat,Snap Inc.,Multimedia messaging,Japan,183.48,high,False,2020-02-20,2382,old
U03144,Threads,Meta,Text-based social networking,Liberia,182.6,high,False,2023-10-12,1052,old
U03145,Quora,Quora Inc.,Q&A knowledge sharing,Switzerland,234.95,high,False,2026-06-05,85,new
U03146,Threads,Meta,Text-based social networking,French Guiana,31.38,low,True,2022-05-16,1566,old
U03147,Threads,Meta,Text-based social networking,Seychelles,16.54,low,True,2021-12-12,1721,old
U03148,Reddit,Reddit Inc.,Discussion forums and communities,Somalia,222.29,high,False,2020-08-01,2219,old
U03149,Instagram,Meta,Photo and video sharing,Botswana,293.89,high,False,2021-12-09,1724,old
U03150,WeChat,Tencent,Messaging and social media,Mozambique,263.17,high,True,2015-07-31,4047,old
U03151,TikTok,ByteDance,Short-form videos,Egypt,98.77,medium,False,2022-03-14,1629,old
U03152,LinkedIn,Microsoft,Professional networking,Malta,131.75,medium,True,2016-01-27,3867,old
U03153,Pinterest,Pinterest Inc.,Visual discovery and bookmarking,Albania,14.65,low,False,2018-10-08,2882,old
U03154,WeChat,Tencent,Messaging and social media,Australia,99.3,medium,True,2018-10-24,2866,old
U03155,Facebook,Meta,Social networking,Jamaica,125.18,medium,True,2018-01-21,3142,old
U03156,Reddit,Reddit Inc.,Discussion forums and communities,Cyprus,126.38,medium,False,2019-07-01,2616,old
U03157,Quora,Quora Inc.,Q&A knowledge sharing,Mali,71.78,medium,True,2020-07-12,2239,old
U03158,YouTube,Google,Video sharing,Saudi Arabia,230.56,high,True,2015-06-12,4096,old
U03159,Threads,Meta,Text-based social networking,Botswana,281.07,high,True,2020-12-01,2097,old
U03160,Instagram,Meta,Photo and video sharing,Uruguay,120.43,medium,False,2026-08-22,7,very_new
U03161,Quora,Quora Inc.,Q&A knowledge sharing,Gambia,207.29,high,False,2019-08-23,2563,old
U03162,WeChat,Tencent,Messaging and social media,Nicaragua,180.35,high,False,2026-06-02,88,new
U03163,Snapchat,Snap Inc.,Multimedia messaging,Guadeloupe,168.22,medium,True,2022-07-03,1518,old
U03164,LinkedIn,Microsoft,Professional networking,Montserrat,174.74,medium,True,2021-02-07,2029,old
U03165,Pinterest,Pinterest Inc.,Visual discovery and bookmarking,Bosnia and Herzegovina,157.89,medium,True,2021-07-31,1855,old
U03166,Threads,Meta,Text-based social networking,United Arab Emirates,157.25,medium,True,2016-06-22,3720,old
U03167,YouTube,Google,Video sharing,Cayman Islands,89.38,medium,False,2020-07-13,2238,old
U03168,WeChat,Tencent,Messaging and social media,Timor-Leste,21.16,low,False,2022-08-22,1468,old
U03169,Threads,Meta,Text-based social networking,Reunion,179.96,medium,True,2018-07-16,2966,old
U03170,Facebook,Meta,Social networking,San Marino,140.21,medium,False,2019-11-16,2478,old
U03171,YouTube,Google,Video sharing,Burkina Faso,96.1,medium,False,2026-03-20,162,new
U03172,WhatsApp,Meta,Messaging,Eritrea,124.74,medium,True,2022-03-07,1636,old
U03173,Threads,Meta,Text-based social networking,Guinea,153.47,medium,False,2022-01-19,1683,old
U03174,TikTok,ByteDance,Short-form videos,Saint Lucia,167.1,medium,False,2023-10-23,1041,old
U03175,X (formerly Twitter),X Corp.,Microblogging,Liechtenstein,218.18,high,True,2017-07-28,3319,old
U03176,YouTube,Google,Video sharing,Macao,226.99,high,True,2020-07-02,2249,old
U03177,YouTube,Google,Video sharing,Trinidad and Tobago,94.2,medium,False,2019-04-25,2683,old
U03178,Telegram,Telegram FZ LLC,Messaging,Argentina,195.82,high,True,2025-04-18,498,established
U03179,Threads,Meta,Text-based social networking,Iraq,55.8,low,True,2024-01-19,953,old
U03180,Reddit,Reddit Inc.,Discussion forums and communities,Svalbard & Jan Mayen Islands,19.16,low,True,2021-07-06,1880,old
U03181,Pinterest,Pinterest Inc.,Visual discovery and bookmarking,Azerbaijan,190.16,high,True,2017-05-29,3379,old
U03182,Facebook,Meta,Social networking,Ethiopia,265.61,high,False,2022-03-02,1641,old
U03183,YouTube,Google,Video sharing,Timor-Leste,165.98,medium,True,2019-03-29,2710,old
U03184,Telegram,Telegram FZ LLC,Messaging,Cyprus,10.13,low,True,2026-08-19,10,very_new
U03185,LinkedIn,Microsoft,Professional networking,Netherlands Antilles,152.1,medium,True,2026-08-28,1,very_new
U03186,LinkedIn,Microsoft,Professional networking,Chile,77.09,medium,False,2026-04-01,150,new
U03187,Facebook,Meta,Social networking,Guernsey,253.0,high,False,2022-01-01,1701,old
U03188,LinkedIn,Microsoft,Professional networking,Italy,214.36,high,False,2016-03-11,3823,old
U03189,WhatsApp,Meta,Messaging,Serbia,93.66,medium,False,2022-12-03,1365,old
U03190,Snapchat,Snap Inc.,Multimedia messaging,Netherlands,73.81,medium,True,2018-05-20,3023,old
U03191,WhatsApp,Meta,Messaging,Togo,133.06,medium,True,2026-08-16,13,very_new
U03192,Quora,Quora Inc.,Q&A knowledge sharing,Libyan Arab Jamahiriya,74.54,medium,False,2024-09-19,709,established
U03193,WeChat,Tencent,Messaging and social media,Botswana,81.65,medium,True,2019-07-08,2609,old
U03194,X (formerly Twitter),X Corp.,Microblogging,Tunisia,61.15,medium,False,2023-08-21,1104,old
U03195,Instagram,Meta,Photo and video sharing,Greece,287.6,high,False,2018-10-02,2888,old
U03196,Quora,Quora Inc.,Q&A knowledge sharing,Puerto Rico,208.93,high,False,2020-05-19,2293,old
U03197,Reddit,Reddit Inc.,Discussion forums and communities,Latvia,119.12,medium,False,2021-09-20,1804,old
U03198,Instagram,Meta,Photo and video sharing,Martinique,36.22,low,False,2017-07-06,3341,old
U03199,Quora,Quora Inc.,Q&A knowledge sharing,Kuwait,278.03,high,False,2023-10-25,1039,old
U03200,Facebook,Meta,Social networking,Guyana,53.82,low,True,2026-04-28,123,new
U03201,TikTok,ByteDance,Short-form videos,United Arab Emirates,202.81,high,False,2021-01-25,2042,old
U03202,Pinterest,Pinterest Inc.,Visual discovery and bookmarking,Sweden,14.04,low,False,2024-10-10,688,established
U03203,YouTube,Google,Video sharing,French Polynesia,83.34,medium,True,2023-01-03,1334,old
U03204,Snapchat,Snap Inc.,Multimedia messaging,France,263.06,high,True,2021-09-15,1809,old
U03205,Threads,Meta,Text-based social networking,Samoa,219.63,high,True,2018-05-31,3012,old
U03206,Reddit,Reddit Inc.,Discussion forums and communities,Czech Republic,131.5,medium,True,2025-03-01,546,established
U03207,Quora,Quora Inc.,Q&A knowledge sharing,United Kingdom,213.79,high,False,2019-05-20,2658,old
U03208,X (formerly Twitter),X Corp.,Microblogging,Panama,211.99,high,False,2017-07-30,3317,old
U03209,TikTok,ByteDance,Short-form videos,Holy See (Vatican City State),60.81,medium,True,2021-10-15,1779,old
U03210,X (formerly Twitter),X Corp.,Microblogging,Tanzania,107.61,medium,True,2021-06-10,1906,old
U03211,YouTube,Google,Video sharing,Slovakia (Slovak Republic),281.63,high,False,2026-03-05,177,new
U03212,Snapchat,Snap Inc.,Multimedia messaging,Chile,268.22,high,True,2021-03-23,1985,old
U03213,Telegram,Telegram FZ LLC,Messaging,Congo,21.05,low,False,2026-03-23,159,new
U03214,Snapchat,Snap Inc.,Multimedia messaging,Tokelau,38.87,low,False,2020-11-06,2122,old
U03215,Snapchat,Snap Inc.,Multimedia messaging,Botswana,166.62,medium,False,2022-03-09,1634,old
U03216,Facebook,Meta,Social networking,Cameroon,273.97,high,False,2021-09-17,1807,old
U03217,Facebook,Meta,Social networking,Tuvalu,22.88,low,False,2022-09-13,1446,old
U03218,TikTok,ByteDance,Short-form videos,Kyrgyz Republic,137.24,medium,False,2024-09-13,715,established
U03219,WeChat,Tencent,Messaging and social media,Cameroon,186.3,high,False,2015-08-21,4026,old
U03220,X (formerly Twitter),X Corp.,Microblogging,Canada,8.79,low,False,2026-08-12,17,very_new
U03221,Threads,Meta,Text-based social networking,New Caledonia,207.05,high,True,2021-04-02,1975,old
U03222,Instagram,Meta,Photo and video sharing,Cayman Islands,274.39,high,False,2023-02-27,1279,old
U03223,Quora,Quora Inc.,Q&A knowledge sharing,Cape Verde,48.93,low,False,2026-08-21,8,very_new
U03224,Instagram,Meta,Photo and video sharing,Isle of Man,103.13,medium,False,2026-05-18,103,new
U03225,LinkedIn,Microsoft,Professional networking,Congo,285.47,high,False,2023-08-22,1103,old
U03226,Snapchat,Snap Inc.,Multimedia messaging,Fiji,251.72,high,True,2016-04-21,3782,old
U03227,Reddit,Reddit Inc.,Discussion forums and communities,Cyprus,65.8,medium,True,2026-08-02,27,very_new
U03228,WeChat,Tencent,Messaging and social media,Tunisia,149.19,medium,False,2026-08-09,20,very_new
U03229,LinkedIn,Microsoft,Professional networking,Japan,54.91,low,True,2021-07-01,1885,old
U03230,Facebook,Meta,Social networking,El Salvador,186.63,high,True,2021-01-11,2056,old
U03231,Pinterest,Pinterest Inc.,Visual discovery and bookmarking,Mauritius,135.55,medium,False,2023-09-06,1088,old
U03232,Pinterest,Pinterest Inc.,Visual discovery and bookmarking,Gabon,104.01,medium,False,2020-09-27,2162,old
U03233,Instagram,Meta,Photo and video sharing,Uruguay,81.13,medium,False,2026-04-04,147,new
U03234,Pinterest,Pinterest Inc.,Visual discovery and bookmarking,Grenada,185.86,high,True,2024-03-04,908,old
U03235,Quora,Quora Inc.,Q&A knowledge sharing,Ghana,38.19,low,False,2017-12-19,3175,old
U03236,WhatsApp,Meta,Messaging,South Georgia and the South Sandwich Islands,56.4,low,True,2022-07-15,1506,old
U03237,Quora,Quora Inc.,Q&A knowledge sharing,Syrian Arab Republic,193.83,high,True,2025-03-14,533,established
U03238,X (formerly Twitter),X Corp.,Microblogging,Palau,28.63,low,True,2023-04-04,1243,old
U03239,Threads,Meta,Text-based social networking,Italy,218.74,high,True,2016-03-09,3825,old
U03240,Facebook,Meta,Social networking,Saint Pierre and Miquelon,6.33,low,True,2025-03-22,525,established
U03241,X (formerly Twitter),X Corp.,Microblogging,Hungary,17.23,low,True,2026-08-08,21,very_new
U03242,Threads,Meta,Text-based social networking,Andorra,152.12,medium,True,2020-04-11,2331,old
U03243,LinkedIn,Microsoft,Professional networking,Bahrain,140.01,medium,True,2022-01-30,1672,old
U03244,WhatsApp,Meta,Messaging,Kazakhstan,267.52,high,False,2017-04-01,3437,old
U03245,X (formerly Twitter),X Corp.,Microblogging,Sudan,171.02,medium,True,2023-02-17,1289,old
U03246,X (formerly Twitter),X Corp.,Microblogging,Somalia,190.46,high,True,2020-08-14,2206,old
U03247,Reddit,Reddit Inc.,Discussion forums and communities,Mayotte,90.2,medium,True,2017-11-09,3215,old
U03248,WhatsApp,Meta,Messaging,Chad,117.43,medium,True,2017-07-17,3330,old
U03249,Snapchat,Snap Inc.,Multimedia messaging,Ecuador,59.63,low,True,2015-09-25,3991,old
U03250,Snapchat,Snap Inc.,Multimedia messaging,Antarctica (the territory South of 60 deg S),228.12,high,False,2019-01-30,2768,old
U03251,YouTube,Google,Video sharing,Central African Republic,274.96,high,False,2024-01-20,952,old
U03252,Instagram,Meta,Photo and video sharing,Denmark,91.92,medium,False,2019-11-09,2485,old
U03253,Quora,Quora Inc.,Q&A knowledge sharing,Svalbard & Jan Mayen Islands,80.54,medium,False,2021-04-09,1968,old
U03254,LinkedIn,Microsoft,Professional networking,Azerbaijan,245.79,high,True,2022-09-12,1447,old
U03255,Facebook,Meta,Social networking,Costa Rica,215.32,high,True,2026-08-07,22,very_new
U03256,X (formerly Twitter),X Corp.,Microblogging,Nigeria,235.15,high,True,2021-05-03,1944,old
U03257,Reddit,Reddit Inc.,Discussion forums and communities,Equatorial Guinea,284.13,high,False,2016-12-25,3534,old
U03258,X (formerly Twitter),X Corp.,Microblogging,Antarctica (the territory South of 60 deg S),145.93,medium,False,2026-08-10,19,very_new
U03259,LinkedIn,Microsoft,Professional networking,Malta,278.16,high,True,2016-07-02,3710,old
U03260,WeChat,Tencent,Messaging and social media,Spain,11.38,low,False,2022-12-14,1354,old
U03261,Pinterest,Pinterest Inc.,Visual discovery and bookmarking,Bosnia and Herzegovina,284.92,high,True,2024-11-03,664,established
U03262,WhatsApp,Meta,Messaging,Guinea,232.51,high,True,2026-06-20,70,new
U03263,YouTube,Google,Video sharing,Netherlands,93.01,medium,True,2018-02-26,3106,old
U03264,TikTok,ByteDance,Short-form videos,North Macedonia,276.63,high,False,2026-04-03,148,new
U03265,YouTube,Google,Video sharing,Albania,193.05,high,False,2020-11-04,2124,old
U03266,WhatsApp,Meta,Messaging,Venezuela,161.27,medium,True,2023-12-09,994,old
U03267,WeChat,Tencent,Messaging and social media,Congo,99.63,medium,True,2016-01-14,3880,old
U03268,Pinterest,Pinterest Inc.,Visual discovery and bookmarking,Malawi,298.2,high,False,2026-05-27,94,new
U03269,Pinterest,Pinterest Inc.,Visual discovery and bookmarking,Oman,92.83,medium,True,2023-01-26,1311,old
U03270,WeChat,Tencent,Messaging and social media,Moldova,281.25,high,False,2021-04-21,1956,old
U03271,Quora,Quora Inc.,Q&A knowledge sharing,Suriname,103.3,medium,False,2022-06-03,1548,old
U03272,Facebook,Meta,Social networking,French Southern Territories,111.98,medium,True,2024-07-10,780,old
U03273,Quora,Quora Inc.,Q&A knowledge sharing,Zimbabwe,165.48,medium,True,2024-01-17,955,old
U03274,Telegram,Telegram FZ LLC,Messaging,Zambia,8.83,low,True,2021-02-02,2034,old
U03275,WeChat,Tencent,Messaging and social media,Azerbaijan,6.7,low,True,2024-06-06,814,old
U03276,X (formerly Twitter),X Corp.,Microblogging,Uruguay,102.15,medium,False,2020-11-11,2117,old
U03277,LinkedIn,Microsoft,Professional networking,Turkey,252.81,high,True,2018-05-13,3030,old
U03278,Instagram,Meta,Photo and video sharing,South Africa,13.54,low,False,2021-01-30,2037,old
U03279,Facebook,Meta,Social networking,Antigua and Barbuda,118.24,medium,True,2026-07-18,42,new
U03280,Snapchat,Snap Inc.,Multimedia messaging,Hungary,141.86,medium,False,2026-04-14,137,new
U03281,WhatsApp,Meta,Messaging,Turkey,125.11,medium,True,2024-02-05,936,old
U03282,Facebook,Meta,Social networking,Qatar,218.21,high,False,2021-10-10,1784,old
U03283,Reddit,Reddit Inc.,Discussion forums and communities,Cyprus,142.82,medium,True,2020-08-19,2201,old
U03284,YouTube,Google,Video sharing,Iraq,171.6,medium,True,2024-03-14,898,old
U03285,LinkedIn,Microsoft,Professional networking,Burkina Faso,115.31,medium,False,2026-04-20,131,new
U03286,Pinterest,Pinterest Inc.,Visual discovery and bookmarking,Lithuania,33.82,low,False,2026-05-09,112,new
U03287,Facebook,Meta,Social networking,Honduras,165.49,medium,True,2024-11-23,644,established
U03288,Pinterest,Pinterest Inc.,Visual discovery and bookmarking,Northern Mariana Islands,123.53,medium,False,2020-02-16,2386,old
U03289,Facebook,Meta,Social networking,Malta,271.29,high,True,2025-01-21,585,established
U03290,WhatsApp,Meta,Messaging,Timor-Leste,232.86,high,True,2020-07-23,2228,old
U03291,Quora,Quora Inc.,Q&A knowledge sharing,Guinea-Bissau,148.98,medium,True,2017-01-10,3518,old
U03292,X (formerly Twitter),X Corp.,Microblogging,Gabon,63.33,medium,True,2024-10-17,681,established
U03293,Facebook,Meta,Social networking,Latvia,112.58,medium,False,2017-10-17,3238,old
U03294,WhatsApp,Meta,Messaging,Costa Rica,259.11,high,True,2026-03-24,158,new
U03295,TikTok,ByteDance,Short-form videos,Luxembourg,298.94,high,True,2022-12-22,1346,old
U03296,X (formerly Twitter),X Corp.,Microblogging,Kazakhstan,158.99,medium,True,2017-01-11,3517,old
U03297,Quora,Quora Inc.,Q&A knowledge sharing,Ecuador,65.91,medium,True,2015-12-15,3910,old
U03298,Threads,Meta,Text-based social networking,Turkmenistan,31.49,low,False,2023-05-29,1188,old
U03299,Reddit,Reddit Inc.,Discussion forums and communities,Namibia,239.76,high,False,2023-10-25,1039,old
U03300,YouTube,Google,Video sharing,Finland,115.34,medium,True,2025-04-02,514,established
U03301,WhatsApp,Meta,Messaging,Tanzania,153.79,medium,False,2017-10-18,3237,old
U03302,WhatsApp,Meta,Messaging,Albania,259.14,high,False,2022-12-21,1347,old
U03303,Threads,Meta,Text-based social networking,Guadeloupe,7.03,low,True,2024-04-25,856,old
U03304,Pinterest,Pinterest Inc.,Visual discovery and bookmarking,Comoros,215.22,high,True,2018-12-15,2814,old
U03305,TikTok,ByteDance,Short-form videos,American Samoa,231.42,high,False,2016-06-28,3714,old
U03306,Instagram,Meta,Photo and video sharing,Djibouti,280.07,high,False,2018-07-16,2966,old
U03307,WhatsApp,Meta,Messaging,Saint Barthelemy,17.0,low,True,2018-08-05,2946,old
U03308,Instagram,Meta,Photo and video sharing,Yemen,66.61,medium,False,2026-08-10,19,very_new
U03309,Quora,Quora Inc.,Q&A knowledge sharing,Mauritania,135.83,medium,False,2020-01-20,2413,old
U03310,WeChat,Tencent,Messaging and social media,India,248.26,high,True,2018-11-04,2855,old
U03311,TikTok,ByteDance,Short-form videos,Singapore,191.82,high,False,2020-05-10,2302,old
U03312,Threads,Meta,Text-based social networking,Australia,178.32,medium,True,2015-12-06,3919,old
U03313,Telegram,Telegram FZ LLC,Messaging,Papua New Guinea,185.43,high,False,2026-03-17,165,new
U03314,Facebook,Meta,Social networking,Bouvet Island (Bouvetoya),139.48,medium,False,2017-04-20,3418,old
U03315,Threads,Meta,Text-based social networking,Puerto Rico,141.65,medium,False,2018-07-29,2953,old
U03316,Pinterest,Pinterest Inc.,Visual discovery and bookmarking,Benin,271.08,high,True,2024-04-01,880,old
U03317,LinkedIn,Microsoft,Professional networking,Puerto Rico,34.91,low,True,2022-09-21,1438,old
U03318,Snapchat,Snap Inc.,Multimedia messaging,Martinique,211.16,high,False,2025-03-12,535,established
U03319,WhatsApp,Meta,Messaging,Mongolia,270.77,high,True,2022-01-14,1688,old
U03320,Snapchat,Snap Inc.,Multimedia messaging,Afghanistan,13.09,low,True,2018-02-08,3124,old
U03321,Instagram,Meta,Photo and video sharing,Montenegro,194.94,high,True,2020-10-21,2138,old
U03322,WeChat,Tencent,Messaging and social media,Bahamas,81.92,medium,False,2016-05-02,3771,old
U03323,WeChat,Tencent,Messaging and social media,Canada,185.49,high,False,2024-09-24,704,established
U03324,X (formerly Twitter),X Corp.,Microblogging,Norfolk Island,123.44,medium,False,2018-03-05,3099,old
U03325,WeChat,Tencent,Messaging and social media,Malta,179.43,medium,False,2026-05-28,93,new
U03326,Reddit,Reddit Inc.,Discussion forums and communities,Latvia,178.19,medium,True,2026-06-27,63,new
U03327,WhatsApp,Meta,Messaging,Tuvalu,150.71,medium,True,2025-01-28,578,established
U03328,X (formerly Twitter),X Corp.,Microblogging,Sao Tome and Principe,148.81,medium,True,2026-05-17,104,new
U03329,TikTok,ByteDance,Short-form videos,United Arab Emirates,85.87,medium,True,2018-12-11,2818,old
U03330,TikTok,ByteDance,Short-form videos,Barbados,76.34,medium,False,2016-05-02,3771,old
U03331,Instagram,Meta,Photo and video sharing,New Caledonia,257.3,high,False,2018-06-02,3010,old
U03332,WeChat,Tencent,Messaging and social media,Moldova,165.38,medium,False,2022-08-22,1468,old
U03333,WeChat,Tencent,Messaging and social media,Andorra,74.95,medium,True,2016-04-13,3790,old
U03334,LinkedIn,Microsoft,Professional networking,Slovakia (Slovak Republic),120.57,medium,False,2026-08-22,7,very_new
U03335,Quora,Quora Inc.,Q&A knowledge sharing,Grenada,194.97,high,False,2020-05-16,2296,old
U03336,WhatsApp,Meta,Messaging,Liberia,270.63,high,True,2017-06-30,3347,old
U03337,Instagram,Meta,Photo and video sharing,Christmas Island,64.55,medium,True,2016-08-31,3650,old
U03338,Telegram,Telegram FZ LLC,Messaging,Togo,78.65,medium,False,2026-05-01,120,new
U03339,LinkedIn,Microsoft,Professional networking,American Samoa,196.7,high,True,2017-08-15,3301,old
U03340,X (formerly Twitter),X Corp.,Microblogging,Falkland Islands (Malvinas),201.6,high,False,2015-11-07,3948,old
U03341,WhatsApp,Meta,Messaging,Hungary,265.27,high,False,2020-01-10,2423,old
U03342,YouTube,Google,Video sharing,Maldives,53.23,low,False,2021-09-13,1811,old
U03343,Instagram,Meta,Photo and video sharing,Slovenia,144.58,medium,False,2020-07-14,2237,old
U03344,Quora,Quora Inc.,Q&A knowledge sharing,Senegal,109.75,medium,False,2019-03-13,2726,old
U03345,Threads,Meta,Text-based social networking,Christmas Island,207.1,high,True,2016-06-10,3732,old
U03346,Snapchat,Snap Inc.,Multimedia messaging,Cook Islands,291.73,high,False,2024-01-02,970,old
U03347,Instagram,Meta,Photo and video sharing,Taiwan,194.57,high,True,2019-06-27,2620,old
U03348,TikTok,ByteDance,Short-form videos,Portugal,25.01,low,False,2020-03-30,2343,old
U03349,Threads,Meta,Text-based social networking,Anguilla,155.7,medium,False,2019-11-06,2488,old
U03350,WeChat,Tencent,Messaging and social media,Mali,77.77,medium,True,2016-05-14,3759,old
U03351,Facebook,Meta,Social networking,Cocos (Keeling) Islands,181.22,high,True,2018-01-19,3144,old
U03352,X (formerly Twitter),X Corp.,Microblogging,Samoa,157.93,medium,True,2026-08-19,10,very_new
U03353,YouTube,Google,Video sharing,Chile,9.32,low,False,2015-05-24,4115,old
U03354,TikTok,ByteDance,Short-form videos,Benin,250.28,high,True,2020-06-01,2280,old
U03355,WhatsApp,Meta,Messaging,Palau,82.77,medium,True,2020-10-26,2133,old
U03356,Threads,Meta,Text-based social networking,Somalia,143.76,medium,True,2017-08-21,3295,old
U03357,Pinterest,Pinterest Inc.,Visual discovery and bookmarking,Netherlands Antilles,102.98,medium,False,2021-12-20,1713,old
U03358,Pinterest,Pinterest Inc.,Visual discovery and bookmarking,Myanmar,116.2,medium,True,2019-05-17,2661,old
U03359,Instagram,Meta,Photo and video sharing,Angola,206.05,high,True,2019-01-01,2797,old
U03360,Facebook,Meta,Social networking,Taiwan,62.74,medium,False,2026-06-21,69,new
U03361,YouTube,Google,Video sharing,Congo,154.4,medium,True,2024-03-16,896,old
U03362,Instagram,Meta,Photo and video sharing,Bulgaria,265.04,high,False,2023-04-22,1225,old
U03363,LinkedIn,Microsoft,Professional networking,Rwanda,81.18,medium,True,2024-04-13,868,old
U03364,LinkedIn,Microsoft,Professional networking,Pitcairn Islands,162.66,medium,False,2018-03-30,3074,old
U03365,Quora,Quora Inc.,Q&A knowledge sharing,American Samoa,223.72,high,False,2022-05-30,1552,old
U03366,LinkedIn,Microsoft,Professional networking,Senegal,234.74,high,False,2020-04-23,2319,old
U03367,Facebook,Meta,Social networking,Australia,192.39,high,False,2023-12-09,994,old
U03368,WhatsApp,Meta,Messaging,Moldova,81.64,medium,True,2017-02-02,3495,old
U03369,Reddit,Reddit Inc.,Discussion forums and communities,Comoros,125.45,medium,True,2026-05-21,100,new
U03370,Telegram,Telegram FZ LLC,Messaging,Poland,159.9,medium,True,2018-06-24,2988,old
U03371,WeChat,Tencent,Messaging and social media,French Polynesia,281.33,high,False,2022-04-13,1599,old
U03372,Quora,Quora Inc.,Q&A knowledge sharing,Kuwait,192.22,high,False,2026-03-27,155,new
U03373,LinkedIn,Microsoft,Professional networking,Chad,192.85,high,True,2019-09-25,2530,old
U03374,WhatsApp,Meta,Messaging,Congo,20.93,low,False,2022-07-06,1515,old
U03375,Instagram,Meta,Photo and video sharing,Andorra,267.84,high,False,2026-08-24,5,very_new
U03376,Instagram,Meta,Photo and video sharing,Antarctica (the territory South of 60 deg S),222.42,high,True,2026-07-14,46,new
U03377,Reddit,Reddit Inc.,Discussion forums and communities,Isle of Man,90.74,medium,True,2019-05-05,2673,old
U03378,Threads,Meta,Text-based social networking,Afghanistan,166.11,medium,True,2021-10-02,1792,old
U03379,WhatsApp,Meta,Messaging,Malta,115.53,medium,False,2025-03-14,533,established
U03380,Facebook,Meta,Social networking,Togo,79.78,medium,True,2026-08-11,18,very_new
U03381,Snapchat,Snap Inc.,Multimedia messaging,Sao Tome and Principe,13.84,low,False,2022-04-01,1611,old
U03382,TikTok,ByteDance,Short-form videos,Bahrain,277.06,high,True,2019-03-19,2720,old
U03383,Telegram,Telegram FZ LLC,Messaging,Jordan,65.51,medium,False,2023-02-07,1299,old
U03384,Pinterest,Pinterest Inc.,Visual discovery and bookmarking,Vanuatu,178.91,medium,False,2023-03-06,1272,old
U03385,Pinterest,Pinterest Inc.,Visual discovery and bookmarking,Singapore,224.05,high,False,2026-03-18,164,new
U03386,WeChat,Tencent,Messaging and social media,Gambia,226.62,high,True,2016-09-28,3622,old
U03387,Reddit,Reddit Inc.,Discussion forums and communities,Cocos (Keeling) Islands,262.58,high,True,2016-11-16,3573,old
U03388,LinkedIn,Microsoft,Professional networking,Cambodia,77.96,medium,False,2024-08-11,748,old
U03389,X (formerly Twitter),X Corp.,Microblogging,Fiji,135.4,medium,False,2021-10-23,1771,old
U03390,WhatsApp,Meta,Messaging,Sri Lanka,78.56,medium,False,2026-07-28,32,new
U03391,Telegram,Telegram FZ LLC,Messaging,Belize,270.53,high,False,2020-10-16,2143,old
U03392,Telegram,Telegram FZ LLC,Messaging,United States Virgin Islands,279.45,high,False,2016-01-28,3866,old
U03393,TikTok,ByteDance,Short-form videos,Mauritania,218.71,high,False,2017-07-20,3327,old
U03394,TikTok,ByteDance,Short-form videos,Madagascar,130.06,medium,False,2017-07-24,3323,old
U03395,YouTube,Google,Video sharing,Bermuda,31.14,low,False,2020-02-14,2388,old
U03396,Facebook,Meta,Social networking,Mexico,108.75,medium,True,2021-06-01,1915,old
U03397,Threads,Meta,Text-based social networking,Antigua and Barbuda,273.2,high,False,2015-12-12,3913,old
U03398,Facebook,Meta,Social networking,Senegal,76.22,medium,False,2018-01-24,3139,old
U03399,Instagram,Meta,Photo and video sharing,Solomon Islands,194.62,high,True,2018-04-26,3047,old
U03400,WeChat,Tencent,Messaging and social media,Fiji,47.4,low,True,2022-10-29,1400,old
U03401,Instagram,Meta,Photo and video sharing,Bolivia,246.24,high,False,2016-10-12,3608,old
U03402,Quora,Quora Inc.,Q&A knowledge sharing,Kenya,149.36,medium,True,2023-09-01,1093,old
U03403,Facebook,Meta,Social networking,Burkina Faso,225.98,high,False,2025-03-11,536,established
U03404,Snapchat,Snap Inc.,Multimedia messaging,Equatorial Guinea,127.96,medium,False,2024-09-25,703,established
U03405,WeChat,Tencent,Messaging and social media,Bangladesh,125.84,medium,False,2016-08-29,3652,old
U03406,YouTube,Google,Video sharing,Netherlands,228.49,high,False,2023-02-27,1279,old
U03407,TikTok,ByteDance,Short-form videos,Haiti,114.18,medium,True,2018-02-25,3107,old
U03408,Reddit,Reddit Inc.,Discussion forums and communities,Cote d'Ivoire,115.06,medium,True,2025-03-03,544,established
U03409,Reddit,Reddit Inc.,Discussion forums and communities,Seychelles,48.61,low,True,2019-05-06,2672,old
U03410,Snapchat,Snap Inc.,Multimedia messaging,Uzbekistan,117.48,medium,True,2016-05-04,3769,old
U03411,X (formerly Twitter),X Corp.,Microblogging,New Caledonia,186.37,high,False,2017-10-05,3250,old
U03412,Pinterest,Pinterest Inc.,Visual discovery and bookmarking,Kiribati,220.85,high,False,2025-04-28,488,established
U03413,Reddit,Reddit Inc.,Discussion forums and communities,Zimbabwe,265.98,high,False,2019-11-10,2484,old
U03414,Instagram,Meta,Photo and video sharing,Malaysia,81.4,medium,False,2019-03-06,2733,old
U03415,Reddit,Reddit Inc.,Discussion forums and communities,Bulgaria,55.58,low,False,2017-05-29,3379,old
U03416,X (formerly Twitter),X Corp.,Microblogging,Italy,159.95,medium,False,2017-08-09,3307,old
U03417,Quora,Quora Inc.,Q&A knowledge sharing,Saint Pierre and Miquelon,50.24,low,False,2026-08-05,24,very_new
U03418,LinkedIn,Microsoft,Professional networking,Ukraine,67.48,medium,True,2017-05-19,3389,old
U03419,WhatsApp,Meta,Messaging,Sri Lanka,263.13,high,True,2017-01-22,3506,old
U03420,Facebook,Meta,Social networking,Cape Verde,36.74,low,False,2017-05-22,3386,old
U03421,LinkedIn,Microsoft,Professional networking,Bhutan,269.64,high,False,2024-10-15,683,established
U03422,Pinterest,Pinterest Inc.,Visual discovery and bookmarking,Bahrain,116.85,medium,True,2018-12-03,2826,old
U03423,Reddit,Reddit Inc.,Discussion forums and communities,Faroe Islands,92.82,medium,False,2016-10-13,3607,old
U03424,LinkedIn,Microsoft,Professional networking,Malawi,161.78,medium,False,2024-09-09,719,established
U03425,Telegram,Telegram FZ LLC,Messaging,Kuwait,257.59,high,True,2018-09-25,2895,old
U03426,Quora,Quora Inc.,Q&A knowledge sharing,Slovenia,70.8,medium,True,2020-01-18,2415,old
U03427,Reddit,Reddit Inc.,Discussion forums and communities,Japan,204.84,high,True,2020-02-18,2384,old
U03428,WhatsApp,Meta,Messaging,United States Virgin Islands,83.64,medium,False,2026-03-06,176,new
U03429,Instagram,Meta,Photo and video sharing,Iceland,117.98,medium,True,2015-10-01,3985,old
U03430,Instagram,Meta,Photo and video sharing,Singapore,236.39,high,False,2018-05-20,3023,old
U03431,WeChat,Tencent,Messaging and social media,Chile,166.22,medium,False,2017-03-10,3459,old
U03432,Threads,Meta,Text-based social networking,Bahrain,37.72,low,False,2022-04-12,1600,old
U03433,LinkedIn,Microsoft,Professional networking,Hong Kong,155.23,medium,True,2018-08-01,2950,old
U03434,WhatsApp,Meta,Messaging,Gabon,27.38,low,True,2016-07-03,3709,old
U03435,X (formerly Twitter),X Corp.,Microblogging,Cocos (Keeling) Islands,61.85,medium,False,2015-09-10,4006,old
U03436,YouTube,Google,Video sharing,Benin,274.05,high,False,2024-06-08,812,old
U03437,WhatsApp,Meta,Messaging,Croatia,298.3,high,False,2016-01-08,3886,old
U03438,WeChat,Tencent,Messaging and social media,Palau,191.28,high,True,2020-12-30,2068,old
U03439,Reddit,Reddit Inc.,Discussion forums and communities,Singapore,39.77,low,True,2026-07-17,43,new
U03440,WhatsApp,Meta,Messaging,Burkina Faso,26.36,low,True,2023-07-26,1130,old
U03441,YouTube,Google,Video sharing,Botswana,95.13,medium,False,2023-01-03,1334,old
U03442,Instagram,Meta,Photo and video sharing,Grenada,104.5,medium,True,2024-02-04,937,old
U03443,Quora,Quora Inc.,Q&A knowledge sharing,Cape Verde,118.68,medium,False,2016-12-29,3530,old
U03444,Telegram,Telegram FZ LLC,Messaging,Senegal,143.4,medium,False,2017-03-16,3453,old
U03445,Facebook,Meta,Social networking,France,228.88,high,True,2026-04-28,123,new
U03446,Quora,Quora Inc.,Q&A knowledge sharing,Rwanda,221.63,high,True,2017-03-15,3454,old
U03447,Instagram,Meta,Photo and video sharing,Eritrea,119.1,medium,True,2017-07-23,3324,old
U03448,WeChat,Tencent,Messaging and social media,Micronesia,257.46,high,True,2020-09-01,2188,old
U03449,X (formerly Twitter),X Corp.,Microblogging,Faroe Islands,28.5,low,False,2026-08-03,26,very_new
U03450,Facebook,Meta,Social networking,Mozambique,239.14,high,True,2021-11-03,1760,old
U03451,YouTube,Google,Video sharing,Samoa,232.9,high,True,2023-07-25,1131,old
U03452,YouTube,Google,Video sharing,Mauritius,124.13,medium,True,2019-11-23,2471,old
U03453,Facebook,Meta,Social networking,Cook Islands,279.21,high,True,2019-10-02,2523,old
U03454,Reddit,Reddit Inc.,Discussion forums and communities,Samoa,154.89,medium,True,2015-06-01,4107,old
U03455,X (formerly Twitter),X Corp.,Microblogging,Philippines,238.93,high,False,2026-08-08,21,very_new
U03456,Quora,Quora Inc.,Q&A knowledge sharing,United Kingdom,107.53,medium,True,2019-09-02,2553,old
U03457,WhatsApp,Meta,Messaging,Algeria,26.33,low,True,2026-05-24,97,new
U03458,Snapchat,Snap Inc.,Multimedia messaging,Saint Barthelemy,59.67,low,False,2026-03-07,175,new
U03459,Instagram,Meta,Photo and video sharing,Iraq,226.22,high,False,2023-06-16,1170,old
U03460,YouTube,Google,Video sharing,Guyana,65.17,medium,False,2023-02-13,1293,old
U03461,Telegram,Telegram FZ LLC,Messaging,Canada,263.84,high,True,2024-04-08,873,old
U03462,Pinterest,Pinterest Inc.,Visual discovery and bookmarking,Switzerland,240.39,high,False,2017-02-01,3496,old
U03463,Snapchat,Snap Inc.,Multimedia messaging,Guadeloupe,294.74,high,False,2018-04-24,3049,old
U03464,X (formerly Twitter),X Corp.,Microblogging,Mauritius,252.56,high,False,2018-02-11,3121,old
U03465,X (formerly Twitter),X Corp.,Microblogging,Benin,281.41,high,True,2018-03-26,3078,old
U03466,X (formerly Twitter),X Corp.,Microblogging,Kazakhstan,262.03,high,True,2022-10-30,1399,old
U03467,Threads,Meta,Text-based social networking,India,291.6,high,True,2024-07-29,761,old
U03468,WeChat,Tencent,Messaging and social media,Jamaica,238.52,high,False,2019-06-20,2627,old
U03469,WhatsApp,Meta,Messaging,Colombia,27.62,low,True,2024-09-01,727,established
U03470,Snapchat,Snap Inc.,Multimedia messaging,Botswana,111.01,medium,False,2023-09-06,1088,old
U03471,WeChat,Tencent,Messaging and social media,Cuba,121.21,medium,True,2020-11-07,2121,old
U03472,Quora,Quora Inc.,Q&A knowledge sharing,Guyana,49.93,low,True,2016-03-25,3809,old
U03473,Telegram,Telegram FZ LLC,Messaging,Estonia,253.12,high,True,2025-03-19,528,established
U03474,WeChat,Tencent,Messaging and social media,Burkina Faso,95.74,medium,True,2025-02-12,563,established
U03475,Quora,Quora Inc.,Q&A knowledge sharing,Thailand,80.84,medium,True,2026-07-13,47,new
U03476,Instagram,Meta,Photo and video sharing,Mauritius,220.07,high,False,2020-03-16,2357,old
U03477,Snapchat,Snap Inc.,Multimedia messaging,Korea,197.49,high,True,2026-08-15,14,very_new
U03478,Instagram,Meta,Photo and video sharing,Saint Kitts and Nevis,285.11,high,True,2016-06-10,3732,old
U03479,Snapchat,Snap Inc.,Multimedia messaging,Qatar,55.0,low,False,2021-01-23,2044,old
U03480,X (formerly Twitter),X Corp.,Microblogging,Tajikistan,218.76,high,True,2023-12-03,1000,old
U03481,Facebook,Meta,Social networking,Cape Verde,258.41,high,False,2019-04-05,2703,old
U03482,Threads,Meta,Text-based social networking,Norfolk Island,292.48,high,False,2016-05-21,3752,old
U03483,Pinterest,Pinterest Inc.,Visual discovery and bookmarking,Trinidad and Tobago,237.83,high,False,2019-12-18,2446,old
U03484,Pinterest,Pinterest Inc.,Visual discovery and bookmarking,Jordan,20.89,low,True,2019-03-16,2723,old
U03485,Threads,Meta,Text-based social networking,United States of America,112.32,medium,True,2026-07-28,32,new
U03486,TikTok,ByteDance,Short-form videos,Honduras,241.42,high,True,2018-01-31,3132,old
U03487,Telegram,Telegram FZ LLC,Messaging,Mauritius,42.04,low,False,2025-02-11,564,established
U03488,TikTok,ByteDance,Short-form videos,Panama,195.29,high,False,2019-06-24,2623,old
U03489,Facebook,Meta,Social networking,Sao Tome and Principe,143.09,medium,False,2018-11-20,2839,old
U03490,Quora,Quora Inc.,Q&A knowledge sharing,United States Minor Outlying Islands,272.37,high,True,2019-10-31,2494,old
U03491,Telegram,Telegram FZ LLC,Messaging,Brazil,25.18,low,True,2019-07-20,2597,old
U03492,Instagram,Meta,Photo and video sharing,Mauritius,125.02,medium,True,2021-03-08,2000,old
U03493,Snapchat,Snap Inc.,Multimedia messaging,Moldova,148.61,medium,True,2024-07-19,771,old
U03494,Threads,Meta,Text-based social networking,United States Minor Outlying Islands,215.81,high,True,2019-08-04,2582,old
U03495,Pinterest,Pinterest Inc.,Visual discovery and bookmarking,Mauritius,267.05,high,True,2019-03-05,2734,old
U03496,TikTok,ByteDance,Short-form videos,Azerbaijan,191.43,high,True,2026-07-29,31,new
U03497,WeChat,Tencent,Messaging and social media,Serbia,98.14,medium,True,2017-10-31,3224,old
U03498,Quora,Quora Inc.,Q&A knowledge sharing,Papua New Guinea,70.67,medium,True,2017-10-11,3244,old
U03499,Threads,Meta,Text-based social networking,Niger,159.3,medium,False,2017-11-20,3204,old
U03500,TikTok,ByteDance,Short-form videos,Lesotho,297.36,high,False,2023-05-30,1187,old
U03501,X (formerly Twitter),X Corp.,Microblogging,United States Minor Outlying Islands,162.42,medium,True,2015-12-04,3921,old
U03502,Reddit,Reddit Inc.,Discussion forums and communities,Senegal,14.16,low,True,2015-09-07,4009,old
U03503,LinkedIn,Microsoft,Professional networking,Australia,223.1,high,False,2015-09-30,3986,old
U03504,WeChat,Tencent,Messaging and social media,Trinidad and Tobago,143.32,medium,True,2018-09-05,2915,old
U03505,WhatsApp,Meta,Messaging,Chile,257.43,high,False,2024-07-15,775,old
U03506,LinkedIn,Microsoft,Professional networking,Cape Verde,55.34,low,True,2021-03-05,2003,old
U03507,LinkedIn,Microsoft,Professional networking,Czech Republic,168.89,medium,True,2017-06-12,3365,old
U03508,TikTok,ByteDance,Short-form videos,Andorra,147.43,medium,False,2022-02-03,1668,old
U03509,Instagram,Meta,Photo and video sharing,Cape Verde,78.14,medium,True,2021-05-21,1926,old
U03510,Telegram,Telegram FZ LLC,Messaging,Zambia,278.21,high,False,2025-02-08,567,established
U03511,YouTube,Google,Video sharing,Falkland Islands (Malvinas),166.3,medium,True,2021-03-30,1978,old
U03512,YouTube,Google,Video sharing,Bouvet Island (Bouvetoya),183.91,high,False,2017-02-14,3483,old
U03513,Threads,Meta,Text-based social networking,Qatar,204.62,high,False,2020-02-15,2387,old
U03514,Reddit,Reddit Inc.,Discussion forums and communities,India,31.77,low,False,2016-12-10,3549,old
U03515,Facebook,Meta,Social networking,Paraguay,207.09,high,True,2022-08-09,1481,old
U03516,WeChat,Tencent,Messaging and social media,Slovenia,243.96,high,True,2025-02-02,573,established
U03517,Snapchat,Snap Inc.,Multimedia messaging,Equatorial Guinea,81.44,medium,False,2024-04-21,860,old
U03518,WhatsApp,Meta,Messaging,Morocco,146.05,medium,False,2017-08-02,3314,old
U03519,LinkedIn,Microsoft,Professional networking,Armenia,75.65,medium,True,2023-03-30,1248,old
U03520,Instagram,Meta,Photo and video sharing,Canada,5.7,low,False,2026-04-18,133,new
U03521,Snapchat,Snap Inc.,Multimedia messaging,Swaziland,294.93,high,True,2016-09-14,3636,old
U03522,YouTube,Google,Video sharing,Niue,297.44,high,False,2020-03-15,2358,old
U03523,Snapchat,Snap Inc.,Multimedia messaging,Nicaragua,213.62,high,True,2015-11-08,3947,old
U03524,Snapchat,Snap Inc.,Multimedia messaging,Panama,92.2,medium,True,2016-05-16,3757,old
U03525,WhatsApp,Meta,Messaging,Isle of Man,298.89,high,True,2016-11-09,3580,old
U03526,Reddit,Reddit Inc.,Discussion forums and communities,Tajikistan,30.61,low,True,2019-07-06,2611,old
U03527,YouTube,Google,Video sharing,Germany,89.12,medium,True,2020-02-20,2382,old
U03528,Reddit,Reddit Inc.,Discussion forums and communities,Christmas Island,231.31,high,False,2019-12-12,2452,old
U03529,Quora,Quora Inc.,Q&A knowledge sharing,Reunion,236.38,high,True,2017-07-28,3319,old
U03530,TikTok,ByteDance,Short-form videos,Macao,47.4,low,False,2022-02-12,1659,old
U03531,Facebook,Meta,Social networking,Oman,53.01,low,True,2021-09-17,1807,old
U03532,Telegram,Telegram FZ LLC,Messaging,French Guiana,78.69,medium,False,2017-12-24,3170,old
U03533,Quora,Quora Inc.,Q&A knowledge sharing,El Salvador,99.05,medium,False,2016-12-27,3532,old
U03534,LinkedIn,Microsoft,Professional networking,United States Minor Outlying Islands,18.96,low,True,2019-12-13,2451,old
U03535,Instagram,Meta,Photo and video sharing,Niue,110.1,medium,False,2020-06-20,2261,old
U03536,Snapchat,Snap Inc.,Multimedia messaging,Georgia,50.55,low,True,2017-10-06,3249,old
U03537,Pinterest,Pinterest Inc.,Visual discovery and bookmarking,Montserrat,169.16,medium,True,2018-12-05,2824,old
U03538,Instagram,Meta,Photo and video sharing,Yemen,148.0,medium,False,2019-12-16,2448,old
U03539,X (formerly Twitter),X Corp.,Microblogging,Guatemala,169.67,medium,True,2022-11-12,1386,old
U03540,Snapchat,Snap Inc.,Multimedia messaging,Cyprus,249.11,high,False,2024-10-24,674,established
U03541,Facebook,Meta,Social networking,Uzbekistan,144.41,medium,True,2018-08-22,2929,old
U03542,WeChat,Tencent,Messaging and social media,Niue,157.84,medium,False,2018-06-03,3009,old
U03543,Threads,Meta,Text-based social networking,Lesotho,214.46,high,False,2022-07-08,1513,old
U03544,WeChat,Tencent,Messaging and social media,Brazil,87.36,medium,False,2023-02-06,1300,old
U03545,Facebook,Meta,Social networking,Seychelles,274.97,high,True,2023-07-15,1141,old
U03546,WeChat,Tencent,Messaging and social media,Croatia,204.77,high,True,2017-05-23,3385,old
U03547,Instagram,Meta,Photo and video sharing,Ireland,10.5,low,True,2025-04-21,495,established
U03548,Pinterest,Pinterest Inc.,Visual discovery and bookmarking,Italy,194.14,high,True,2024-11-03,664,established
U03549,Reddit,Reddit Inc.,Discussion forums and communities,Kazakhstan,125.42,medium,True,2026-04-28,123,new
U03550,Facebook,Meta,Social networking,Guinea,33.22,low,False,2026-04-25,126,new
U03551,TikTok,ByteDance,Short-form videos,Kiribati,23.4,low,True,2017-09-20,3265,old
U03552,Snapchat,Snap Inc.,Multimedia messaging,Switzerland,202.96,high,False,2020-02-12,2390,old
U03553,X (formerly Twitter),X Corp.,Microblogging,Kiribati,137.35,medium,True,2024-01-24,948,old
U03554,Reddit,Reddit Inc.,Discussion forums and communities,Azerbaijan,112.73,medium,True,2026-05-09,112,new
U03555,Threads,Meta,Text-based social networking,Cyprus,253.73,high,True,2023-12-08,995,old
U03556,YouTube,Google,Video sharing,Congo,225.94,high,True,2023-01-13,1324,old
U03557,WeChat,Tencent,Messaging and social media,Canada,151.02,medium,False,2017-06-10,3367,old
U03558,LinkedIn,Microsoft,Professional networking,Iran,46.57,low,True,2024-02-07,934,old
U03559,Facebook,Meta,Social networking,Moldova,249.75,high,False,2024-08-24,735,old
U03560,Instagram,Meta,Photo and video sharing,Philippines,167.82,medium,True,2024-09-24,704,established
U03561,Threads,Meta,Text-based social networking,Albania,261.39,high,True,2026-08-14,15,very_new
U03562,Threads,Meta,Text-based social networking,Antigua and Barbuda,82.97,medium,False,2023-01-07,1330,old
U03563,Instagram,Meta,Photo and video sharing,Dominica,214.22,high,False,2020-08-31,2189,old
U03564,Instagram,Meta,Photo and video sharing,Paraguay,69.71,medium,False,2022-10-07,1422,old
U03565,Facebook,Meta,Social networking,Liechtenstein,16.23,low,False,2023-09-13,1081,old
U03566,X (formerly Twitter),X Corp.,Microblogging,Holy See (Vatican City State),208.2,high,True,2015-05-21,4118,old
U03567,Quora,Quora Inc.,Q&A knowledge sharing,Trinidad and Tobago,126.24,medium,True,2016-09-21,3629,old
U03568,LinkedIn,Microsoft,Professional networking,Ireland,76.69,medium,False,2020-04-09,2333,old
U03569,TikTok,ByteDance,Short-form videos,Saint Lucia,83.74,medium,False,2022-04-26,1586,old
U03570,X (formerly Twitter),X Corp.,Microblogging,Eritrea,95.19,medium,False,2023-04-11,1236,old
U03571,YouTube,Google,Video sharing,New Caledonia,181.92,high,False,2026-03-16,166,new
U03572,Threads,Meta,Text-based social networking,Morocco,109.05,medium,False,2026-04-04,147,new
U03573,Reddit,Reddit Inc.,Discussion forums and communities,Tanzania,33.92,low,False,2024-03-23,889,old
U03574,WhatsApp,Meta,Messaging,Syrian Arab Republic,220.56,high,False,2020-11-19,2109,old
U03575,Facebook,Meta,Social networking,Belize,110.47,medium,False,2024-04-27,854,old
U03576,Reddit,Reddit Inc.,Discussion forums and communities,Bahrain,171.66,medium,False,2016-03-29,3805,old
U03577,TikTok,ByteDance,Short-form videos,Uruguay,122.16,medium,True,2020-09-27,2162,old
U03578,YouTube,Google,Video sharing,Sudan,60.93,medium,True,2016-12-20,3539,old
U03579,Telegram,Telegram FZ LLC,Messaging,Cambodia,115.17,medium,True,2023-02-17,1289,old
U03580,TikTok,ByteDance,Short-form videos,French Guiana,18.37,low,False,2026-04-08,143,new
U03581,WeChat,Tencent,Messaging and social media,Israel,82.95,medium,False,2017-04-14,3424,old
U03582,Reddit,Reddit Inc.,Discussion forums and communities,Hong Kong,10.17,low,False,2021-05-21,1926,old
U03583,WhatsApp,Meta,Messaging,France,197.81,high,False,2021-04-19,1958,old
U03584,Reddit,Reddit Inc.,Discussion forums and communities,Holy See (Vatican City State),72.65,medium,False,2026-05-03,118,new
U03585,Pinterest,Pinterest Inc.,Visual discovery and bookmarking,Palestinian Territory,145.82,medium,True,2016-09-12,3638,old
U03586,Quora,Quora Inc.,Q&A knowledge sharing,Colombia,60.06,medium,False,2022-10-22,1407,old
U03587,X (formerly Twitter),X Corp.,Microblogging,South Africa,133.15,medium,True,2016-10-06,3614,old
U03588,X (formerly Twitter),X Corp.,Microblogging,Saint Pierre and Miquelon,143.02,medium,True,2022-11-03,1395,old
U03589,WhatsApp,Meta,Messaging,Croatia,272.27,high,False,2021-03-18,1990,old
U03590,X (formerly Twitter),X Corp.,Microblogging,Svalbard & Jan Mayen Islands,22.91,low,True,2025-01-01,605,established
U03591,Telegram,Telegram FZ LLC,Messaging,Canada,142.79,medium,False,2023-12-05,998,old
U03592,Instagram,Meta,Photo and video sharing,Guadeloupe,113.9,medium,False,2023-05-19,1198,old
U03593,LinkedIn,Microsoft,Professional networking,Norway,166.95,medium,False,2016-01-19,3875,old
U03594,WhatsApp,Meta,Messaging,Antarctica (the territory South of 60 deg S),14.51,low,False,2026-03-27,155,new
U03595,Instagram,Meta,Photo and video sharing,Peru,192.44,high,False,2023-08-04,1121,old
U03596,Instagram,Meta,Photo and video sharing,South Georgia and the South Sandwich Islands,10.49,low,True,2026-08-15,14,very_new
U03597,LinkedIn,Microsoft,Professional networking,Philippines,236.89,high,False,2015-08-07,4040,old
U03598,YouTube,Google,Video sharing,India,269.04,high,False,2023-04-09,1238,old
U03599,Threads,Meta,Text-based social networking,Egypt,117.1,medium,False,2015-07-04,4074,old
U03600,WeChat,Tencent,Messaging and social media,Ecuador,240.04,high,False,2023-03-01,1277,old
U03601,X (formerly Twitter),X Corp.,Microblogging,Bolivia,186.01,high,False,2021-07-16,1870,old
U03602,X (formerly Twitter),X Corp.,Microblogging,Uruguay,44.67,low,True,2020-03-05,2368,old
U03603,LinkedIn,Microsoft,Professional networking,Ghana,143.64,medium,False,2024-10-19,679,established
U03604,TikTok,ByteDance,Short-form videos,Gibraltar,49.46,low,False,2025-01-21,585,established
U03605,LinkedIn,Microsoft,Professional networking,Ethiopia,123.24,medium,False,2019-06-15,2632,old
U03606,X (formerly Twitter),X Corp.,Microblogging,Nepal,194.23,high,False,2020-05-01,2311,old
U03607,Facebook,Meta,Social networking,Mayotte,161.69,medium,False,2021-05-04,1943,old
U03608,Threads,Meta,Text-based social networking,Armenia,32.43,low,False,2026-06-24,66,new
U03609,Threads,Meta,Text-based social networking,Equatorial Guinea,280.9,high,True,2026-04-11,140,new
U03610,WeChat,Tencent,Messaging and social media,Australia,126.56,medium,False,2024-10-01,697,established
U03611,Snapchat,Snap Inc.,Multimedia messaging,Taiwan,157.05,medium,True,2016-07-27,3685,old
U03612,X (formerly Twitter),X Corp.,Microblogging,Italy,7.76,low,False,2020-03-22,2351,old
U03613,Reddit,Reddit Inc.,Discussion forums and communities,Ecuador,131.25,medium,True,2019-06-24,2623,old
U03614,YouTube,Google,Video sharing,Anguilla,69.17,medium,False,2016-02-05,3858,old
U03615,Pinterest,Pinterest Inc.,Visual discovery and bookmarking,Martinique,51.74,low,False,2019-06-23,2624,old
U03616,Threads,Meta,Text-based social networking,Timor-Leste,277.52,high,True,2026-03-28,154,new
U03617,Facebook,Meta,Social networking,Azerbaijan,82.32,medium,False,2016-10-05,3615,old
U03618,WeChat,Tencent,Messaging and social media,North Macedonia,147.35,medium,False,2024-11-08,659,established
U03619,Instagram,Meta,Photo and video sharing,Gibraltar,181.42,high,False,2026-04-30,121,new
U03620,Facebook,Meta,Social networking,Tuvalu,191.68,high,True,2022-06-22,1529,old
U03621,X (formerly Twitter),X Corp.,Microblogging,Guinea-Bissau,88.11,medium,True,2018-07-13,2969,old
U03622,LinkedIn,Microsoft,Professional networking,Andorra,207.64,high,True,2019-08-09,2577,old
U03623,X (formerly Twitter),X Corp.,Microblogging,Argentina,289.23,high,True,2018-08-22,2929,old
U03624,YouTube,Google,Video sharing,Cambodia,149.84,medium,False,2022-06-23,1528,old
U03625,Pinterest,Pinterest Inc.,Visual discovery and bookmarking,Australia,88.81,medium,False,2015-05-22,4117,old
U03626,Pinterest,Pinterest Inc.,Visual discovery and bookmarking,Hungary,97.52,medium,True,2017-10-15,3240,old
U03627,X (formerly Twitter),X Corp.,Microblogging,Jordan,241.45,high,True,2024-01-23,949,old
U03628,LinkedIn,Microsoft,Professional networking,Korea,176.74,medium,False,2021-09-25,1799,old
U03629,Reddit,Reddit Inc.,Discussion forums and communities,Bermuda,160.03,medium,False,2018-10-29,2861,old
U03630,Quora,Quora Inc.,Q&A knowledge sharing,Holy See (Vatican City State),186.13,high,False,2019-09-11,2544,old
U03631,TikTok,ByteDance,Short-form videos,Faroe Islands,8.16,low,True,2019-03-03,2736,old
U03632,YouTube,Google,Video sharing,Pakistan,233.52,high,True,2022-09-06,1453,old
U03633,WeChat,Tencent,Messaging and social media,Chile,266.51,high,False,2017-07-23,3324,old
U03634,Quora,Quora Inc.,Q&A knowledge sharing,Saint Kitts and Nevis,213.5,high,True,2021-06-07,1909,old
U03635,Instagram,Meta,Photo and video sharing,India,187.63,high,True,2018-10-10,2880,old
U03636,Pinterest,Pinterest Inc.,Visual discovery and bookmarking,Svalbard & Jan Mayen Islands,33.47,low,True,2018-05-29,3014,old
U03637,X (formerly Twitter),X Corp.,Microblogging,Mauritius,12.62,low,True,2019-04-28,2680,old
U03638,YouTube,Google,Video sharing,Gibraltar,90.78,medium,True,2016-07-27,3685,old
U03639,TikTok,ByteDance,Short-form videos,Mozambique,256.67,high,False,2018-10-10,2880,old
U03640,X (formerly Twitter),X Corp.,Microblogging,Romania,80.74,medium,False,2026-03-25,157,new
U03641,Snapchat,Snap Inc.,Multimedia messaging,Luxembourg,116.59,medium,True,2021-06-27,1889,old
U03642,Threads,Meta,Text-based social networking,Suriname,265.6,high,True,2022-09-11,1448,old
U03643,TikTok,ByteDance,Short-form videos,Kiribati,56.86,low,True,2024-08-31,728,established
U03644,TikTok,ByteDance,Short-form videos,Indonesia,92.08,medium,False,2023-01-22,1315,old
U03645,Threads,Meta,Text-based social networking,Guyana,77.27,medium,False,2015-12-24,3901,old
U03646,X (formerly Twitter),X Corp.,Microblogging,Ghana,30.44,low,False,2022-02-03,1668,old
U03647,WeChat,Tencent,Messaging and social media,Vanuatu,47.15,low,False,2016-01-11,3883,old
U03648,Instagram,Meta,Photo and video sharing,Djibouti,203.32,high,True,2026-04-18,133,new
U03649,Telegram,Telegram FZ LLC,Messaging,Guam,183.62,high,True,2024-10-16,682,established
U03650,YouTube,Google,Video sharing,Paraguay,205.22,high,False,2022-06-04,1547,old
U03651,Instagram,Meta,Photo and video sharing,Aruba,114.14,medium,False,2018-11-14,2845,old
U03652,WhatsApp,Meta,Messaging,Christmas Island,171.33,medium,True,2022-12-26,1342,old
U03653,Facebook,Meta,Social networking,American Samoa,65.76,medium,True,2021-05-26,1921,old
U03654,Telegram,Telegram FZ LLC,Messaging,Antarctica (the territory South of 60 deg S),87.88,medium,True,2023-08-07,1118,old
U03655,YouTube,Google,Video sharing,Lesotho,201.49,high,True,2020-03-04,2369,old
U03656,Quora,Quora Inc.,Q&A knowledge sharing,Myanmar,50.47,low,True,2026-05-26,95,new
U03657,X (formerly Twitter),X Corp.,Microblogging,Portugal,127.5,medium,True,2021-06-19,1897,old
U03658,Facebook,Meta,Social networking,Algeria,207.7,high,False,2022-05-28,1554,old
U03659,Telegram,Telegram FZ LLC,Messaging,Haiti,107.04,medium,False,2016-01-27,3867,old
U03660,Reddit,Reddit Inc.,Discussion forums and communities,El Salvador,63.63,medium,True,2016-07-10,3702,old
U03661,Pinterest,Pinterest Inc.,Visual discovery and bookmarking,Mozambique,285.05,high,False,2015-11-05,3950,old
U03662,X (formerly Twitter),X Corp.,Microblogging,Brunei Darussalam,211.82,high,False,2016-12-12,3547,old
U03663,YouTube,Google,Video sharing,Seychelles,264.4,high,False,2017-03-15,3454,old
U03664,Telegram,Telegram FZ LLC,Messaging,Armenia,110.49,medium,True,2019-06-16,2631,old
U03665,YouTube,Google,Video sharing,Kazakhstan,32.55,low,True,2020-02-05,2397,old
U03666,Reddit,Reddit Inc.,Discussion forums and communities,Pitcairn Islands,260.2,high,False,2026-08-15,14,very_new
U03667,Reddit,Reddit Inc.,Discussion forums and communities,American Samoa,149.43,medium,False,2026-08-23,6,very_new
U03668,Threads,Meta,Text-based social networking,Marshall Islands,177.15,medium,True,2017-03-14,3455,old
U03669,Pinterest,Pinterest Inc.,Visual discovery and bookmarking,Mauritania,276.76,high,False,2017-03-26,3443,old
U03670,WeChat,Tencent,Messaging and social media,Uganda,114.42,medium,True,2018-06-12,3000,old
U03671,Facebook,Meta,Social networking,Ecuador,127.97,medium,False,2017-07-25,3322,old
U03672,WeChat,Tencent,Messaging and social media,Tajikistan,65.92,medium,True,2015-05-16,4123,old
U03673,Telegram,Telegram FZ LLC,Messaging,Gibraltar,131.2,medium,True,2020-07-25,2226,old
U03674,Facebook,Meta,Social networking,India,285.41,high,True,2018-06-28,2984,old
U03675,X (formerly Twitter),X Corp.,Microblogging,Sri Lanka,93.36,medium,True,2026-08-08,21,very_new
U03676,Pinterest,Pinterest Inc.,Visual discovery and bookmarking,Cocos (Keeling) Islands,28.91,low,False,2020-06-24,2257,old
U03677,WeChat,Tencent,Messaging and social media,Gambia,92.35,medium,True,2023-04-28,1219,old
U03678,Quora,Quora Inc.,Q&A knowledge sharing,Saint Lucia,24.77,low,True,2026-08-06,23,very_new
U03679,Reddit,Reddit Inc.,Discussion forums and communities,United Kingdom,223.32,high,False,2023-05-29,1188,old
U03680,LinkedIn,Microsoft,Professional networking,Niger,152.01,medium,False,2020-10-10,2149,old
U03681,Threads,Meta,Text-based social networking,Morocco,141.99,medium,False,2023-05-21,1196,old
U03682,X (formerly Twitter),X Corp.,Microblogging,United States of America,79.31,medium,False,2026-03-16,166,new
U03683,YouTube,Google,Video sharing,Ireland,220.87,high,True,2022-05-19,1563,old
U03684,Pinterest,Pinterest Inc.,Visual discovery and bookmarking,Honduras,88.86,medium,False,2021-05-24,1923,old
U03685,Instagram,Meta,Photo and video sharing,Austria,155.61,medium,False,2018-06-15,2997,old
U03686,X (formerly Twitter),X Corp.,Microblogging,Iran,76.94,medium,True,2024-04-17,864,old
U03687,YouTube,Google,Video sharing,Cayman Islands,204.32,high,False,2020-10-07,2152,old
U03688,Pinterest,Pinterest Inc.,Visual discovery and bookmarking,Kenya,286.99,high,False,2021-01-04,2063,old
U03689,Quora,Quora Inc.,Q&A knowledge sharing,Australia,76.12,medium,True,2016-02-21,3842,old
U03690,Reddit,Reddit Inc.,Discussion forums and communities,United Kingdom,143.78,medium,False,2021-05-22,1925,old
U03691,YouTube,Google,Video sharing,Montserrat,275.75,high,True,2022-08-11,1479,old
U03692,WhatsApp,Meta,Messaging,Lebanon,51.33,low,False,2016-12-08,3551,old
U03693,Facebook,Meta,Social networking,Norway,93.88,medium,False,2024-07-03,787,old
U03694,YouTube,Google,Video sharing,Martinique,296.1,high,False,2026-05-19,102,new
U03695,Quora,Quora Inc.,Q&A knowledge sharing,Cameroon,197.53,high,True,2022-08-27,1463,old
U03696,Snapchat,Snap Inc.,Multimedia messaging,Tonga,160.17,medium,False,2022-04-05,1607,old
U03697,X (formerly Twitter),X Corp.,Microblogging,Switzerland,279.26,high,False,2017-05-25,3383,old
U03698,X (formerly Twitter),X Corp.,Microblogging,Cocos (Keeling) Islands,163.59,medium,True,2019-09-08,2547,old
U03699,LinkedIn,Microsoft,Professional networking,Ethiopia,298.34,high,True,2020-10-21,2138,old
U03700,WeChat,Tencent,Messaging and social media,Sweden,296.17,high,False,2026-03-27,155,new
U03701,X (formerly Twitter),X Corp.,Microblogging,Uruguay,159.25,medium,True,2025-02-06,569,established
U03702,Snapchat,Snap Inc.,Multimedia messaging,Australia,165.81,medium,False,2024-05-07,844,old
U03703,YouTube,Google,Video sharing,Serbia,14.42,low,True,2023-08-08,1117,old
U03704,WeChat,Tencent,Messaging and social media,Gibraltar,79.07,medium,True,2024-12-29,608,established
U03705,Reddit,Reddit Inc.,Discussion forums and communities,Central African Republic,23.13,low,True,2019-10-06,2519,old
U03706,Telegram,Telegram FZ LLC,Messaging,Timor-Leste,258.53,high,False,2018-06-04,3008,old
U03707,Instagram,Meta,Photo and video sharing,Slovakia (Slovak Republic),96.92,medium,False,2019-09-22,2533,old
U03708,YouTube,Google,Video sharing,Cocos (Keeling) Islands,216.25,high,True,2018-03-19,3085,old
U03709,Quora,Quora Inc.,Q&A knowledge sharing,Yemen,150.47,medium,False,2026-05-04,117,new
U03710,X (formerly Twitter),X Corp.,Microblogging,Monaco,160.8,medium,False,2020-12-20,2078,old
U03711,X (formerly Twitter),X Corp.,Microblogging,Equatorial Guinea,211.1,high,False,2026-08-26,3,very_new
U03712,Instagram,Meta,Photo and video sharing,Faroe Islands,72.57,medium,True,2023-10-01,1063,old
U03713,Telegram,Telegram FZ LLC,Messaging,Botswana,199.87,high,False,2021-02-19,2017,old
U03714,WeChat,Tencent,Messaging and social media,Ghana,236.55,high,False,2024-08-09,750,old
U03715,Facebook,Meta,Social networking,Botswana,158.26,medium,True,2020-01-27,2406,old
U03716,YouTube,Google,Video sharing,Paraguay,118.34,medium,True,2020-05-24,2288,old
U03717,Reddit,Reddit Inc.,Discussion forums and communities,Andorra,221.05,high,False,2024-01-01,971,old
U03718,WhatsApp,Meta,Messaging,Cape Verde,290.12,high,False,2023-02-02,1304,old
U03719,X (formerly Twitter),X Corp.,Microblogging,Suriname,223.22,high,False,2017-07-12,3335,old
U03720,Threads,Meta,Text-based social networking,Solomon Islands,89.36,medium,False,2024-01-07,965,old
U03721,X (formerly Twitter),X Corp.,Microblogging,Wallis and Futuna,77.26,medium,False,2019-02-20,2747,old
U03722,X (formerly Twitter),X Corp.,Microblogging,Guatemala,119.61,medium,False,2023-05-30,1187,old
U03723,Threads,Meta,Text-based social networking,Bangladesh,227.57,high,True,2023-06-15,1171,old
U03724,Pinterest,Pinterest Inc.,Visual discovery and bookmarking,Trinidad and Tobago,170.83,medium,True,2018-11-26,2833,old
U03725,X (formerly Twitter),X Corp.,Microblogging,Tajikistan,267.06,high,True,2025-04-01,515,established
U03726,WhatsApp,Meta,Messaging,Heard Island and McDonald Islands,43.43,low,True,2019-10-22,2503,old
U03727,WeChat,Tencent,Messaging and social media,Chile,73.42,medium,True,2019-01-02,2796,old
U03728,YouTube,Google,Video sharing,Equatorial Guinea,113.06,medium,False,2019-06-21,2626,old
U03729,WeChat,Tencent,Messaging and social media,San Marino,133.96,medium,True,2021-12-26,1707,old
U03730,WhatsApp,Meta,Messaging,Saint Pierre and Miquelon,52.81,low,False,2018-08-30,2921,old
U03731,WhatsApp,Meta,Messaging,Grenada,90.86,medium,False,2019-05-27,2651,old
U03732,TikTok,ByteDance,Short-form videos,Guinea,296.69,high,False,2020-11-20,2108,old
U03733,Snapchat,Snap Inc.,Multimedia messaging,Uganda,238.07,high,False,2015-10-21,3965,old
U03734,WhatsApp,Meta,Messaging,Palestinian Territory,127.53,medium,True,2015-08-28,4019,old
U03735,LinkedIn,Microsoft,Professional networking,Nigeria,273.76,high,False,2026-03-29,153,new
U03736,Threads,Meta,Text-based social networking,Gabon,77.92,medium,False,2026-03-17,165,new
U03737,LinkedIn,Microsoft,Professional networking,Malta,45.12,low,False,2023-09-07,1087,old
U03738,X (formerly Twitter),X Corp.,Microblogging,Guam,6.63,low,False,2015-08-08,4039,old
U03739,Facebook,Meta,Social networking,Grenada,35.89,low,False,2016-02-24,3839,old
U03740,Telegram,Telegram FZ LLC,Messaging,Malawi,69.3,medium,True,2017-06-27,3350,old
U03741,Facebook,Meta,Social networking,New Zealand,154.28,medium,True,2024-12-09,628,established
U03742,Pinterest,Pinterest Inc.,Visual discovery and bookmarking,Saint Barthelemy,130.9,medium,True,2017-10-11,3244,old
U03743,WhatsApp,Meta,Messaging,Taiwan,270.71,high,False,2023-05-03,1214,old
U03744,WeChat,Tencent,Messaging and social media,Indonesia,251.54,high,True,2026-08-08,21,very_new
U03745,X (formerly Twitter),X Corp.,Microblogging,Panama,118.81,medium,False,2026-05-13,108,new
U03746,X (formerly Twitter),X Corp.,Microblogging,Montserrat,97.75,medium,True,2022-05-12,1570,old
U03747,Facebook,Meta,Social networking,Andorra,150.3,medium,True,2016-10-18,3602,old
U03748,YouTube,Google,Video sharing,Egypt,106.57,medium,True,2020-03-28,2345,old
U03749,YouTube,Google,Video sharing,United States of America,294.65,high,True,2015-07-10,4068,old
U03750,X (formerly Twitter),X Corp.,Microblogging,Cote d'Ivoire,32.22,low,True,2023-07-09,1147,old
U03751,Snapchat,Snap Inc.,Multimedia messaging,Tuvalu,188.54,high,False,2019-09-13,2542,old
U03752,LinkedIn,Microsoft,Professional networking,Benin,63.3,medium,True,2021-05-02,1945,old
U03753,Facebook,Meta,Social networking,Tokelau,187.74,high,True,2020-03-05,2368,old
U03754,Instagram,Meta,Photo and video sharing,Venezuela,247.13,high,False,2022-08-23,1467,old
U03755,Instagram,Meta,Photo and video sharing,Russian Federation,298.01,high,True,2024-11-28,639,established
U03756,TikTok,ByteDance,Short-form videos,Ukraine,75.88,medium,False,2022-10-20,1409,old
U03757,Reddit,Reddit Inc.,Discussion forums and communities,Mexico,268.95,high,True,2023-02-05,1301,old
U03758,Facebook,Meta,Social networking,Nigeria,119.55,medium,True,2025-02-26,549,established
U03759,WeChat,Tencent,Messaging and social media,Benin,284.97,high,False,2022-11-30,1368,old
U03760,Quora,Quora Inc.,Q&A knowledge sharing,French Guiana,119.28,medium,True,2022-02-05,1666,old
U03761,Telegram,Telegram FZ LLC,Messaging,Cocos (Keeling) Islands,197.3,high,True,2024-07-15,775,old
U03762,Instagram,Meta,Photo and video sharing,Guatemala,133.82,medium,True,2015-11-04,3951,old
U03763,WhatsApp,Meta,Messaging,Guam,231.09,high,True,2023-02-05,1301,old
U03764,Threads,Meta,Text-based social networking,Pitcairn Islands,166.11,medium,False,2023-08-31,1094,old
U03765,WhatsApp,Meta,Messaging,Sweden,20.22,low,False,2022-11-10,1388,old
U03766,Reddit,Reddit Inc.,Discussion forums and communities,San Marino,29.86,low,False,2022-06-11,1540,old
U03767,Snapchat,Snap Inc.,Multimedia messaging,Rwanda,104.94,medium,False,2019-11-11,2483,old
U03768,YouTube,Google,Video sharing,Iran,208.22,high,False,2018-05-30,3013,old
U03769,Quora,Quora Inc.,Q&A knowledge sharing,Austria,23.36,low,True,2018-01-18,3145,old
U03770,X (formerly Twitter),X Corp.,Microblogging,Norway,147.67,medium,True,2019-04-19,2689,old
U03771,Snapchat,Snap Inc.,Multimedia messaging,Guadeloupe,6.4,low,True,2023-04-01,1246,old
U03772,YouTube,Google,Video sharing,Portugal,41.18,low,False,2020-08-28,2192,old
U03773,Instagram,Meta,Photo and video sharing,Tunisia,31.35,low,True,2015-05-15,4124,old
U03774,YouTube,Google,Video sharing,Mongolia,140.99,medium,False,2026-04-08,143,new
U03775,WhatsApp,Meta,Messaging,Syrian Arab Republic,235.04,high,True,2024-07-10,780,old
U03776,YouTube,Google,Video sharing,United Arab Emirates,217.28,high,False,2020-07-05,2246,old
U03777,Threads,Meta,Text-based social networking,Cote d'Ivoire,248.12,high,True,2023-05-20,1197,old
U03778,WhatsApp,Meta,Messaging,French Guiana,253.6,high,False,2023-01-16,1321,old
U03779,Telegram,Telegram FZ LLC,Messaging,Northern Mariana Islands,152.73,medium,False,2019-04-12,2696,old
U03780,Reddit,Reddit Inc.,Discussion forums and communities,Yemen,49.57,low,False,2016-07-06,3706,old
U03781,Pinterest,Pinterest Inc.,Visual discovery and bookmarking,Chile,31.92,low,True,2025-02-17,558,established
U03782,Instagram,Meta,Photo and video sharing,Lebanon,168.77,medium,True,2020-10-15,2144,old
U03783,TikTok,ByteDance,Short-form videos,Samoa,178.33,medium,False,2023-01-29,1308,old
U03784,WhatsApp,Meta,Messaging,Cambodia,296.79,high,False,2022-12-21,1347,old
U03785,Instagram,Meta,Photo and video sharing,Turkmenistan,50.73,low,True,2016-08-20,3661,old
U03786,TikTok,ByteDance,Short-form videos,Tajikistan,184.41,high,True,2019-12-03,2461,old
U03787,Snapchat,Snap Inc.,Multimedia messaging,Guernsey,97.82,medium,False,2026-04-26,125,new
U03788,WeChat,Tencent,Messaging and social media,Costa Rica,230.14,high,True,2021-09-13,1811,old
U03789,Snapchat,Snap Inc.,Multimedia messaging,Timor-Leste,286.75,high,False,2023-12-18,985,old
U03790,LinkedIn,Microsoft,Professional networking,Bahamas,84.62,medium,False,2018-08-23,2928,old
U03791,X (formerly Twitter),X Corp.,Microblogging,Saint Vincent and the Grenadines,45.47,low,False,2018-01-19,3144,old
U03792,Instagram,Meta,Photo and video sharing,Uzbekistan,283.47,high,False,2018-05-18,3025,old
U03793,Pinterest,Pinterest Inc.,Visual discovery and bookmarking,Oman,46.44,low,False,2020-08-15,2205,old
U03794,Pinterest,Pinterest Inc.,Visual discovery and bookmarking,Cuba,106.42,medium,False,2016-10-31,3589,old
U03795,Pinterest,Pinterest Inc.,Visual discovery and bookmarking,Palestinian Territory,283.08,high,False,2025-03-28,519,established
U03796,Quora,Quora Inc.,Q&A knowledge sharing,Papua New Guinea,68.98,medium,False,2022-04-21,1591,old
U03797,WhatsApp,Meta,Messaging,Martinique,249.54,high,True,2018-01-09,3154,old
U03798,Threads,Meta,Text-based social networking,Uzbekistan,116.69,medium,True,2017-02-24,3473,old
U03799,Threads,Meta,Text-based social networking,British Indian Ocean Territory (Chagos Archipelago),168.21,medium,True,2023-11-02,1031,old
U03800,Instagram,Meta,Photo and video sharing,Sierra Leone,32.8,low,False,2023-12-08,995,old
U03801,X (formerly Twitter),X Corp.,Microblogging,Malta,105.48,medium,True,2022-09-07,1452,old
U03802,Pinterest,Pinterest Inc.,Visual discovery and bookmarking,Kyrgyz Republic,189.25,high,False,2015-07-17,4061,old
U03803,LinkedIn,Microsoft,Professional networking,Libyan Arab Jamahiriya,274.59,high,False,2019-01-20,2778,old
U03804,Reddit,Reddit Inc.,Discussion forums and communities,Philippines,32.36,low,False,2017-10-07,3248,old
U03805,Pinterest,Pinterest Inc.,Visual discovery and bookmarking,Namibia,20.67,low,True,2019-02-26,2741,old
U03806,Instagram,Meta,Photo and video sharing,Cambodia,216.67,high,False,2020-12-17,2081,old
U03807,Quora,Quora Inc.,Q&A knowledge sharing,Nepal,281.68,high,True,2023-11-07,1026,old
U03808,Facebook,Meta,Social networking,Central African Republic,143.36,medium,False,2026-05-29,92,new
U03809,LinkedIn,Microsoft,Professional networking,Portugal,212.58,high,True,2015-05-06,4133,old
U03810,Reddit,Reddit Inc.,Discussion forums and communities,Eritrea,92.91,medium,False,2018-09-28,2892,old
U03811,Instagram,Meta,Photo and video sharing,Isle of Man,42.48,low,True,2019-11-02,2492,old
U03812,WeChat,Tencent,Messaging and social media,Mexico,92.43,medium,True,2024-05-27,824,old
U03813,WhatsApp,Meta,Messaging,Hong Kong,297.75,high,True,2018-10-16,2874,old
U03814,YouTube,Google,Video sharing,China,225.5,high,False,2017-07-30,3317,old
U03815,Instagram,Meta,Photo and video sharing,Tajikistan,40.36,low,False,2022-02-17,1654,old
U03816,Quora,Quora Inc.,Q&A knowledge sharing,Chile,210.27,high,False,2023-02-27,1279,old
U03817,Facebook,Meta,Social networking,Benin,216.22,high,False,2019-06-01,2646,old
U03818,X (formerly Twitter),X Corp.,Microblogging,Solomon Islands,135.01,medium,False,2021-07-29,1857,old
U03819,Telegram,Telegram FZ LLC,Messaging,Philippines,44.64,low,True,2022-07-16,1505,old
U03820,Snapchat,Snap Inc.,Multimedia messaging,Saudi Arabia,42.15,low,False,2016-06-08,3734,old
U03821,Reddit,Reddit Inc.,Discussion forums and communities,Papua New Guinea,149.95,medium,True,2019-12-28,2436,old
U03822,WhatsApp,Meta,Messaging,Uzbekistan,13.25,low,False,2026-08-21,8,very_new
U03823,Quora,Quora Inc.,Q&A knowledge sharing,Nepal,216.46,high,True,2021-03-02,2006,old
U03824,X (formerly Twitter),X Corp.,Microblogging,Moldova,257.96,high,False,2021-08-03,1852,old
U03825,YouTube,Google,Video sharing,United Kingdom,140.39,medium,True,2024-09-09,719,established
U03826,YouTube,Google,Video sharing,Montenegro,63.58,medium,True,2018-02-02,3130,old
U03827,LinkedIn,Microsoft,Professional networking,Guam,251.9,high,True,2018-04-09,3064,old
U03828,Telegram,Telegram FZ LLC,Messaging,Svalbard & Jan Mayen Islands,168.84,medium,True,2019-03-07,2732,old
U03829,Telegram,Telegram FZ LLC,Messaging,Kyrgyz Republic,160.59,medium,True,2022-03-23,1620,old
U03830,Threads,Meta,Text-based social networking,Saint Helena,151.24,medium,True,2026-06-24,66,new
U03831,Telegram,Telegram FZ LLC,Messaging,Myanmar,216.55,high,True,2023-02-27,1279,old
U03832,YouTube,Google,Video sharing,Swaziland,90.57,medium,False,2025-01-06,600,established
U03833,WeChat,Tencent,Messaging and social media,Eritrea,43.56,low,True,2016-04-01,3802,old
U03834,Reddit,Reddit Inc.,Discussion forums and communities,Yemen,119.16,medium,True,2026-05-14,107,new
U03835,Telegram,Telegram FZ LLC,Messaging,Heard Island and McDonald Islands,105.15,medium,False,2019-08-21,2565,old
U03836,YouTube,Google,Video sharing,Grenada,271.28,high,True,2019-01-01,2797,old
U03837,Threads,Meta,Text-based social networking,Malawi,168.79,medium,True,2020-01-01,2432,old
U03838,Quora,Quora Inc.,Q&A knowledge sharing,Wallis and Futuna,247.06,high,False,2021-08-21,1834,old
U03839,Reddit,Reddit Inc.,Discussion forums and communities,El Salvador,186.18,high,False,2017-01-24,3504,old
U03840,YouTube,Google,Video sharing,Samoa,264.69,high,False,2016-06-15,3727,old
U03841,Snapchat,Snap Inc.,Multimedia messaging,Korea,290.67,high,True,2025-03-27,520,established
U03842,X (formerly Twitter),X Corp.,Microblogging,Greenland,24.86,low,True,2017-08-10,3306,old
U03843,Snapchat,Snap Inc.,Multimedia messaging,Bermuda,190.51,high,True,2017-08-21,3295,old
U03844,WhatsApp,Meta,Messaging,Sri Lanka,93.16,medium,True,2026-05-18,103,new
U03845,YouTube,Google,Video sharing,Northern Mariana Islands,234.87,high,False,2020-06-14,2267,old
U03846,Facebook,Meta,Social networking,Nepal,201.59,high,False,2022-12-20,1348,old
U03847,TikTok,ByteDance,Short-form videos,Croatia,245.31,high,True,2018-11-24,2835,old
U03848,LinkedIn,Microsoft,Professional networking,New Caledonia,235.52,high,True,2020-07-16,2235,old
U03849,Telegram,Telegram FZ LLC,Messaging,Trinidad and Tobago,8.15,low,True,2026-05-25,96,new
U03850,Reddit,Reddit Inc.,Discussion forums and communities,Kiribati,186.71,high,False,2021-08-11,1844,old
U03851,WeChat,Tencent,Messaging and social media,Saudi Arabia,17.16,low,False,2018-05-05,3038,old
U03852,Instagram,Meta,Photo and video sharing,French Polynesia,288.28,high,False,2015-12-30,3895,old
U03853,YouTube,Google,Video sharing,Romania,149.57,medium,False,2016-07-27,3685,old
U03854,Facebook,Meta,Social networking,Japan,162.49,medium,True,2020-07-27,2224,old
U03855,X (formerly Twitter),X Corp.,Microblogging,Uruguay,96.15,medium,False,2017-07-27,3320,old
U03856,Facebook,Meta,Social networking,Nepal,155.86,medium,True,2020-10-14,2145,old
U03857,WhatsApp,Meta,Messaging,Mozambique,11.57,low,True,2018-06-15,2997,old
U03858,Reddit,Reddit Inc.,Discussion forums and communities,Moldova,112.55,medium,False,2015-07-17,4061,old
U03859,Reddit,Reddit Inc.,Discussion forums and communities,Timor-Leste,68.78,medium,False,2021-04-21,1956,old
U03860,Quora,Quora Inc.,Q&A knowledge sharing,Aruba,87.51,medium,False,2022-10-06,1423,old
U03861,LinkedIn,Microsoft,Professional networking,Guyana,16.62,low,True,2024-06-19,801,old
U03862,Facebook,Meta,Social networking,Aruba,14.25,low,False,2024-01-04,968,old
U03863,Pinterest,Pinterest Inc.,Visual discovery and bookmarking,Pakistan,114.78,medium,True,2018-09-23,2897,old
U03864,Snapchat,Snap Inc.,Multimedia messaging,Tunisia,298.48,high,False,2016-08-08,3673,old
U03865,Instagram,Meta,Photo and video sharing,Norway,244.87,high,False,2021-07-09,1877,old
U03866,Pinterest,Pinterest Inc.,Visual discovery and bookmarking,Cook Islands,180.57,high,True,2026-08-28,1,very_new
U03867,X (formerly Twitter),X Corp.,Microblogging,Northern Mariana Islands,7.55,low,True,2025-02-12,563,established
U03868,TikTok,ByteDance,Short-form videos,Chile,90.79,medium,True,2022-06-09,1542,old
U03869,TikTok,ByteDance,Short-form videos,Puerto Rico,59.98,low,False,2021-12-11,1722,old
U03870,Pinterest,Pinterest Inc.,Visual discovery and bookmarking,Lithuania,218.35,high,True,2019-08-02,2584,old
U03871,Reddit,Reddit Inc.,Discussion forums and communities,Tanzania,177.99,medium,True,2018-02-19,3113,old
U03872,WhatsApp,Meta,Messaging,Anguilla,277.6,high,False,2019-04-01,2707,old
U03873,TikTok,ByteDance,Short-form videos,Puerto Rico,286.43,high,True,2018-06-08,3004,old
U03874,Threads,Meta,Text-based social networking,Papua New Guinea,7.53,low,True,2024-07-14,776,old
U03875,Telegram,Telegram FZ LLC,Messaging,Iraq,44.14,low,True,2020-11-04,2124,old
U03876,YouTube,Google,Video sharing,United Kingdom,263.95,high,True,2026-08-11,18,very_new
U03877,WhatsApp,Meta,Messaging,Finland,206.26,high,False,2017-09-09,3276,old
U03878,X (formerly Twitter),X Corp.,Microblogging,Bahamas,204.82,high,False,2016-05-30,3743,old
U03879,LinkedIn,Microsoft,Professional networking,Greece,268.3,high,False,2022-10-17,1412,old
U03880,Threads,Meta,Text-based social networking,Barbados,284.34,high,False,2023-04-03,1244,old
U03881,YouTube,Google,Video sharing,Falkland Islands (Malvinas),106.91,medium,False,2026-06-22,68,new
U03882,X (formerly Twitter),X Corp.,Microblogging,Luxembourg,291.54,high,True,2021-03-22,1986,old
U03883,Instagram,Meta,Photo and video sharing,Guadeloupe,262.89,high,False,2026-08-19,10,very_new
U03884,Quora,Quora Inc.,Q&A knowledge sharing,Slovakia (Slovak Republic),73.08,medium,True,2018-07-15,2967,old
U03885,X (formerly Twitter),X Corp.,Microblogging,Slovakia (Slovak Republic),195.72,high,True,2021-04-15,1962,old
U03886,WhatsApp,Meta,Messaging,India,252.19,high,False,2024-12-24,613,established
U03887,Reddit,Reddit Inc.,Discussion forums and communities,Germany,42.95,low,True,2022-04-26,1586,old
U03888,WhatsApp,Meta,Messaging,Martinique,147.34,medium,True,2017-12-08,3186,old
U03889,WhatsApp,Meta,Messaging,Kazakhstan,291.15,high,True,2026-04-24,127,new
U03890,Pinterest,Pinterest Inc.,Visual discovery and bookmarking,Jersey,22.87,low,True,2022-01-16,1686,old
U03891,Pinterest,Pinterest Inc.,Visual discovery and bookmarking,Italy,178.44,medium,True,2026-04-13,138,new
U03892,WhatsApp,Meta,Messaging,Bangladesh,228.55,high,False,2026-08-01,28,very_new
U03893,Quora,Quora Inc.,Q&A knowledge sharing,Haiti,53.48,low,True,2022-03-31,1612,old
U03894,LinkedIn,Microsoft,Professional networking,Antarctica (the territory South of 60 deg S),189.19,high,True,2017-12-08,3186,old
U03895,X (formerly Twitter),X Corp.,Microblogging,Ukraine,296.78,high,False,2016-11-03,3586,old
U03896,WeChat,Tencent,Messaging and social media,Barbados,79.8,medium,False,2026-08-12,17,very_new
U03897,Telegram,Telegram FZ LLC,Messaging,Uzbekistan,214.12,high,False,2020-05-24,2288,old
U03898,Telegram,Telegram FZ LLC,Messaging,Barbados,295.36,high,False,2016-01-14,3880,old
U03899,LinkedIn,Microsoft,Professional networking,Barbados,255.66,high,True,2016-04-16,3787,old
U03900,LinkedIn,Microsoft,Professional networking,Falkland Islands (Malvinas),275.9,high,True,2016-11-24,3565,old
U03901,TikTok,ByteDance,Short-form videos,Heard Island and McDonald Islands,290.76,high,True,2026-08-24,5,very_new
U03902,Facebook,Meta,Social networking,Morocco,73.29,medium,True,2015-12-16,3909,old
U03903,X (formerly Twitter),X Corp.,Microblogging,Vanuatu,171.55,medium,False,2016-12-20,3539,old
U03904,LinkedIn,Microsoft,Professional networking,Guadeloupe,72.71,medium,True,2017-11-02,3222,old
U03905,Instagram,Meta,Photo and video sharing,Belarus,123.08,medium,True,2018-12-22,2807,old
U03906,WhatsApp,Meta,Messaging,Burundi,66.16,medium,False,2016-01-08,3886,old
U03907,Telegram,Telegram FZ LLC,Messaging,Equatorial Guinea,27.71,low,False,2017-09-04,3281,old
U03908,Facebook,Meta,Social networking,Angola,67.59,medium,True,2026-03-22,160,new
U03909,TikTok,ByteDance,Short-form videos,Russian Federation,51.43,low,False,2015-08-19,4028,old
U03910,WhatsApp,Meta,Messaging,Andorra,62.24,medium,False,2023-05-09,1208,old
U03911,LinkedIn,Microsoft,Professional networking,Togo,117.88,medium,False,2016-03-21,3813,old
U03912,Threads,Meta,Text-based social networking,Peru,296.06,high,False,2018-03-06,3098,old
U03913,LinkedIn,Microsoft,Professional networking,Swaziland,241.21,high,False,2016-10-31,3589,old
U03914,Threads,Meta,Text-based social networking,Sao Tome and Principe,125.21,medium,True,2016-04-24,3779,old
U03915,Pinterest,Pinterest Inc.,Visual discovery and bookmarking,Israel,208.89,high,False,2019-04-02,2706,old
U03916,Quora,Quora Inc.,Q&A knowledge sharing,Kuwait,117.29,medium,False,2018-08-01,2950,old
U03917,LinkedIn,Microsoft,Professional networking,Luxembourg,277.26,high,False,2017-12-20,3174,old
U03918,Telegram,Telegram FZ LLC,Messaging,North Macedonia,94.53,medium,False,2018-07-17,2965,old
U03919,YouTube,Google,Video sharing,Zambia,11.34,low,False,2021-03-20,1988,old
U03920,TikTok,ByteDance,Short-form videos,Uzbekistan,220.66,high,False,2018-04-24,3049,old
U03921,X (formerly Twitter),X Corp.,Microblogging,Tonga,288.18,high,False,2023-10-28,1036,old
U03922,Quora,Quora Inc.,Q&A knowledge sharing,Greenland,38.02,low,False,2026-07-31,29,very_new
U03923,Facebook,Meta,Social networking,Djibouti,173.29,medium,False,2024-06-21,799,old
U03924,Quora,Quora Inc.,Q&A knowledge sharing,Lao People's Democratic Republic,298.0,high,False,2015-09-01,4015,old
U03925,Threads,Meta,Text-based social networking,Brunei Darussalam,214.34,high,True,2020-10-13,2146,old
U03926,Telegram,Telegram FZ LLC,Messaging,Cameroon,183.57,high,False,2026-07-04,56,new
U03927,Pinterest,Pinterest Inc.,Visual discovery and bookmarking,Botswana,158.26,medium,False,2021-03-18,1990,old
U03928,LinkedIn,Microsoft,Professional networking,United States Minor Outlying Islands,60.94,medium,False,2016-02-06,3857,old
U03929,Instagram,Meta,Photo and video sharing,Afghanistan,175.44,medium,False,2020-02-03,2399,old
U03930,TikTok,ByteDance,Short-form videos,Tunisia,285.22,high,True,2022-07-22,1499,old
U03931,Instagram,Meta,Photo and video sharing,Slovenia,299.6,high,False,2016-02-18,3845,old
U03932,WeChat,Tencent,Messaging and social media,Guatemala,7.82,low,False,2017-09-08,3277,old
U03933,WhatsApp,Meta,Messaging,Congo,10.64,low,False,2018-11-15,2844,old
U03934,Snapchat,Snap Inc.,Multimedia messaging,French Guiana,194.84,high,True,2017-03-06,3463,old
U03935,X (formerly Twitter),X Corp.,Microblogging,Trinidad and Tobago,232.65,high,False,2024-12-13,624,established
U03936,WhatsApp,Meta,Messaging,Rwanda,60.62,medium,True,2026-08-21,8,very_new
U03937,Pinterest,Pinterest Inc.,Visual discovery and bookmarking,Morocco,201.6,high,True,2018-05-29,3014,old
U03938,Facebook,Meta,Social networking,Kazakhstan,138.72,medium,True,2016-11-21,3568,old
U03939,Reddit,Reddit Inc.,Discussion forums and communities,Chad,181.25,high,True,2021-11-22,1741,old
U03940,Pinterest,Pinterest Inc.,Visual discovery and bookmarking,Madagascar,54.1,low,False,2026-05-01,120,new
U03941,Facebook,Meta,Social networking,Morocco,145.45,medium,True,2024-01-26,946,old
U03942,Threads,Meta,Text-based social networking,Nauru,187.59,high,True,2019-06-16,2631,old
U03943,Telegram,Telegram FZ LLC,Messaging,Liberia,180.29,high,True,2021-10-19,1775,old
U03944,Quora,Quora Inc.,Q&A knowledge sharing,Cyprus,111.46,medium,True,2026-04-18,133,new
U03945,Snapchat,Snap Inc.,Multimedia messaging,South Africa,159.02,medium,True,2026-07-10,50,new
U03946,Quora,Quora Inc.,Q&A knowledge sharing,United Kingdom,38.08,low,False,2020-04-23,2319,old
U03947,Facebook,Meta,Social networking,Northern Mariana Islands,20.29,low,False,2022-05-13,1569,old
U03948,Reddit,Reddit Inc.,Discussion forums and communities,Estonia,90.86,medium,True,2015-06-20,4088,old
U03949,Reddit,Reddit Inc.,Discussion forums and communities,Lesotho,179.0,medium,True,2019-04-22,2686,old
U03950,Threads,Meta,Text-based social networking,Bolivia,114.69,medium,True,2025-03-14,533,established
U03951,Telegram,Telegram FZ LLC,Messaging,Guinea-Bissau,298.76,high,True,2024-02-07,934,old
U03952,WhatsApp,Meta,Messaging,United States Virgin Islands,178.4,medium,False,2024-09-23,705,established
U03953,Facebook,Meta,Social networking,Mozambique,241.22,high,False,2022-11-04,1394,old
U03954,YouTube,Google,Video sharing,Trinidad and Tobago,47.04,low,True,2024-07-02,788,old
U03955,WhatsApp,Meta,Messaging,Bolivia,98.6,medium,False,2023-06-09,1177,old
U03956,Pinterest,Pinterest Inc.,Visual discovery and bookmarking,Australia,250.98,high,True,2022-07-02,1519,old
U03957,WhatsApp,Meta,Messaging,Guinea-Bissau,145.26,medium,False,2026-04-10,141,new
U03958,Snapchat,Snap Inc.,Multimedia messaging,French Southern Territories,160.18,medium,False,2019-02-27,2740,old
U03959,YouTube,Google,Video sharing,Marshall Islands,40.11,low,True,2017-08-21,3295,old
U03960,Instagram,Meta,Photo and video sharing,Seychelles,9.08,low,False,2020-05-05,2307,old
U03961,Instagram,Meta,Photo and video sharing,Fiji,203.76,high,False,2023-11-06,1027,old
U03962,Instagram,Meta,Photo and video sharing,Saint Helena,14.47,low,False,2023-08-01,1124,old
U03963,Instagram,Meta,Photo and video sharing,Swaziland,210.35,high,True,2020-01-11,2422,old
U03964,Facebook,Meta,Social networking,Czech Republic,139.19,medium,True,2020-07-09,2242,old
U03965,TikTok,ByteDance,Short-form videos,Sao Tome and Principe,153.1,medium,True,2018-10-12,2878,old
U03966,TikTok,ByteDance,Short-form videos,Cook Islands,23.76,low,True,2015-08-26,4021,old
U03967,LinkedIn,Microsoft,Professional networking,Malawi,192.18,high,False,2018-09-13,2907,old
U03968,X (formerly Twitter),X Corp.,Microblogging,Taiwan,22.5,low,False,2018-09-18,2902,old
U03969,Quora,Quora Inc.,Q&A knowledge sharing,Armenia,52.61,low,True,2017-08-08,3308,old
U03970,LinkedIn,Microsoft,Professional networking,Saint Vincent and the Grenadines,101.08,medium,True,2026-05-20,101,new
U03971,WeChat,Tencent,Messaging and social media,Benin,119.32,medium,False,2020-11-20,2108,old
U03972,YouTube,Google,Video sharing,Tanzania,127.55,medium,False,2019-06-14,2633,old
U03973,X (formerly Twitter),X Corp.,Microblogging,Tuvalu,94.0,medium,True,2018-06-10,3002,old
U03974,Reddit,Reddit Inc.,Discussion forums and communities,Hong Kong,143.08,medium,False,2018-04-21,3052,old
U03975,LinkedIn,Microsoft,Professional networking,Nepal,184.23,high,False,2022-12-24,1344,old
U03976,Telegram,Telegram FZ LLC,Messaging,Vietnam,285.63,high,True,2016-03-29,3805,old
U03977,LinkedIn,Microsoft,Professional networking,Cyprus,132.34,medium,False,2026-05-01,120,new
U03978,Threads,Meta,Text-based social networking,Kenya,80.97,medium,True,2023-09-29,1065,old
U03979,Telegram,Telegram FZ LLC,Messaging,Seychelles,97.01,medium,True,2018-08-13,2938,old
U03980,TikTok,ByteDance,Short-form videos,Ecuador,12.86,low,True,2019-03-04,2735,old
U03981,WhatsApp,Meta,Messaging,Kenya,121.26,medium,True,2021-10-07,1787,old
U03982,Telegram,Telegram FZ LLC,Messaging,Cameroon,187.96,high,False,2017-06-20,3357,old
U03983,Facebook,Meta,Social networking,Guinea-Bissau,85.66,medium,True,2021-01-13,2054,old
U03984,Quora,Quora Inc.,Q&A knowledge sharing,Saint Helena,252.06,high,False,2019-04-11,2697,old
U03985,Quora,Quora Inc.,Q&A knowledge sharing,Tokelau,138.45,medium,True,2024-09-10,718,established
U03986,LinkedIn,Microsoft,Professional networking,Iraq,214.77,high,True,2024-03-22,890,old
U03987,Snapchat,Snap Inc.,Multimedia messaging,Dominican Republic,26.38,low,True,2026-06-05,85,new
U03988,LinkedIn,Microsoft,Professional networking,Niue,181.91,high,True,2017-06-02,3375,old
U03989,Snapchat,Snap Inc.,Multimedia messaging,Turks and Caicos Islands,144.28,medium,False,2023-03-04,1274,old
U03990,WhatsApp,Meta,Messaging,Sudan,84.42,medium,True,2020-11-30,2098,old
U03991,Snapchat,Snap Inc.,Multimedia messaging,Senegal,292.34,high,True,2026-06-13,77,new
U03992,WhatsApp,Meta,Messaging,Peru,97.41,medium,True,2022-06-07,1544,old
U03993,YouTube,Google,Video sharing,Guyana,167.02,medium,False,2023-03-21,1257,old
U03994,Snapchat,Snap Inc.,Multimedia messaging,Liberia,278.67,high,True,2015-11-07,3948,old
U03995,Telegram,Telegram FZ LLC,Messaging,Tajikistan,186.95,high,True,2026-03-08,174,new
U03996,Reddit,Reddit Inc.,Discussion forums and communities,Kyrgyz Republic,249.22,high,False,2023-04-16,1231,old
U03997,Pinterest,Pinterest Inc.,Visual discovery and bookmarking,Malta,162.01,medium,False,2016-09-01,3649,old
U03998,Snapchat,Snap Inc.,Multimedia messaging,Kazakhstan,184.71,high,True,2024-02-02,939,old
U03999,Instagram,Meta,Photo and video sharing,Brazil,171.43,medium,False,2018-02-07,3125,old
U04000,Reddit,Reddit Inc.,Discussion forums and communities,French Polynesia,116.81,medium,False,2026-04-20,131,new
U04001,Quora,Quora Inc.,Q&A knowledge sharing,Saint Helena,265.44,high,False,2017-06-10,3367,old
U04002,Pinterest,Pinterest Inc.,Visual discovery and bookmarking,Aruba,18.43,low,True,2024-09-01,727,established
U04003,LinkedIn,Microsoft,Professional networking,Libyan Arab Jamahiriya,119.74,medium,False,2022-12-22,1346,old
U04004,Threads,Meta,Text-based social networking,Cuba,43.53,low,False,2015-07-30,4048,old
U04005,Telegram,Telegram FZ LLC,Messaging,Belize,272.86,high,True,2023-08-10,1115,old
U04006,X (formerly Twitter),X Corp.,Microblogging,Cuba,196.27,high,True,2022-08-24,1466,old
U04007,Pinterest,Pinterest Inc.,Visual discovery and bookmarking,Iceland,187.89,high,False,2026-05-27,94,new
U04008,Snapchat,Snap Inc.,Multimedia messaging,Guam,106.78,medium,False,2026-08-15,14,very_new
U04009,Facebook,Meta,Social networking,Burundi,19.18,low,True,2018-02-10,3122,old
U04010,TikTok,ByteDance,Short-form videos,Saint Lucia,95.03,medium,True,2016-04-22,3781,old
U04011,Snapchat,Snap Inc.,Multimedia messaging,Afghanistan,13.64,low,True,2022-10-15,1414,old
U04012,Pinterest,Pinterest Inc.,Visual discovery and bookmarking,Angola,28.18,low,False,2023-06-24,1162,old
U04013,Reddit,Reddit Inc.,Discussion forums and communities,Madagascar,50.43,low,False,2022-11-25,1373,old
U04014,X (formerly Twitter),X Corp.,Microblogging,Tonga,134.99,medium,False,2026-06-10,80,new
U04015,Pinterest,Pinterest Inc.,Visual discovery and bookmarking,Jersey,107.73,medium,False,2017-04-29,3409,old
U04016,Instagram,Meta,Photo and video sharing,Mozambique,292.67,high,False,2018-03-25,3079,old
U04017,Telegram,Telegram FZ LLC,Messaging,Uganda,135.94,medium,True,2026-08-06,23,very_new
U04018,Snapchat,Snap Inc.,Multimedia messaging,Luxembourg,96.15,medium,False,2019-10-13,2512,old
U04019,X (formerly Twitter),X Corp.,Microblogging,Paraguay,169.56,medium,True,2016-04-07,3796,old
U04020,Facebook,Meta,Social networking,Argentina,288.23,high,False,2021-08-27,1828,old
U04021,Reddit,Reddit Inc.,Discussion forums and communities,Japan,277.62,high,True,2019-05-31,2647,old
U04022,YouTube,Google,Video sharing,Bosnia and Herzegovina,148.75,medium,True,2023-07-11,1145,old
U04023,Snapchat,Snap Inc.,Multimedia messaging,Algeria,37.45,low,False,2023-05-25,1192,old
U04024,X (formerly Twitter),X Corp.,Microblogging,Pakistan,28.87,low,True,2021-10-02,1792,old
U04025,Snapchat,Snap Inc.,Multimedia messaging,Palestinian Territory,268.92,high,False,2026-07-19,41,new
U04026,Threads,Meta,Text-based social networking,Falkland Islands (Malvinas),11.92,low,True,2026-04-10,141,new
U04027,TikTok,ByteDance,Short-form videos,Germany,281.7,high,False,2022-02-17,1654,old
U04028,YouTube,Google,Video sharing,Guinea-Bissau,293.71,high,True,2026-03-22,160,new
U04029,WhatsApp,Meta,Messaging,Chile,182.26,high,True,2016-12-09,3550,old
U04030,Pinterest,Pinterest Inc.,Visual discovery and bookmarking,Belarus,201.88,high,False,2017-11-23,3201,old
U04031,WhatsApp,Meta,Messaging,Kiribati,196.3,high,False,2023-05-24,1193,old
U04032,WhatsApp,Meta,Messaging,Saint Vincent and the Grenadines,261.89,high,True,2016-03-12,3822,old
U04033,Threads,Meta,Text-based social networking,Holy See (Vatican City State),215.92,high,False,2016-10-06,3614,old
U04034,Quora,Quora Inc.,Q&A knowledge sharing,Mexico,136.5,medium,False,2022-08-12,1478,old
U04035,X (formerly Twitter),X Corp.,Microblogging,Djibouti,88.95,medium,True,2018-02-08,3124,old
U04036,Threads,Meta,Text-based social networking,Pitcairn Islands,161.52,medium,False,2016-05-15,3758,old
U04037,Quora,Quora Inc.,Q&A knowledge sharing,Guyana,199.38,high,True,2017-08-28,3288,old
U04038,LinkedIn,Microsoft,Professional networking,Guatemala,25.59,low,False,2018-10-30,2860,old
U04039,Pinterest,Pinterest Inc.,Visual discovery and bookmarking,Uganda,24.5,low,False,2016-12-14,3545,old
U04040,TikTok,ByteDance,Short-form videos,Cote d'Ivoire,186.08,high,True,2016-07-03,3709,old
U04041,WeChat,Tencent,Messaging and social media,Syrian Arab Republic,8.17,low,False,2015-10-05,3981,old
U04042,Snapchat,Snap Inc.,Multimedia messaging,Uzbekistan,290.33,high,False,2020-07-26,2225,old
U04043,X (formerly Twitter),X Corp.,Microblogging,Micronesia,249.15,high,True,2023-03-01,1277,old
U04044,TikTok,ByteDance,Short-form videos,Austria,47.35,low,False,2018-11-15,2844,old
U04045,Pinterest,Pinterest Inc.,Visual discovery and bookmarking,Colombia,247.89,high,False,2016-06-25,3717,old
U04046,Telegram,Telegram FZ LLC,Messaging,Uganda,23.49,low,True,2017-01-12,3516,old
U04047,Quora,Quora Inc.,Q&A knowledge sharing,Pakistan,270.08,high,False,2020-12-20,2078,old
U04048,Telegram,Telegram FZ LLC,Messaging,Sudan,214.15,high,False,2023-03-29,1249,old
U04049,TikTok,ByteDance,Short-form videos,Portugal,53.99,low,True,2020-01-13,2420,old
U04050,Snapchat,Snap Inc.,Multimedia messaging,Gabon,10.48,low,True,2021-03-11,1997,old
U04051,Telegram,Telegram FZ LLC,Messaging,Haiti,296.92,high,True,2017-12-26,3168,old
U04052,WeChat,Tencent,Messaging and social media,Serbia,22.75,low,True,2023-03-17,1261,old
U04053,WeChat,Tencent,Messaging and social media,Greenland,73.84,medium,False,2024-12-13,624,established
U04054,WhatsApp,Meta,Messaging,China,212.79,high,True,2025-01-21,585,established
U04055,Quora,Quora Inc.,Q&A knowledge sharing,Kenya,95.28,medium,True,2015-07-01,4077,old
U04056,Telegram,Telegram FZ LLC,Messaging,Solomon Islands,243.58,high,False,2019-12-13,2451,old
U04057,Pinterest,Pinterest Inc.,Visual discovery and bookmarking,Kiribati,181.75,high,False,2022-08-08,1482,old
U04058,Facebook,Meta,Social networking,Mexico,275.31,high,False,2026-03-05,177,new
U04059,LinkedIn,Microsoft,Professional networking,Lebanon,14.11,low,False,2026-08-26,3,very_new
U04060,LinkedIn,Microsoft,Professional networking,Bulgaria,140.8,medium,False,2024-07-03,787,old
U04061,Snapchat,Snap Inc.,Multimedia messaging,Colombia,290.57,high,True,2020-08-27,2193,old
U04062,X (formerly Twitter),X Corp.,Microblogging,Austria,260.44,high,False,2015-05-11,4128,old
U04063,Reddit,Reddit Inc.,Discussion forums and communities,Wallis and Futuna,29.03,low,True,2020-12-28,2070,old
U04064,WhatsApp,Meta,Messaging,Mexico,65.64,medium,True,2025-01-26,580,established
U04065,WeChat,Tencent,Messaging and social media,Mali,170.77,medium,False,2018-12-17,2812,old
U04066,Threads,Meta,Text-based social networking,United States Virgin Islands,254.71,high,False,2017-07-20,3327,old
U04067,WhatsApp,Meta,Messaging,Palestinian Territory,186.18,high,False,2024-11-10,657,established
U04068,LinkedIn,Microsoft,Professional networking,Solomon Islands,47.63,low,False,2023-01-15,1322,old
U04069,WeChat,Tencent,Messaging and social media,Faroe Islands,95.82,medium,False,2017-10-23,3232,old
U04070,Instagram,Meta,Photo and video sharing,American Samoa,67.3,medium,True,2026-06-30,60,new
U04071,Instagram,Meta,Photo and video sharing,Georgia,96.84,medium,False,2019-01-16,2782,old
U04072,Telegram,Telegram FZ LLC,Messaging,Marshall Islands,281.27,high,False,2023-03-18,1260,old
U04073,Reddit,Reddit Inc.,Discussion forums and communities,Japan,135.01,medium,False,2019-01-13,2785,old
U04074,Pinterest,Pinterest Inc.,Visual discovery and bookmarking,French Guiana,65.87,medium,False,2016-01-28,3866,old
U04075,Quora,Quora Inc.,Q&A knowledge sharing,Korea,43.44,low,False,2020-10-26,2133,old
U04076,LinkedIn,Microsoft,Professional networking,El Salvador,250.35,high,True,2020-06-02,2279,old
U04077,WhatsApp,Meta,Messaging,Iceland,174.42,medium,True,2024-03-22,890,old
U04078,TikTok,ByteDance,Short-form videos,Taiwan,52.41,low,True,2016-06-05,3737,old
U04079,TikTok,ByteDance,Short-form videos,Argentina,43.12,low,True,2026-08-08,21,very_new
U04080,Pinterest,Pinterest Inc.,Visual discovery and bookmarking,New Zealand,57.02,low,False,2019-06-16,2631,old
U04081,WeChat,Tencent,Messaging and social media,South Georgia and the South Sandwich Islands,90.63,medium,True,2020-02-06,2396,old
U04082,TikTok,ByteDance,Short-form videos,Uzbekistan,29.17,low,False,2020-07-27,2224,old
U04083,TikTok,ByteDance,Short-form videos,Georgia,41.62,low,True,2025-04-28,488,established
U04084,WhatsApp,Meta,Messaging,Antarctica (the territory South of 60 deg S),131.32,medium,False,2018-03-23,3081,old
U04085,WhatsApp,Meta,Messaging,Niger,247.41,high,False,2026-07-25,35,new
U04086,Telegram,Telegram FZ LLC,Messaging,Suriname,186.06,high,False,2015-05-20,4119,old
U04087,WeChat,Tencent,Messaging and social media,Belarus,231.65,high,False,2022-12-14,1354,old
U04088,Facebook,Meta,Social networking,Sudan,60.59,medium,True,2015-11-24,3931,old
U04089,X (formerly Twitter),X Corp.,Microblogging,Montserrat,242.42,high,True,2022-02-06,1665,old
U04090,Reddit,Reddit Inc.,Discussion forums and communities,American Samoa,228.84,high,False,2023-02-11,1295,old
U04091,X (formerly Twitter),X Corp.,Microblogging,Estonia,26.56,low,True,2023-05-14,1203,old
U04092,WhatsApp,Meta,Messaging,Falkland Islands (Malvinas),21.59,low,False,2023-10-29,1035,old
U04093,X (formerly Twitter),X Corp.,Microblogging,Thailand,78.25,medium,False,2021-09-02,1822,old
U04094,WeChat,Tencent,Messaging and social media,Malawi,45.1,low,False,2026-04-12,139,new
U04095,X (formerly Twitter),X Corp.,Microblogging,Peru,99.28,medium,False,2024-02-27,914,old
U04096,Facebook,Meta,Social networking,Samoa,202.28,high,False,2020-02-13,2389,old
U04097,Instagram,Meta,Photo and video sharing,Cayman Islands,239.42,high,False,2023-01-22,1315,old
U04098,Instagram,Meta,Photo and video sharing,Bulgaria,50.63,low,True,2016-09-01,3649,old
U04099,Snapchat,Snap Inc.,Multimedia messaging,Guinea-Bissau,292.96,high,True,2019-02-08,2759,old
U04100,Quora,Quora Inc.,Q&A knowledge sharing,Belarus,285.93,high,False,2016-05-06,3767,old
U04101,Reddit,Reddit Inc.,Discussion forums and communities,Monaco,106.92,medium,False,2016-11-20,3569,old
U04102,Reddit,Reddit Inc.,Discussion forums and communities,Albania,49.72,low,True,2026-06-01,89,new
U04103,TikTok,ByteDance,Short-form videos,Bosnia and Herzegovina,217.78,high,True,2015-07-17,4061,old
U04104,Facebook,Meta,Social networking,Vietnam,170.42,medium,True,2024-09-08,720,established
U04105,WeChat,Tencent,Messaging and social media,Somalia,222.32,high,True,2026-06-28,62,new
U04106,Facebook,Meta,Social networking,Liberia,213.02,high,False,2024-10-16,682,established
U04107,Instagram,Meta,Photo and video sharing,Panama,169.89,medium,True,2020-12-10,2088,old
U04108,Instagram,Meta,Photo and video sharing,Dominican Republic,245.96,high,False,2020-11-24,2104,old
U04109,WeChat,Tencent,Messaging and social media,Bolivia,148.57,medium,True,2019-10-30,2495,old
U04110,Facebook,Meta,Social networking,South Africa,152.05,medium,True,2023-06-26,1160,old
U04111,LinkedIn,Microsoft,Professional networking,Tanzania,296.67,high,True,2018-05-16,3027,old
U04112,X (formerly Twitter),X Corp.,Microblogging,Gabon,58.11,low,False,2017-10-20,3235,old
U04113,X (formerly Twitter),X Corp.,Microblogging,Holy See (Vatican City State),12.14,low,False,2019-04-01,2707,old
U04114,Instagram,Meta,Photo and video sharing,Belgium,263.65,high,False,2019-04-06,2702,old
U04115,Snapchat,Snap Inc.,Multimedia messaging,Nepal,197.43,high,False,2019-02-26,2741,old
U04116,Quora,Quora Inc.,Q&A knowledge sharing,Jamaica,96.5,medium,True,2020-05-03,2309,old
U04117,X (formerly Twitter),X Corp.,Microblogging,Barbados,228.14,high,False,2015-07-10,4068,old
U04118,TikTok,ByteDance,Short-form videos,Lesotho,86.53,medium,False,2024-08-09,750,old
U04119,Threads,Meta,Text-based social networking,Tanzania,118.55,medium,True,2019-07-26,2591,old
U04120,Instagram,Meta,Photo and video sharing,Saint Lucia,94.59,medium,True,2015-12-29,3896,old
U04121,TikTok,ByteDance,Short-form videos,Lao People's Democratic Republic,204.99,high,True,2020-01-17,2416,old
U04122,WhatsApp,Meta,Messaging,Moldova,187.88,high,False,2019-02-26,2741,old
U04123,Quora,Quora Inc.,Q&A knowledge sharing,Gambia,92.97,medium,True,2015-10-27,3959,old
U04124,TikTok,ByteDance,Short-form videos,Ghana,208.83,high,False,2017-04-05,3433,old
U04125,LinkedIn,Microsoft,Professional networking,Bermuda,115.09,medium,True,2024-11-21,646,established
U04126,Quora,Quora Inc.,Q&A knowledge sharing,South Georgia and the South Sandwich Islands,156.87,medium,False,2021-02-20,2016,old
U04127,LinkedIn,Microsoft,Professional networking,Puerto Rico,233.32,high,False,2018-03-20,3084,old
U04128,X (formerly Twitter),X Corp.,Microblogging,Niger,227.28,high,False,2022-04-09,1603,old
U04129,Snapchat,Snap Inc.,Multimedia messaging,Bolivia,254.27,high,False,2026-03-08,174,new
U04130,Snapchat,Snap Inc.,Multimedia messaging,Comoros,97.92,medium,False,2021-03-27,1981,old
U04131,YouTube,Google,Video sharing,Comoros,188.82,high,True,2024-01-11,961,old
U04132,Telegram,Telegram FZ LLC,Messaging,Norfolk Island,75.28,medium,True,2024-09-16,712,established
U04133,YouTube,Google,Video sharing,Saint Pierre and Miquelon,288.89,high,False,2017-07-01,3346,old
U04134,Quora,Quora Inc.,Q&A knowledge sharing,Togo,53.88,low,False,2023-07-02,1154,old
U04135,Facebook,Meta,Social networking,Saint Vincent and the Grenadines,259.47,high,False,2020-11-01,2127,old
U04136,X (formerly Twitter),X Corp.,Microblogging,Sri Lanka,43.3,low,False,2016-06-14,3728,old
U04137,LinkedIn,Microsoft,Professional networking,Faroe Islands,43.48,low,True,2025-01-24,582,established
U04138,Reddit,Reddit Inc.,Discussion forums and communities,Timor-Leste,261.68,high,False,2023-01-18,1319,old
U04139,Snapchat,Snap Inc.,Multimedia messaging,Palestinian Territory,258.85,high,False,2026-07-25,35,new
U04140,Telegram,Telegram FZ LLC,Messaging,Cambodia,212.49,high,False,2021-10-07,1787,old
U04141,Reddit,Reddit Inc.,Discussion forums and communities,Barbados,114.3,medium,True,2020-08-08,2212,old
U04142,Reddit,Reddit Inc.,Discussion forums and communities,Malta,34.4,low,True,2020-07-27,2224,old
U04143,Facebook,Meta,Social networking,San Marino,27.75,low,True,2020-03-20,2353,old
U04144,Instagram,Meta,Photo and video sharing,Gambia,81.43,medium,False,2020-02-19,2383,old
U04145,Instagram,Meta,Photo and video sharing,Chad,86.34,medium,False,2021-03-05,2003,old
U04146,WhatsApp,Meta,Messaging,Bolivia,145.75,medium,True,2024-01-19,953,old
U04147,WhatsApp,Meta,Messaging,Czech Republic,43.95,low,False,2024-09-13,715,established
U04148,Facebook,Meta,Social networking,Micronesia,218.87,high,False,2021-06-25,1891,old
U04149,TikTok,ByteDance,Short-form videos,Lesotho,17.24,low,False,2018-08-20,2931,old
U04150,Telegram,Telegram FZ LLC,Messaging,Cote d'Ivoire,228.32,high,True,2020-02-13,2389,old
U04151,Telegram,Telegram FZ LLC,Messaging,Slovenia,114.35,medium,False,2026-04-01,150,new
U04152,WhatsApp,Meta,Messaging,Venezuela,65.65,medium,True,2022-04-14,1598,old
U04153,Facebook,Meta,Social networking,Reunion,213.46,high,False,2019-03-11,2728,old
U04154,LinkedIn,Microsoft,Professional networking,French Polynesia,9.39,low,True,2020-10-30,2129,old
U04155,WhatsApp,Meta,Messaging,Pitcairn Islands,118.27,medium,True,2021-01-26,2041,old
U04156,Pinterest,Pinterest Inc.,Visual discovery and bookmarking,Cambodia,21.33,low,True,2022-11-24,1374,old
U04157,Threads,Meta,Text-based social networking,Bolivia,96.3,medium,True,2019-08-05,2581,old
U04158,Reddit,Reddit Inc.,Discussion forums and communities,American Samoa,145.14,medium,True,2024-01-16,956,old
U04159,Threads,Meta,Text-based social networking,Bermuda,223.28,high,False,2026-03-07,175,new
U04160,TikTok,ByteDance,Short-form videos,Norway,102.83,medium,True,2021-10-07,1787,old
U04161,YouTube,Google,Video sharing,Haiti,46.81,low,True,2021-08-19,1836,old
U04162,Facebook,Meta,Social networking,Bahamas,129.75,medium,False,2023-01-27,1310,old
U04163,Reddit,Reddit Inc.,Discussion forums and communities,British Indian Ocean Territory (Chagos Archipelago),116.71,medium,True,2024-02-02,939,old
U04164,Reddit,Reddit Inc.,Discussion forums and communities,Christmas Island,188.58,high,False,2024-10-29,669,established
U04165,X (formerly Twitter),X Corp.,Microblogging,South Georgia and the South Sandwich Islands,130.26,medium,False,2023-07-11,1145,old
U04166,Instagram,Meta,Photo and video sharing,British Indian Ocean Territory (Chagos Archipelago),69.17,medium,False,2020-05-30,2282,old
U04167,WeChat,Tencent,Messaging and social media,Sierra Leone,12.07,low,True,2025-04-02,514,established
U04168,Threads,Meta,Text-based social networking,Lithuania,47.2,low,True,2018-07-31,2951,old
U04169,LinkedIn,Microsoft,Professional networking,Mongolia,46.43,low,False,2017-02-26,3471,old
U04170,TikTok,ByteDance,Short-form videos,Panama,40.51,low,True,2023-03-09,1269,old
U04171,Telegram,Telegram FZ LLC,Messaging,San Marino,97.18,medium,True,2015-08-12,4035,old
U04172,Snapchat,Snap Inc.,Multimedia messaging,Ghana,294.59,high,False,2015-08-13,4034,old
U04173,Threads,Meta,Text-based social networking,Puerto Rico,253.73,high,True,2026-08-09,20,very_new
U04174,Reddit,Reddit Inc.,Discussion forums and communities,Fiji,151.0,medium,True,2022-10-04,1425,old
U04175,Snapchat,Snap Inc.,Multimedia messaging,Somalia,91.43,medium,True,2016-08-26,3655,old
U04176,Reddit,Reddit Inc.,Discussion forums and communities,San Marino,200.21,high,False,2020-10-26,2133,old
U04177,Quora,Quora Inc.,Q&A knowledge sharing,Nepal,157.81,medium,False,2022-05-07,1575,old
U04178,LinkedIn,Microsoft,Professional networking,Colombia,97.74,medium,False,2024-10-07,691,established
U04179,Instagram,Meta,Photo and video sharing,Djibouti,55.44,low,False,2019-02-16,2751,old
U04180,WeChat,Tencent,Messaging and social media,Cocos (Keeling) Islands,125.41,medium,True,2026-07-09,51,new
U04181,Pinterest,Pinterest Inc.,Visual discovery and bookmarking,Mayotte,29.27,low,False,2023-03-20,1258,old
U04182,Snapchat,Snap Inc.,Multimedia messaging,Jersey,103.57,medium,True,2015-06-28,4080,old
U04183,LinkedIn,Microsoft,Professional networking,Latvia,290.21,high,True,2023-09-28,1066,old
U04184,Reddit,Reddit Inc.,Discussion forums and communities,Ireland,263.28,high,False,2020-08-18,2202,old
U04185,Reddit,Reddit Inc.,Discussion forums and communities,Haiti,294.52,high,False,2018-09-02,2918,old
U04186,Quora,Quora Inc.,Q&A knowledge sharing,Australia,279.42,high,True,2024-07-17,773,old
U04187,Reddit,Reddit Inc.,Discussion forums and communities,American Samoa,146.9,medium,True,2024-07-18,772,old
U04188,WhatsApp,Meta,Messaging,Tanzania,252.0,high,True,2017-07-24,3323,old
U04189,Instagram,Meta,Photo and video sharing,Denmark,296.4,high,True,2020-11-12,2116,old
U04190,Snapchat,Snap Inc.,Multimedia messaging,Saint Helena,273.38,high,True,2019-02-15,2752,old
U04191,Threads,Meta,Text-based social networking,Aruba,153.31,medium,True,2018-04-29,3044,old
U04192,Telegram,Telegram FZ LLC,Messaging,Israel,271.41,high,True,2018-01-01,3162,old
U04193,WeChat,Tencent,Messaging and social media,Croatia,229.19,high,True,2018-04-15,3058,old
U04194,Instagram,Meta,Photo and video sharing,Chile,78.29,medium,False,2026-04-25,126,new
U04195,WhatsApp,Meta,Messaging,Cook Islands,65.51,medium,True,2026-08-11,18,very_new
U04196,X (formerly Twitter),X Corp.,Microblogging,Israel,207.06,high,False,2015-06-13,4095,old
U04197,Reddit,Reddit Inc.,Discussion forums and communities,Thailand,249.07,high,True,2017-10-18,3237,old
U04198,Threads,Meta,Text-based social networking,New Zealand,54.82,low,True,2021-11-27,1736,old
U04199,TikTok,ByteDance,Short-form videos,Nicaragua,248.57,high,True,2019-12-28,2436,old
U04200,Instagram,Meta,Photo and video sharing,American Samoa,134.14,medium,True,2016-12-16,3543,old
U04201,Threads,Meta,Text-based social networking,Christmas Island,52.01,low,True,2018-01-30,3133,old
U04202,Instagram,Meta,Photo and video sharing,Djibouti,179.34,medium,True,2019-09-23,2532,old
U04203,YouTube,Google,Video sharing,Spain,199.48,high,False,2026-08-21,8,very_new
U04204,Facebook,Meta,Social networking,American Samoa,31.7,low,True,2017-05-12,3396,old
U04205,TikTok,ByteDance,Short-form videos,Mongolia,12.12,low,True,2026-08-23,6,very_new
U04206,WhatsApp,Meta,Messaging,Western Sahara,103.14,medium,True,2023-10-16,1048,old
U04207,LinkedIn,Microsoft,Professional networking,Botswana,20.4,low,True,2017-12-09,3185,old
U04208,Pinterest,Pinterest Inc.,Visual discovery and bookmarking,Madagascar,169.97,medium,False,2020-04-05,2337,old
U04209,Threads,Meta,Text-based social networking,Nepal,145.68,medium,True,2018-04-23,3050,old
U04210,Snapchat,Snap Inc.,Multimedia messaging,Kazakhstan,97.44,medium,False,2026-08-08,21,very_new
U04211,Instagram,Meta,Photo and video sharing,Korea,200.39,high,False,2023-02-28,1278,old
U04212,Instagram,Meta,Photo and video sharing,Afghanistan,148.53,medium,False,2018-10-19,2871,old
U04213,TikTok,ByteDance,Short-form videos,Dominica,157.0,medium,True,2023-06-30,1156,old
U04214,TikTok,ByteDance,Short-form videos,Samoa,35.15,low,True,2020-04-15,2327,old
U04215,WhatsApp,Meta,Messaging,Saint Barthelemy,51.66,low,False,2015-05-05,4134,old
U04216,YouTube,Google,Video sharing,Mayotte,86.06,medium,True,2016-01-22,3872,old
U04217,YouTube,Google,Video sharing,Germany,238.24,high,True,2024-10-20,678,established
U04218,WeChat,Tencent,Messaging and social media,Israel,33.18,low,True,2016-11-07,3582,old
U04219,Instagram,Meta,Photo and video sharing,United Kingdom,51.82,low,False,2016-04-06,3797,old
U04220,TikTok,ByteDance,Short-form videos,Slovenia,146.23,medium,False,2026-05-16,105,new
U04221,Snapchat,Snap Inc.,Multimedia messaging,Equatorial Guinea,175.95,medium,False,2019-12-08,2456,old
U04222,Reddit,Reddit Inc.,Discussion forums and communities,Korea,37.13,low,False,2022-06-22,1529,old
U04223,Pinterest,Pinterest Inc.,Visual discovery and bookmarking,Trinidad and Tobago,218.7,high,True,2021-12-04,1729,old
U04224,Snapchat,Snap Inc.,Multimedia messaging,Indonesia,75.21,medium,False,2026-08-23,6,very_new
U04225,Telegram,Telegram FZ LLC,Messaging,Aruba,164.08,medium,True,2025-04-03,513,established
U04226,WeChat,Tencent,Messaging and social media,Tonga,238.03,high,True,2021-02-22,2014,old
U04227,Telegram,Telegram FZ LLC,Messaging,Montserrat,216.67,high,True,2022-02-17,1654,old
U04228,YouTube,Google,Video sharing,Maldives,15.83,low,False,2026-05-09,112,new
U04229,Quora,Quora Inc.,Q&A knowledge sharing,Comoros,251.58,high,True,2017-04-14,3424,old
U04230,TikTok,ByteDance,Short-form videos,Costa Rica,158.3,medium,False,2016-08-19,3662,old
U04231,Pinterest,Pinterest Inc.,Visual discovery and bookmarking,Aruba,228.62,high,True,2023-11-12,1021,old
U04232,Reddit,Reddit Inc.,Discussion forums and communities,Gabon,113.92,medium,False,2019-01-05,2793,old
U04233,Threads,Meta,Text-based social networking,Vietnam,9.21,low,False,2025-01-23,583,established
U04234,YouTube,Google,Video sharing,Tanzania,226.29,high,True,2026-04-01,150,new
U04235,LinkedIn,Microsoft,Professional networking,Gambia,205.8,high,True,2021-05-11,1936,old
U04236,Instagram,Meta,Photo and video sharing,Egypt,20.22,low,True,2017-08-28,3288,old
U04237,Telegram,Telegram FZ LLC,Messaging,Afghanistan,53.4,low,True,2026-04-24,127,new
U04238,TikTok,ByteDance,Short-form videos,Angola,139.91,medium,False,2020-07-08,2243,old
U04239,X (formerly Twitter),X Corp.,Microblogging,Somalia,114.04,medium,True,2019-09-11,2544,old
U04240,Telegram,Telegram FZ LLC,Messaging,Nepal,71.22,medium,True,2026-03-04,178,new
U04241,Snapchat,Snap Inc.,Multimedia messaging,Barbados,51.59,low,False,2017-10-29,3226,old
U04242,Snapchat,Snap Inc.,Multimedia messaging,Costa Rica,283.58,high,False,2019-08-20,2566,old
U04243,WeChat,Tencent,Messaging and social media,South Africa,84.93,medium,True,2023-02-14,1292,old
U04244,Snapchat,Snap Inc.,Multimedia messaging,Georgia,97.55,medium,True,2021-05-22,1925,old
U04245,X (formerly Twitter),X Corp.,Microblogging,Libyan Arab Jamahiriya,6.42,low,False,2020-04-03,2339,old
U04246,Quora,Quora Inc.,Q&A knowledge sharing,Lithuania,240.08,high,False,2017-05-11,3397,old
U04247,TikTok,ByteDance,Short-form videos,Antigua and Barbuda,297.25,high,True,2018-10-18,2872,old
U04248,Facebook,Meta,Social networking,Korea,14.6,low,True,2026-08-04,25,very_new
U04249,Snapchat,Snap Inc.,Multimedia messaging,Cocos (Keeling) Islands,289.03,high,False,2019-08-01,2585,old
U04250,WeChat,Tencent,Messaging and social media,Cayman Islands,147.69,medium,False,2026-08-15,14,very_new
U04251,Facebook,Meta,Social networking,Heard Island and McDonald Islands,116.18,medium,True,2020-06-15,2266,old
U04252,WhatsApp,Meta,Messaging,Antarctica (the territory South of 60 deg S),217.09,high,True,2023-10-16,1048,old
U04253,Reddit,Reddit Inc.,Discussion forums and communities,Czech Republic,171.56,medium,False,2026-04-06,145,new
U04254,LinkedIn,Microsoft,Professional networking,Togo,254.85,high,True,2016-03-07,3827,old
U04255,Pinterest,Pinterest Inc.,Visual discovery and bookmarking,Thailand,51.4,low,False,2021-03-01,2007,old
U04256,LinkedIn,Microsoft,Professional networking,Germany,134.61,medium,True,2015-07-24,4054,old
U04257,LinkedIn,Microsoft,Professional networking,Hong Kong,239.2,high,True,2017-10-02,3253,old
U04258,Reddit,Reddit Inc.,Discussion forums and communities,Jordan,97.91,medium,False,2020-02-06,2396,old
U04259,Instagram,Meta,Photo and video sharing,Marshall Islands,34.64,low,False,2026-05-06,115,new
U04260,Threads,Meta,Text-based social networking,Suriname,63.46,medium,False,2016-02-15,3848,old
U04261,Quora,Quora Inc.,Q&A knowledge sharing,Burkina Faso,147.48,medium,True,2016-11-06,3583,old
U04262,LinkedIn,Microsoft,Professional networking,Moldova,95.92,medium,True,2015-05-17,4122,old
U04263,X (formerly Twitter),X Corp.,Microblogging,Falkland Islands (Malvinas),149.31,medium,False,2017-08-17,3299,old
U04264,Quora,Quora Inc.,Q&A knowledge sharing,South Africa,133.25,medium,True,2026-08-03,26,very_new
U04265,Telegram,Telegram FZ LLC,Messaging,Brunei Darussalam,186.79,high,False,2025-04-16,500,established
U04266,Facebook,Meta,Social networking,Kuwait,89.13,medium,True,2015-05-21,4118,old
U04267,WeChat,Tencent,Messaging and social media,Sierra Leone,103.6,medium,False,2026-08-17,12,very_new
U04268,Reddit,Reddit Inc.,Discussion forums and communities,French Guiana,257.76,high,False,2023-01-01,1336,old
U04269,TikTok,ByteDance,Short-form videos,Australia,253.2,high,False,2016-09-21,3629,old
U04270,Pinterest,Pinterest Inc.,Visual discovery and bookmarking,Georgia,123.67,medium,False,2026-08-09,20,very_new
U04271,WhatsApp,Meta,Messaging,South Africa,198.6,high,True,2019-02-14,2753,old
U04272,YouTube,Google,Video sharing,Guadeloupe,183.94,high,False,2015-09-04,4012,old
U04273,Threads,Meta,Text-based social networking,Uzbekistan,169.57,medium,False,2023-08-26,1099,old
U04274,Quora,Quora Inc.,Q&A knowledge sharing,Madagascar,18.46,low,True,2026-04-18,133,new
U04275,Quora,Quora Inc.,Q&A knowledge sharing,Gambia,36.38,low,True,2020-04-09,2333,old
U04276,Instagram,Meta,Photo and video sharing,Nauru,50.3,low,True,2021-09-16,1808,old
U04277,Pinterest,Pinterest Inc.,Visual discovery and bookmarking,Norway,121.61,medium,True,2023-07-28,1128,old
U04278,TikTok,ByteDance,Short-form videos,Portugal,214.0,high,False,2018-03-18,3086,old
U04279,Facebook,Meta,Social networking,Wallis and Futuna,89.93,medium,True,2017-05-28,3380,old
U04280,Pinterest,Pinterest Inc.,Visual discovery and bookmarking,Slovenia,90.93,medium,True,2019-01-21,2777,old
U04281,Telegram,Telegram FZ LLC,Messaging,Christmas Island,31.27,low,False,2015-05-16,4123,old
U04282,Telegram,Telegram FZ LLC,Messaging,Bouvet Island (Bouvetoya),155.96,medium,False,2016-10-27,3593,old
U04283,Facebook,Meta,Social networking,Burkina Faso,56.52,low,True,2018-03-17,3087,old
U04284,Instagram,Meta,Photo and video sharing,Estonia,226.83,high,False,2022-09-26,1433,old
U04285,Threads,Meta,Text-based social networking,Mauritania,107.25,medium,True,2019-04-30,2678,old
U04286,WeChat,Tencent,Messaging and social media,Colombia,264.93,high,False,2015-09-14,4002,old
U04287,Facebook,Meta,Social networking,Iran,93.97,medium,True,2018-08-04,2947,old
U04288,Threads,Meta,Text-based social networking,Solomon Islands,31.66,low,True,2015-10-30,3956,old
U04289,WeChat,Tencent,Messaging and social media,Congo,194.78,high,False,2016-08-19,3662,old
U04290,TikTok,ByteDance,Short-form videos,Pitcairn Islands,90.19,medium,True,2021-01-03,2064,old
U04291,Pinterest,Pinterest Inc.,Visual discovery and bookmarking,Croatia,65.81,medium,True,2015-06-18,4090,old
U04292,LinkedIn,Microsoft,Professional networking,Dominica,242.98,high,True,2026-08-02,27,very_new
U04293,Snapchat,Snap Inc.,Multimedia messaging,Saint Lucia,149.28,medium,False,2019-10-07,2518,old
U04294,Pinterest,Pinterest Inc.,Visual discovery and bookmarking,New Zealand,217.29,high,False,2026-08-18,11,very_new
U04295,YouTube,Google,Video sharing,Mayotte,55.68,low,True,2018-08-02,2949,old
U04296,Reddit,Reddit Inc.,Discussion forums and communities,Seychelles,202.26,high,False,2016-05-02,3771,old
U04297,Pinterest,Pinterest Inc.,Visual discovery and bookmarking,Malawi,151.99,medium,False,2022-02-03,1668,old
U04298,Facebook,Meta,Social networking,Kuwait,169.19,medium,True,2023-05-14,1203,old
U04299,Snapchat,Snap Inc.,Multimedia messaging,Seychelles,222.32,high,True,2024-11-26,641,established
U04300,WhatsApp,Meta,Messaging,Indonesia,255.16,high,True,2026-08-12,17,very_new
U04301,X (formerly Twitter),X Corp.,Microblogging,United States Minor Outlying Islands,151.52,medium,False,2015-08-01,4046,old
U04302,Pinterest,Pinterest Inc.,Visual discovery and bookmarking,Latvia,265.39,high,False,2017-08-01,3315,old
U04303,Snapchat,Snap Inc.,Multimedia messaging,Wallis and Futuna,172.33,medium,False,2024-10-12,686,established
U04304,Telegram,Telegram FZ LLC,Messaging,Morocco,132.16,medium,True,2021-06-20,1896,old
U04305,Pinterest,Pinterest Inc.,Visual discovery and bookmarking,Saint Martin,223.16,high,True,2026-07-29,31,new
U04306,YouTube,Google,Video sharing,Somalia,29.29,low,True,2017-10-28,3227,old
U04307,Quora,Quora Inc.,Q&A knowledge sharing,Paraguay,79.22,medium,True,2015-05-29,4110,old
U04308,Quora,Quora Inc.,Q&A knowledge sharing,Serbia,31.63,low,False,2020-10-17,2142,old
U04309,WeChat,Tencent,Messaging and social media,Saint Martin,14.4,low,False,2023-07-09,1147,old
U04310,WeChat,Tencent,Messaging and social media,Estonia,129.97,medium,False,2026-06-14,76,new
U04311,WhatsApp,Meta,Messaging,India,207.73,high,True,2020-06-18,2263,old
U04312,WeChat,Tencent,Messaging and social media,Saint Martin,116.27,medium,True,2024-03-17,895,old
U04313,Threads,Meta,Text-based social networking,Saint Pierre and Miquelon,112.4,medium,False,2015-06-06,4102,old
U04314,Snapchat,Snap Inc.,Multimedia messaging,Ethiopia,258.43,high,True,2022-06-17,1534,old
U04315,WhatsApp,Meta,Messaging,Samoa,33.48,low,False,2017-10-31,3224,old
U04316,YouTube,Google,Video sharing,Czech Republic,154.61,medium,False,2019-04-17,2691,old
U04317,WeChat,Tencent,Messaging and social media,China,104.1,medium,True,2018-02-17,3115,old
U04318,Reddit,Reddit Inc.,Discussion forums and communities,Martinique,174.59,medium,False,2022-04-15,1597,old
U04319,Threads,Meta,Text-based social networking,Samoa,124.88,medium,True,2018-10-13,2877,old
U04320,Facebook,Meta,Social networking,Qatar,121.69,medium,False,2021-06-04,1912,old
U04321,Threads,Meta,Text-based social networking,Nepal,199.29,high,False,2026-06-18,72,new
U04322,WeChat,Tencent,Messaging and social media,Mayotte,78.7,medium,False,2019-10-01,2524,old
U04323,LinkedIn,Microsoft,Professional networking,Maldives,75.6,medium,False,2021-05-30,1917,old
U04324,Quora,Quora Inc.,Q&A knowledge sharing,Algeria,98.69,medium,True,2022-07-11,1510,old
U04325,TikTok,ByteDance,Short-form videos,Hong Kong,265.06,high,False,2016-06-26,3716,old
U04326,X (formerly Twitter),X Corp.,Microblogging,Norway,66.05,medium,False,2021-01-14,2053,old
U04327,YouTube,Google,Video sharing,Trinidad and Tobago,114.87,medium,True,2016-08-12,3669,old
U04328,Reddit,Reddit Inc.,Discussion forums and communities,Lao People's Democratic Republic,110.7,medium,True,2016-09-01,3649,old
U04329,Instagram,Meta,Photo and video sharing,Turkmenistan,19.57,low,True,2020-08-01,2219,old
U04330,WeChat,Tencent,Messaging and social media,Finland,249.04,high,True,2026-08-11,18,very_new
U04331,Pinterest,Pinterest Inc.,Visual discovery and bookmarking,Algeria,292.98,high,False,2019-10-20,2505,old
U04332,Reddit,Reddit Inc.,Discussion forums and communities,Reunion,215.5,high,False,2021-05-17,1930,old
U04333,Quora,Quora Inc.,Q&A knowledge sharing,Macao,53.34,low,False,2021-01-08,2059,old
U04334,Snapchat,Snap Inc.,Multimedia messaging,Anguilla,110.76,medium,True,2020-02-25,2377,old
U04335,Threads,Meta,Text-based social networking,Palestinian Territory,296.76,high,True,2019-07-19,2598,old
U04336,WhatsApp,Meta,Messaging,Nigeria,77.77,medium,True,2023-09-06,1088,old
U04337,Quora,Quora Inc.,Q&A knowledge sharing,Norway,150.3,medium,True,2024-03-31,881,old
U04338,X (formerly Twitter),X Corp.,Microblogging,Lebanon,76.42,medium,False,2025-01-10,596,established
U04339,Reddit,Reddit Inc.,Discussion forums and communities,Puerto Rico,283.62,high,False,2018-10-10,2880,old
U04340,YouTube,Google,Video sharing,Denmark,200.91,high,False,2026-04-13,138,new
U04341,Threads,Meta,Text-based social networking,Reunion,178.88,medium,True,2017-03-14,3455,old
U04342,YouTube,Google,Video sharing,Cayman Islands,84.23,medium,True,2022-04-18,1594,old
U04343,Instagram,Meta,Photo and video sharing,Puerto Rico,269.38,high,True,2020-04-24,2318,old
U04344,Telegram,Telegram FZ LLC,Messaging,Kazakhstan,205.71,high,False,2022-08-20,1470,old
U04345,WhatsApp,Meta,Messaging,Jamaica,78.64,medium,True,2019-06-24,2623,old
U04346,Threads,Meta,Text-based social networking,Swaziland,107.8,medium,False,2022-06-16,1535,old
U04347,Facebook,Meta,Social networking,Italy,24.28,low,False,2023-10-15,1049,old
U04348,TikTok,ByteDance,Short-form videos,Ethiopia,111.35,medium,False,2019-10-30,2495,old
U04349,Reddit,Reddit Inc.,Discussion forums and communities,Singapore,108.18,medium,True,2023-03-16,1262,old
U04350,LinkedIn,Microsoft,Professional networking,Honduras,254.9,high,True,2015-11-15,3940,old
U04351,Instagram,Meta,Photo and video sharing,Syrian Arab Republic,266.44,high,False,2015-07-20,4058,old
U04352,Quora,Quora Inc.,Q&A knowledge sharing,Central African Republic,147.12,medium,True,2026-08-11,18,very_new
U04353,Instagram,Meta,Photo and video sharing,Samoa,49.23,low,False,2020-07-02,2249,old
U04354,X (formerly Twitter),X Corp.,Microblogging,Macao,56.27,low,False,2023-09-27,1067,old
U04355,Threads,Meta,Text-based social networking,Benin,201.79,high,False,2026-04-10,141,new
U04356,WeChat,Tencent,Messaging and social media,Morocco,86.06,medium,False,2026-08-05,24,very_new
U04357,X (formerly Twitter),X Corp.,Microblogging,Qatar,176.96,medium,True,2015-06-10,4098,old
U04358,WhatsApp,Meta,Messaging,Switzerland,155.67,medium,True,2017-10-19,3236,old
U04359,Reddit,Reddit Inc.,Discussion forums and communities,Mali,132.86,medium,True,2026-08-16,13,very_new
U04360,WeChat,Tencent,Messaging and social media,Ukraine,206.86,high,True,2022-06-28,1523,old
U04361,Reddit,Reddit Inc.,Discussion forums and communities,Poland,251.81,high,False,2021-02-10,2026,old
U04362,Quora,Quora Inc.,Q&A knowledge sharing,Afghanistan,228.33,high,True,2019-03-05,2734,old
U04363,Quora,Quora Inc.,Q&A knowledge sharing,Armenia,181.81,high,False,2022-02-02,1669,old
U04364,Facebook,Meta,Social networking,Bahrain,154.79,medium,False,2026-03-22,160,new
U04365,X (formerly Twitter),X Corp.,Microblogging,Greenland,117.38,medium,True,2015-09-21,3995,old
U04366,Reddit,Reddit Inc.,Discussion forums and communities,Heard Island and McDonald Islands,293.6,high,False,2018-02-18,3114,old
U04367,TikTok,ByteDance,Short-form videos,Singapore,274.5,high,False,2017-05-16,3392,old
U04368,Instagram,Meta,Photo and video sharing,Marshall Islands,59.32,low,False,2022-01-27,1675,old
U04369,WhatsApp,Meta,Messaging,Turkmenistan,164.71,medium,False,2019-08-08,2578,old
U04370,X (formerly Twitter),X Corp.,Microblogging,Kyrgyz Republic,114.12,medium,False,2018-08-17,2934,old
U04371,WeChat,Tencent,Messaging and social media,Portugal,251.35,high,True,2019-06-22,2625,old
U04372,WeChat,Tencent,Messaging and social media,Austria,280.6,high,False,2016-10-20,3600,old
U04373,X (formerly Twitter),X Corp.,Microblogging,Peru,64.83,medium,True,2021-05-24,1923,old
U04374,YouTube,Google,Video sharing,India,177.93,medium,True,2024-08-14,745,old
U04375,Snapchat,Snap Inc.,Multimedia messaging,Kuwait,203.21,high,True,2020-01-18,2415,old
U04376,YouTube,Google,Video sharing,Ecuador,186.56,high,True,2021-10-23,1771,old
U04377,Snapchat,Snap Inc.,Multimedia messaging,Faroe Islands,28.14,low,False,2019-04-25,2683,old
U04378,X (formerly Twitter),X Corp.,Microblogging,Lesotho,108.14,medium,True,2024-10-10,688,established
U04379,Quora,Quora Inc.,Q&A knowledge sharing,Brazil,32.16,low,False,2024-02-07,934,old
U04380,Quora,Quora Inc.,Q&A knowledge sharing,Netherlands Antilles,128.24,medium,False,2026-08-07,22,very_new
U04381,YouTube,Google,Video sharing,Saint Helena,93.01,medium,False,2023-04-07,1240,old
U04382,Telegram,Telegram FZ LLC,Messaging,Greenland,277.24,high,False,2018-03-05,3099,old
U04383,Telegram,Telegram FZ LLC,Messaging,Saudi Arabia,289.67,high,False,2022-12-14,1354,old
U04384,WeChat,Tencent,Messaging and social media,Afghanistan,114.56,medium,False,2023-09-05,1089,old
U04385,YouTube,Google,Video sharing,Turks and Caicos Islands,31.99,low,True,2020-06-09,2272,old
U04386,Snapchat,Snap Inc.,Multimedia messaging,Indonesia,71.99,medium,False,2024-10-23,675,established
U04387,Quora,Quora Inc.,Q&A knowledge sharing,Malta,83.18,medium,False,2022-07-31,1490,old
U04388,TikTok,ByteDance,Short-form videos,Yemen,223.07,high,True,2019-05-30,2648,old
U04389,Facebook,Meta,Social networking,Montserrat,232.1,high,True,2021-06-14,1902,old
U04390,X (formerly Twitter),X Corp.,Microblogging,Cuba,274.59,high,True,2018-08-14,2937,old
U04391,Quora,Quora Inc.,Q&A knowledge sharing,Guinea-Bissau,115.59,medium,True,2024-09-27,701,established
U04392,Quora,Quora Inc.,Q&A knowledge sharing,Mozambique,277.57,high,False,2019-02-28,2739,old
U04393,Threads,Meta,Text-based social networking,British Indian Ocean Territory (Chagos Archipelago),8.79,low,False,2015-06-20,4088,old
U04394,Facebook,Meta,Social networking,United Arab Emirates,13.94,low,True,2026-06-18,72,new
U04395,YouTube,Google,Video sharing,Tuvalu,126.77,medium,True,2024-06-28,792,old
U04396,Reddit,Reddit Inc.,Discussion forums and communities,Congo,138.06,medium,False,2016-07-25,3687,old
U04397,Reddit,Reddit Inc.,Discussion forums and communities,Isle of Man,217.77,high,False,2026-05-21,100,new
U04398,X (formerly Twitter),X Corp.,Microblogging,Libyan Arab Jamahiriya,78.86,medium,True,2022-09-29,1430,old
U04399,Quora,Quora Inc.,Q&A knowledge sharing,Hungary,276.71,high,False,2026-06-11,79,new
U04400,WhatsApp,Meta,Messaging,Marshall Islands,215.32,high,True,2020-08-09,2211,old
U04401,Reddit,Reddit Inc.,Discussion forums and communities,Belgium,106.0,medium,True,2017-01-03,3525,old
U04402,LinkedIn,Microsoft,Professional networking,Slovakia (Slovak Republic),243.42,high,True,2020-05-09,2303,old
U04403,Pinterest,Pinterest Inc.,Visual discovery and bookmarking,Puerto Rico,124.3,medium,True,2016-12-13,3546,old
U04404,Reddit,Reddit Inc.,Discussion forums and communities,Togo,108.98,medium,False,2023-09-11,1083,old
U04405,Instagram,Meta,Photo and video sharing,Nigeria,30.43,low,False,2018-11-04,2855,old
U04406,Quora,Quora Inc.,Q&A knowledge sharing,Mauritius,112.54,medium,False,2023-11-12,1021,old
U04407,Instagram,Meta,Photo and video sharing,Moldova,131.61,medium,False,2016-04-06,3797,old
U04408,Telegram,Telegram FZ LLC,Messaging,Brazil,276.01,high,True,2024-11-22,645,established
U04409,Facebook,Meta,Social networking,Palestinian Territory,178.4,medium,False,2016-01-10,3884,old
U04410,Telegram,Telegram FZ LLC,Messaging,Netherlands,172.58,medium,True,2021-05-23,1924,old
U04411,X (formerly Twitter),X Corp.,Microblogging,China,230.5,high,True,2026-05-01,120,new
U04412,WeChat,Tencent,Messaging and social media,Sierra Leone,220.81,high,True,2017-05-29,3379,old
U04413,Reddit,Reddit Inc.,Discussion forums and communities,Tunisia,190.48,high,True,2015-12-22,3903,old
U04414,X (formerly Twitter),X Corp.,Microblogging,Sao Tome and Principe,284.22,high,True,2015-07-07,4071,old
U04415,Pinterest,Pinterest Inc.,Visual discovery and bookmarking,Norway,96.03,medium,False,2021-10-05,1789,old
U04416,WhatsApp,Meta,Messaging,Pitcairn Islands,250.35,high,True,2020-10-06,2153,old
U04417,Quora,Quora Inc.,Q&A knowledge sharing,Brazil,9.52,low,False,2023-04-17,1230,old
U04418,Quora,Quora Inc.,Q&A knowledge sharing,Mauritius,245.19,high,True,2022-05-22,1560,old
U04419,X (formerly Twitter),X Corp.,Microblogging,Japan,132.09,medium,False,2018-05-16,3027,old
U04420,TikTok,ByteDance,Short-form videos,Saint Barthelemy,249.21,high,True,2022-06-01,1550,old
U04421,TikTok,ByteDance,Short-form videos,Ethiopia,117.96,medium,True,2021-06-28,1888,old
U04422,Snapchat,Snap Inc.,Multimedia messaging,Maldives,135.71,medium,True,2018-08-28,2923,old
U04423,LinkedIn,Microsoft,Professional networking,Dominica,269.93,high,True,2021-06-30,1886,old
U04424,X (formerly Twitter),X Corp.,Microblogging,United States Virgin Islands,236.39,high,True,2022-02-06,1665,old
U04425,Quora,Quora Inc.,Q&A knowledge sharing,Italy,120.93,medium,False,2018-04-28,3045,old
U04426,Instagram,Meta,Photo and video sharing,Micronesia,84.7,medium,False,2015-08-25,4022,old
U04427,Quora,Quora Inc.,Q&A knowledge sharing,Barbados,101.91,medium,True,2026-04-19,132,new
U04428,TikTok,ByteDance,Short-form videos,Russian Federation,77.98,medium,True,2016-08-10,3671,old
U04429,WeChat,Tencent,Messaging and social media,Djibouti,224.64,high,True,2015-07-30,4048,old
U04430,WeChat,Tencent,Messaging and social media,Philippines,58.45,low,True,2026-06-01,89,new
U04431,Facebook,Meta,Social networking,Poland,37.43,low,True,2026-08-26,3,very_new
U04432,Pinterest,Pinterest Inc.,Visual discovery and bookmarking,Central African Republic,130.37,medium,False,2017-11-15,3209,old
U04433,Pinterest,Pinterest Inc.,Visual discovery and bookmarking,French Southern Territories,178.28,medium,True,2019-04-27,2681,old
U04434,TikTok,ByteDance,Short-form videos,Paraguay,142.88,medium,False,2016-09-23,3627,old
U04435,WhatsApp,Meta,Messaging,Zimbabwe,220.73,high,True,2018-09-16,2904,old
U04436,YouTube,Google,Video sharing,Mexico,265.62,high,True,2024-03-09,903,old
U04437,Instagram,Meta,Photo and video sharing,Sudan,11.6,low,False,2020-03-24,2349,old
U04438,Reddit,Reddit Inc.,Discussion forums and communities,Western Sahara,10.07,low,False,2022-12-02,1366,old
U04439,Telegram,Telegram FZ LLC,Messaging,Bahrain,26.38,low,True,2022-11-30,1368,old
U04440,X (formerly Twitter),X Corp.,Microblogging,Heard Island and McDonald Islands,159.3,medium,True,2017-10-09,3246,old
U04441,Instagram,Meta,Photo and video sharing,United States Minor Outlying Islands,122.76,medium,True,2015-12-18,3907,old
U04442,WhatsApp,Meta,Messaging,Mayotte,182.99,high,True,2019-11-10,2484,old
U04443,Threads,Meta,Text-based social networking,Vanuatu,288.99,high,False,2026-08-05,24,very_new
U04444,Telegram,Telegram FZ LLC,Messaging,Turkey,111.17,medium,True,2019-06-13,2634,old
U04445,Threads,Meta,Text-based social networking,Singapore,172.85,medium,True,2024-06-03,817,old
U04446,Pinterest,Pinterest Inc.,Visual discovery and bookmarking,Bahamas,146.13,medium,False,2019-01-08,2790,old
U04447,LinkedIn,Microsoft,Professional networking,Grenada,60.45,medium,False,2016-10-13,3607,old
U04448,Instagram,Meta,Photo and video sharing,Bosnia and Herzegovina,94.02,medium,True,2020-06-16,2265,old
U04449,LinkedIn,Microsoft,Professional networking,Solomon Islands,124.55,medium,True,2024-10-17,681,established
U04450,Reddit,Reddit Inc.,Discussion forums and communities,Guadeloupe,22.33,low,False,2016-03-07,3827,old
U04451,LinkedIn,Microsoft,Professional networking,Russian Federation,71.55,medium,True,2022-06-11,1540,old
U04452,Pinterest,Pinterest Inc.,Visual discovery and bookmarking,Brazil,268.61,high,True,2024-09-03,725,established
U04453,Threads,Meta,Text-based social networking,United Arab Emirates,262.37,high,False,2018-11-30,2829,old
U04454,X (formerly Twitter),X Corp.,Microblogging,Argentina,125.31,medium,False,2022-08-20,1470,old
U04455,Reddit,Reddit Inc.,Discussion forums and communities,Martinique,87.82,medium,False,2023-06-02,1184,old
U04456,WhatsApp,Meta,Messaging,Christmas Island,40.27,low,False,2025-02-28,547,established
U04457,Threads,Meta,Text-based social networking,Guinea,159.46,medium,False,2022-04-14,1598,old
U04458,X (formerly Twitter),X Corp.,Microblogging,Tanzania,263.64,high,False,2024-06-03,817,old
U04459,Threads,Meta,Text-based social networking,Marshall Islands,118.56,medium,True,2019-05-04,2674,old
U04460,Reddit,Reddit Inc.,Discussion forums and communities,Bahrain,34.98,low,False,2019-09-29,2526,old
U04461,X (formerly Twitter),X Corp.,Microblogging,Hungary,147.85,medium,False,2026-06-21,69,new
U04462,Reddit,Reddit Inc.,Discussion forums and communities,Venezuela,284.99,high,False,2018-08-19,2932,old
U04463,X (formerly Twitter),X Corp.,Microblogging,Austria,73.3,medium,False,2016-10-21,3599,old
U04464,Quora,Quora Inc.,Q&A knowledge sharing,Croatia,171.03,medium,False,2019-11-25,2469,old
U04465,Quora,Quora Inc.,Q&A knowledge sharing,Equatorial Guinea,139.55,medium,True,2021-12-24,1709,old
U04466,LinkedIn,Microsoft,Professional networking,Zambia,97.49,medium,False,2017-03-23,3446,old
U04467,WeChat,Tencent,Messaging and social media,Saint Kitts and Nevis,109.86,medium,True,2024-08-23,736,old
U04468,YouTube,Google,Video sharing,Kenya,16.54,low,False,2018-01-15,3148,old
U04469,Pinterest,Pinterest Inc.,Visual discovery and bookmarking,United Arab Emirates,8.47,low,False,2026-08-18,11,very_new
U04470,LinkedIn,Microsoft,Professional networking,Niger,263.85,high,False,2026-03-16,166,new
U04471,LinkedIn,Microsoft,Professional networking,Cook Islands,84.71,medium,True,2019-05-13,2665,old
U04472,Telegram,Telegram FZ LLC,Messaging,Peru,130.92,medium,True,2026-03-14,168,new
U04473,Snapchat,Snap Inc.,Multimedia messaging,Jamaica,206.02,high,True,2016-10-03,3617,old
U04474,Quora,Quora Inc.,Q&A knowledge sharing,Panama,16.57,low,True,2019-12-01,2463,old
U04475,WeChat,Tencent,Messaging and social media,Angola,247.67,high,False,2016-04-11,3792,old
U04476,Threads,Meta,Text-based social networking,Seychelles,179.95,medium,True,2023-03-11,1267,old
U04477,Instagram,Meta,Photo and video sharing,Jamaica,57.18,low,True,2020-12-30,2068,old
U04478,WhatsApp,Meta,Messaging,Eritrea,201.8,high,False,2017-09-07,3278,old
U04479,YouTube,Google,Video sharing,Syrian Arab Republic,33.32,low,False,2023-09-24,1070,old
U04480,YouTube,Google,Video sharing,Gambia,57.37,low,True,2019-04-16,2692,old
U04481,LinkedIn,Microsoft,Professional networking,Mongolia,189.47,high,True,2019-04-12,2696,old
U04482,Threads,Meta,Text-based social networking,Sierra Leone,257.16,high,True,2021-07-17,1869,old
U04483,WhatsApp,Meta,Messaging,Pitcairn Islands,212.9,high,True,2020-05-02,2310,old
U04484,WhatsApp,Meta,Messaging,Isle of Man,26.49,low,True,2024-10-26,672,established
U04485,LinkedIn,Microsoft,Professional networking,United States Minor Outlying Islands,187.17,high,True,2022-04-26,1586,old
U04486,Instagram,Meta,Photo and video sharing,Turks and Caicos Islands,93.56,medium,False,2025-02-01,574,established
U04487,Reddit,Reddit Inc.,Discussion forums and communities,Poland,296.38,high,False,2026-08-07,22,very_new
U04488,Threads,Meta,Text-based social networking,Bangladesh,96.03,medium,True,2026-03-25,157,new
U04489,YouTube,Google,Video sharing,British Indian Ocean Territory (Chagos Archipelago),213.82,high,False,2025-03-15,532,established
U04490,Pinterest,Pinterest Inc.,Visual discovery and bookmarking,Finland,290.3,high,True,2020-09-18,2171,old
U04491,Threads,Meta,Text-based social networking,Senegal,14.54,low,True,2024-01-29,943,old
U04492,TikTok,ByteDance,Short-form videos,Seychelles,109.53,medium,True,2022-07-22,1499,old
U04493,Reddit,Reddit Inc.,Discussion forums and communities,Cameroon,77.99,medium,True,2023-09-10,1084,old
U04494,X (formerly Twitter),X Corp.,Microblogging,Greenland,190.2,high,False,2018-04-19,3054,old
U04495,Telegram,Telegram FZ LLC,Messaging,Afghanistan,144.69,medium,True,2022-12-22,1346,old
U04496,Reddit,Reddit Inc.,Discussion forums and communities,Mali,193.51,high,True,2020-06-30,2251,old
U04497,Instagram,Meta,Photo and video sharing,Trinidad and Tobago,12.37,low,False,2018-11-15,2844,old
U04498,YouTube,Google,Video sharing,Netherlands,140.29,medium,False,2019-08-22,2564,old
U04499,Telegram,Telegram FZ LLC,Messaging,Reunion,170.67,medium,True,2026-07-31,29,very_new
U04500,Pinterest,Pinterest Inc.,Visual discovery and bookmarking,Mauritius,204.97,high,False,2015-07-12,4066,old
U04501,Pinterest,Pinterest Inc.,Visual discovery and bookmarking,Kyrgyz Republic,162.2,medium,False,2016-02-07,3856,old
U04502,Facebook,Meta,Social networking,India,279.1,high,True,2024-10-11,687,established
U04503,Facebook,Meta,Social networking,Western Sahara,100.16,medium,False,2025-02-14,561,established
U04504,Pinterest,Pinterest Inc.,Visual discovery and bookmarking,Paraguay,96.3,medium,True,2020-09-14,2175,old
U04505,Threads,Meta,Text-based social networking,Korea,176.85,medium,True,2017-06-28,3349,old
U04506,TikTok,ByteDance,Short-form videos,Slovenia,91.93,medium,True,2018-05-29,3014,old
U04507,TikTok,ByteDance,Short-form videos,Venezuela,204.96,high,True,2026-08-08,21,very_new
U04508,Snapchat,Snap Inc.,Multimedia messaging,Guernsey,42.1,low,False,2019-08-20,2566,old
U04509,Telegram,Telegram FZ LLC,Messaging,Tokelau,148.35,medium,True,2017-10-25,3230,old
U04510,LinkedIn,Microsoft,Professional networking,Syrian Arab Republic,11.29,low,True,2021-07-29,1857,old
U04511,YouTube,Google,Video sharing,Turks and Caicos Islands,266.82,high,False,2026-05-27,94,new
U04512,LinkedIn,Microsoft,Professional networking,French Southern Territories,221.73,high,True,2020-02-24,2378,old
U04513,WhatsApp,Meta,Messaging,United States Minor Outlying Islands,252.12,high,True,2026-05-03,118,new
U04514,Threads,Meta,Text-based social networking,Tajikistan,297.64,high,True,2018-08-16,2935,old
U04515,LinkedIn,Microsoft,Professional networking,Antarctica (the territory South of 60 deg S),250.22,high,True,2019-04-15,2693,old
U04516,Quora,Quora Inc.,Q&A knowledge sharing,Faroe Islands,296.26,high,False,2021-12-06,1727,old
U04517,X (formerly Twitter),X Corp.,Microblogging,Togo,53.65,low,True,2023-12-22,981,old
U04518,LinkedIn,Microsoft,Professional networking,Lao People's Democratic Republic,299.26,high,False,2018-11-09,2850,old
U04519,Threads,Meta,Text-based social networking,Guatemala,103.68,medium,False,2024-07-24,766,old
U04520,WeChat,Tencent,Messaging and social media,Luxembourg,204.57,high,False,2022-01-30,1672,old
U04521,Quora,Quora Inc.,Q&A knowledge sharing,Cyprus,110.72,medium,True,2015-09-11,4005,old
U04522,Quora,Quora Inc.,Q&A knowledge sharing,Norfolk Island,267.48,high,True,2018-01-16,3147,old
U04523,WhatsApp,Meta,Messaging,United States of America,191.21,high,False,2023-06-27,1159,old
U04524,WeChat,Tencent,Messaging and social media,Hungary,253.53,high,False,2023-06-08,1178,old
U04525,Facebook,Meta,Social networking,United Kingdom,269.0,high,False,2018-05-12,3031,old
U04526,Reddit,Reddit Inc.,Discussion forums and communities,Lao People's Democratic Republic,121.0,medium,True,2016-04-11,3792,old
U04527,Pinterest,Pinterest Inc.,Visual discovery and bookmarking,Angola,110.93,medium,False,2015-06-22,4086,old
U04528,Quora,Quora Inc.,Q&A knowledge sharing,Antarctica (the territory South of 60 deg S),63.32,medium,False,2018-03-27,3077,old
U04529,TikTok,ByteDance,Short-form videos,French Southern Territories,125.85,medium,True,2020-10-21,2138,old
U04530,Snapchat,Snap Inc.,Multimedia messaging,Japan,129.23,medium,True,2023-08-11,1114,old
U04531,WeChat,Tencent,Messaging and social media,Hungary,284.57,high,True,2020-05-14,2298,old
U04532,Quora,Quora Inc.,Q&A knowledge sharing,Samoa,264.83,high,False,2019-10-14,2511,old
U04533,WeChat,Tencent,Messaging and social media,Turks and Caicos Islands,109.7,medium,True,2026-05-09,112,new
U04534,Instagram,Meta,Photo and video sharing,Zimbabwe,169.3,medium,True,2019-12-18,2446,old
U04535,Snapchat,Snap Inc.,Multimedia messaging,Andorra,290.37,high,False,2021-10-19,1775,old
U04536,TikTok,ByteDance,Short-form videos,Mozambique,28.53,low,False,2024-02-01,940,old
U04537,Pinterest,Pinterest Inc.,Visual discovery and bookmarking,Montserrat,110.34,medium,False,2022-03-04,1639,old
U04538,WhatsApp,Meta,Messaging,Bosnia and Herzegovina,22.25,low,True,2026-05-21,100,new
U04539,Telegram,Telegram FZ LLC,Messaging,Turkmenistan,157.98,medium,False,2017-10-23,3232,old
U04540,WhatsApp,Meta,Messaging,Bosnia and Herzegovina,255.57,high,True,2015-11-10,3945,old
U04541,YouTube,Google,Video sharing,Solomon Islands,51.77,low,False,2023-10-01,1063,old
U04542,Snapchat,Snap Inc.,Multimedia messaging,Cape Verde,255.71,high,True,2025-02-22,553,established
U04543,X (formerly Twitter),X Corp.,Microblogging,Finland,46.63,low,False,2018-10-12,2878,old
U04544,Instagram,Meta,Photo and video sharing,Tajikistan,286.16,high,True,2026-06-10,80,new
U04545,Reddit,Reddit Inc.,Discussion forums and communities,Ukraine,191.11,high,True,2016-09-01,3649,old
U04546,Reddit,Reddit Inc.,Discussion forums and communities,Benin,160.57,medium,True,2020-06-22,2259,old
U04547,LinkedIn,Microsoft,Professional networking,Slovenia,42.04,low,False,2025-03-20,527,established
U04548,Snapchat,Snap Inc.,Multimedia messaging,Paraguay,207.93,high,True,2024-09-21,707,established
U04549,Snapchat,Snap Inc.,Multimedia messaging,Sao Tome and Principe,177.02,medium,True,2021-12-18,1715,old
U04550,X (formerly Twitter),X Corp.,Microblogging,El Salvador,149.66,medium,True,2026-08-14,15,very_new
U04551,TikTok,ByteDance,Short-form videos,Indonesia,133.35,medium,True,2026-06-28,62,new
U04552,WhatsApp,Meta,Messaging,Sweden,204.47,high,False,2026-03-16,166,new
U04553,WeChat,Tencent,Messaging and social media,Nepal,193.37,high,True,2022-08-07,1483,old
U04554,WhatsApp,Meta,Messaging,Sao Tome and Principe,69.46,medium,True,2020-05-23,2289,old
U04555,Threads,Meta,Text-based social networking,Switzerland,217.71,high,True,2016-06-14,3728,old
U04556,TikTok,ByteDance,Short-form videos,Algeria,212.28,high,False,2022-08-29,1461,old
U04557,Quora,Quora Inc.,Q&A knowledge sharing,Belgium,263.79,high,False,2026-07-20,40,new
U04558,Telegram,Telegram FZ LLC,Messaging,Reunion,249.85,high,False,2016-10-04,3616,old
U04559,Reddit,Reddit Inc.,Discussion forums and communities,Burkina Faso,220.08,high,False,2020-11-05,2123,old
U04560,WeChat,Tencent,Messaging and social media,Myanmar,218.99,high,True,2017-03-07,3462,old
U04561,Threads,Meta,Text-based social networking,Algeria,11.68,low,False,2026-08-14,15,very_new
U04562,Quora,Quora Inc.,Q&A knowledge sharing,Bhutan,218.87,high,False,2024-01-19,953,old
U04563,WeChat,Tencent,Messaging and social media,Brazil,236.45,high,True,2025-02-23,552,established
U04564,X (formerly Twitter),X Corp.,Microblogging,Armenia,22.73,low,True,2021-12-06,1727,old
U04565,Quora,Quora Inc.,Q&A knowledge sharing,Azerbaijan,46.58,low,True,2017-08-19,3297,old
U04566,X (formerly Twitter),X Corp.,Microblogging,Sierra Leone,201.23,high,False,2015-08-30,4017,old
U04567,Telegram,Telegram FZ LLC,Messaging,Jamaica,29.99,low,True,2021-12-02,1731,old
U04568,LinkedIn,Microsoft,Professional networking,Timor-Leste,39.1,low,False,2015-11-26,3929,old
U04569,Instagram,Meta,Photo and video sharing,Pakistan,245.1,high,True,2019-10-25,2500,old
U04570,Snapchat,Snap Inc.,Multimedia messaging,Bermuda,44.19,low,True,2015-12-27,3898,old
U04571,Telegram,Telegram FZ LLC,Messaging,Faroe Islands,95.07,medium,False,2022-08-06,1484,old
U04572,WeChat,Tencent,Messaging and social media,Netherlands Antilles,151.67,medium,False,2020-01-02,2431,old
U04573,Reddit,Reddit Inc.,Discussion forums and communities,Martinique,7.15,low,True,2021-07-20,1866,old
U04574,WhatsApp,Meta,Messaging,Kiribati,176.81,medium,False,2025-01-26,580,established
U04575,Quora,Quora Inc.,Q&A knowledge sharing,United States Minor Outlying Islands,105.65,medium,True,2019-11-08,2486,old
U04576,WeChat,Tencent,Messaging and social media,South Africa,211.62,high,True,2020-01-02,2431,old
U04577,WhatsApp,Meta,Messaging,Burkina Faso,243.03,high,True,2022-04-28,1584,old
U04578,Facebook,Meta,Social networking,Norfolk Island,293.19,high,False,2015-10-20,3966,old
U04579,Snapchat,Snap Inc.,Multimedia messaging,Cameroon,288.67,high,False,2019-09-11,2544,old
U04580,Quora,Quora Inc.,Q&A knowledge sharing,Kenya,110.45,medium,True,2015-08-07,4040,old
U04581,Pinterest,Pinterest Inc.,Visual discovery and bookmarking,Swaziland,72.5,medium,False,2021-12-07,1726,old
U04582,YouTube,Google,Video sharing,Saint Pierre and Miquelon,272.08,high,False,2017-05-05,3403,old
U04583,Threads,Meta,Text-based social networking,Saint Lucia,115.15,medium,True,2026-04-02,149,new
U04584,Snapchat,Snap Inc.,Multimedia messaging,France,6.16,low,True,2026-03-24,158,new
U04585,Facebook,Meta,Social networking,Sweden,209.01,high,False,2026-06-08,82,new
U04586,YouTube,Google,Video sharing,New Zealand,8.21,low,True,2017-08-03,3313,old
U04587,YouTube,Google,Video sharing,New Caledonia,125.09,medium,True,2017-05-02,3406,old
U04588,YouTube,Google,Video sharing,Solomon Islands,128.84,medium,True,2019-10-20,2505,old
U04589,Reddit,Reddit Inc.,Discussion forums and communities,Angola,96.93,medium,False,2018-11-22,2837,old
U04590,TikTok,ByteDance,Short-form videos,Reunion,153.92,medium,False,2015-08-28,4019,old
U04591,WeChat,Tencent,Messaging and social media,Mali,180.33,high,False,2022-08-25,1465,old
U04592,Facebook,Meta,Social networking,Montenegro,279.81,high,True,2018-05-13,3030,old
U04593,Telegram,Telegram FZ LLC,Messaging,Benin,72.9,medium,False,2021-11-18,1745,old
U04594,WeChat,Tencent,Messaging and social media,Slovakia (Slovak Republic),235.47,high,False,2022-11-13,1385,old
U04595,LinkedIn,Microsoft,Professional networking,Barbados,60.85,medium,True,2026-04-29,122,new
U04596,Instagram,Meta,Photo and video sharing,Moldova,293.39,high,False,2026-03-10,172,new
U04597,Facebook,Meta,Social networking,Kazakhstan,215.59,high,False,2016-12-29,3530,old
U04598,Snapchat,Snap Inc.,Multimedia messaging,Israel,121.51,medium,False,2019-05-07,2671,old
U04599,TikTok,ByteDance,Short-form videos,Bosnia and Herzegovina,281.6,high,True,2015-12-08,3917,old
U04600,LinkedIn,Microsoft,Professional networking,Liberia,139.55,medium,False,2015-05-31,4108,old
U04601,WhatsApp,Meta,Messaging,Greece,170.57,medium,True,2023-11-14,1019,old
U04602,WhatsApp,Meta,Messaging,Tuvalu,68.53,medium,True,2025-04-14,502,established
U04603,TikTok,ByteDance,Short-form videos,Madagascar,144.18,medium,True,2017-02-25,3472,old
U04604,Threads,Meta,Text-based social networking,Montserrat,58.23,low,True,2024-01-08,964,old
U04605,Telegram,Telegram FZ LLC,Messaging,Cyprus,173.12,medium,False,2017-03-24,3445,old
U04606,X (formerly Twitter),X Corp.,Microblogging,Cuba,179.41,medium,False,2018-12-10,2819,old
U04607,X (formerly Twitter),X Corp.,Microblogging,Venezuela,281.89,high,False,2022-05-09,1573,old
U04608,Instagram,Meta,Photo and video sharing,Gambia,235.63,high,False,2017-08-08,3308,old
U04609,YouTube,Google,Video sharing,New Zealand,111.19,medium,False,2018-07-02,2980,old
U04610,TikTok,ByteDance,Short-form videos,Bhutan,288.2,high,True,2023-07-14,1142,old
U04611,WeChat,Tencent,Messaging and social media,Cook Islands,41.79,low,True,2021-05-12,1935,old
U04612,Quora,Quora Inc.,Q&A knowledge sharing,Slovakia (Slovak Republic),76.29,medium,False,2015-09-18,3998,old
U04613,Facebook,Meta,Social networking,Liechtenstein,155.91,medium,True,2026-08-22,7,very_new
U04614,YouTube,Google,Video sharing,Wallis and Futuna,207.71,high,True,2016-03-12,3822,old
U04615,Threads,Meta,Text-based social networking,Madagascar,129.81,medium,True,2025-04-16,500,established
U04616,YouTube,Google,Video sharing,Monaco,165.34,medium,False,2026-04-09,142,new
U04617,WeChat,Tencent,Messaging and social media,American Samoa,221.44,high,False,2017-09-21,3264,old
U04618,Pinterest,Pinterest Inc.,Visual discovery and bookmarking,Fiji,280.74,high,False,2026-04-29,122,new
U04619,TikTok,ByteDance,Short-form videos,Togo,14.82,low,True,2019-10-12,2513,old
U04620,X (formerly Twitter),X Corp.,Microblogging,Niue,144.8,medium,False,2019-01-11,2787,old
U04621,Pinterest,Pinterest Inc.,Visual discovery and bookmarking,Saint Barthelemy,163.39,medium,True,2023-06-14,1172,old
U04622,Reddit,Reddit Inc.,Discussion forums and communities,Algeria,258.4,high,True,2026-05-11,110,new
U04623,Reddit,Reddit Inc.,Discussion forums and communities,Niger,112.05,medium,False,2020-10-26,2133,old
U04624,Instagram,Meta,Photo and video sharing,Brazil,194.87,high,True,2026-03-31,151,new
U04625,Pinterest,Pinterest Inc.,Visual discovery and bookmarking,Greece,72.04,medium,False,2020-10-10,2149,old
U04626,Pinterest,Pinterest Inc.,Visual discovery and bookmarking,Zimbabwe,254.74,high,True,2019-04-19,2689,old
U04627,Quora,Quora Inc.,Q&A knowledge sharing,Fiji,8.44,low,True,2022-05-10,1572,old
U04628,Pinterest,Pinterest Inc.,Visual discovery and bookmarking,Georgia,280.58,high,True,2016-10-28,3592,old
U04629,WhatsApp,Meta,Messaging,Marshall Islands,265.04,high,True,2020-10-16,2143,old
U04630,Pinterest,Pinterest Inc.,Visual discovery and bookmarking,Peru,244.87,high,True,2017-11-01,3223,old
U04631,Snapchat,Snap Inc.,Multimedia messaging,Brunei Darussalam,186.58,high,False,2018-12-03,2826,old
U04632,Facebook,Meta,Social networking,China,221.48,high,False,2019-02-18,2749,old
U04633,TikTok,ByteDance,Short-form videos,South Georgia and the South Sandwich Islands,258.13,high,True,2020-08-29,2191,old
U04634,X (formerly Twitter),X Corp.,Microblogging,Haiti,98.46,medium,True,2016-01-15,3879,old
U04635,YouTube,Google,Video sharing,Solomon Islands,53.5,low,False,2026-08-12,17,very_new
U04636,TikTok,ByteDance,Short-form videos,Turks and Caicos Islands,258.04,high,True,2017-11-24,3200,old
U04637,Pinterest,Pinterest Inc.,Visual discovery and bookmarking,Korea,174.36,medium,True,2015-07-11,4067,old
U04638,Threads,Meta,Text-based social networking,Barbados,206.74,high,False,2017-12-23,3171,old
U04639,Telegram,Telegram FZ LLC,Messaging,Russian Federation,184.07,high,False,2026-05-23,98,new
U04640,Facebook,Meta,Social networking,Seychelles,80.09,medium,False,2019-06-27,2620,old
U04641,Pinterest,Pinterest Inc.,Visual discovery and bookmarking,Belgium,281.83,high,True,2022-08-01,1489,old
U04642,Threads,Meta,Text-based social networking,Czech Republic,113.47,medium,False,2024-06-15,805,old
U04643,X (formerly Twitter),X Corp.,Microblogging,Hong Kong,194.27,high,False,2026-04-01,150,new
U04644,WhatsApp,Meta,Messaging,United Arab Emirates,184.74,high,False,2023-05-15,1202,old
U04645,X (formerly Twitter),X Corp.,Microblogging,Albania,52.99,low,True,2019-05-09,2669,old
U04646,WeChat,Tencent,Messaging and social media,Cambodia,292.8,high,True,2023-11-24,1009,old
U04647,Facebook,Meta,Social networking,Suriname,162.92,medium,False,2016-06-03,3739,old
U04648,X (formerly Twitter),X Corp.,Microblogging,Gibraltar,66.16,medium,True,2015-05-10,4129,old
U04649,Instagram,Meta,Photo and video sharing,Peru,53.73,low,False,2020-12-13,2085,old
U04650,WhatsApp,Meta,Messaging,Zimbabwe,70.23,medium,False,2022-07-13,1508,old
U04651,Snapchat,Snap Inc.,Multimedia messaging,Ethiopia,207.74,high,False,2018-06-24,2988,old
U04652,Snapchat,Snap Inc.,Multimedia messaging,Botswana,286.56,high,True,2017-09-16,3269,old
U04653,Threads,Meta,Text-based social networking,Luxembourg,106.65,medium,True,2026-08-01,28,very_new
U04654,YouTube,Google,Video sharing,Sri Lanka,8.66,low,True,2026-07-28,32,new
U04655,Reddit,Reddit Inc.,Discussion forums and communities,Greenland,129.46,medium,False,2022-11-24,1374,old
U04656,Instagram,Meta,Photo and video sharing,Botswana,105.87,medium,True,2025-01-07,599,established
U04657,YouTube,Google,Video sharing,Sierra Leone,82.81,medium,False,2021-01-14,2053,old
U04658,Instagram,Meta,Photo and video sharing,Dominica,53.18,low,True,2020-03-09,2364,old
U04659,Telegram,Telegram FZ LLC,Messaging,Niger,28.81,low,False,2020-05-22,2290,old
U04660,Telegram,Telegram FZ LLC,Messaging,Sierra Leone,126.03,medium,False,2019-09-28,2527,old
U04661,X (formerly Twitter),X Corp.,Microblogging,British Virgin Islands,118.16,medium,True,2026-06-27,63,new
U04662,X (formerly Twitter),X Corp.,Microblogging,Libyan Arab Jamahiriya,54.88,low,False,2021-06-07,1909,old
U04663,YouTube,Google,Video sharing,Moldova,295.22,high,False,2016-03-17,3817,old
U04664,Facebook,Meta,Social networking,Malta,245.02,high,True,2022-05-12,1570,old
U04665,Instagram,Meta,Photo and video sharing,Kyrgyz Republic,225.26,high,True,2017-08-29,3287,old
U04666,Telegram,Telegram FZ LLC,Messaging,Qatar,56.62,low,False,2018-05-11,3032,old
U04667,Quora,Quora Inc.,Q&A knowledge sharing,Qatar,171.7,medium,False,2024-06-26,794,old
U04668,YouTube,Google,Video sharing,Botswana,158.68,medium,False,2022-06-19,1532,old
U04669,Threads,Meta,Text-based social networking,Solomon Islands,204.8,high,True,2023-11-11,1022,old
U04670,Facebook,Meta,Social networking,Cambodia,55.88,low,True,2025-04-17,499,established
U04671,WhatsApp,Meta,Messaging,Moldova,53.14,low,True,2021-12-31,1702,old
U04672,Threads,Meta,Text-based social networking,Moldova,179.17,medium,False,2020-04-27,2315,old
U04673,Facebook,Meta,Social networking,Tonga,146.61,medium,True,2019-09-06,2549,old
U04674,WeChat,Tencent,Messaging and social media,Jersey,97.43,medium,True,2022-10-10,1419,old
U04675,Facebook,Meta,Social networking,Comoros,288.63,high,True,2020-08-03,2217,old
U04676,Instagram,Meta,Photo and video sharing,Mali,218.69,high,True,2017-03-30,3439,old
U04677,Quora,Quora Inc.,Q&A knowledge sharing,France,135.02,medium,False,2021-07-16,1870,old
U04678,Telegram,Telegram FZ LLC,Messaging,Cuba,139.66,medium,True,2019-06-18,2629,old
U04679,YouTube,Google,Video sharing,Saint Pierre and Miquelon,55.18,low,True,2026-08-23,6,very_new
U04680,Pinterest,Pinterest Inc.,Visual discovery and bookmarking,Germany,210.18,high,True,2017-10-11,3244,old
U04681,TikTok,ByteDance,Short-form videos,Guinea-Bissau,257.22,high,False,2017-04-09,3429,old
U04682,Telegram,Telegram FZ LLC,Messaging,French Polynesia,242.72,high,False,2017-05-06,3402,old
U04683,X (formerly Twitter),X Corp.,Microblogging,Korea,50.07,low,True,2017-06-23,3354,old
U04684,Threads,Meta,Text-based social networking,Singapore,254.9,high,True,2020-08-31,2189,old
U04685,Snapchat,Snap Inc.,Multimedia messaging,Colombia,262.13,high,True,2026-06-28,62,new
U04686,Snapchat,Snap Inc.,Multimedia messaging,El Salvador,197.81,high,False,2026-04-19,132,new
U04687,LinkedIn,Microsoft,Professional networking,Pitcairn Islands,292.54,high,True,2026-05-27,94,new
U04688,YouTube,Google,Video sharing,Georgia,267.25,high,True,2015-09-12,4004,old
U04689,Telegram,Telegram FZ LLC,Messaging,Micronesia,121.95,medium,False,2026-07-27,33,new
U04690,WhatsApp,Meta,Messaging,Tonga,123.7,medium,True,2020-03-24,2349,old
U04691,Instagram,Meta,Photo and video sharing,Equatorial Guinea,216.26,high,False,2025-01-07,599,established
U04692,Instagram,Meta,Photo and video sharing,Venezuela,233.45,high,True,2019-11-21,2473,old
U04693,Snapchat,Snap Inc.,Multimedia messaging,Isle of Man,74.82,medium,False,2015-05-22,4117,old
U04694,Threads,Meta,Text-based social networking,Taiwan,183.87,high,True,2026-08-03,26,very_new
U04695,Reddit,Reddit Inc.,Discussion forums and communities,Austria,39.53,low,True,2017-11-26,3198,old
U04696,Facebook,Meta,Social networking,Bahrain,118.64,medium,False,2026-08-11,18,very_new
U04697,Instagram,Meta,Photo and video sharing,Paraguay,224.47,high,True,2024-06-19,801,old
U04698,Telegram,Telegram FZ LLC,Messaging,Palau,96.23,medium,True,2026-08-01,28,very_new
U04699,LinkedIn,Microsoft,Professional networking,Costa Rica,146.82,medium,True,2017-12-11,3183,old
U04700,WhatsApp,Meta,Messaging,Tajikistan,283.34,high,True,2017-11-28,3196,old
U04701,Telegram,Telegram FZ LLC,Messaging,Cayman Islands,127.23,medium,False,2026-08-19,10,very_new
U04702,WhatsApp,Meta,Messaging,Lao People's Democratic Republic,127.91,medium,False,2020-12-21,2077,old
U04703,Snapchat,Snap Inc.,Multimedia messaging,French Polynesia,210.79,high,False,2021-11-18,1745,old
U04704,Facebook,Meta,Social networking,Eritrea,13.7,low,False,2015-09-18,3998,old
U04705,Facebook,Meta,Social networking,Serbia,19.29,low,False,2023-02-09,1297,old
U04706,TikTok,ByteDance,Short-form videos,Turks and Caicos Islands,175.72,medium,True,2020-08-26,2194,old
U04707,X (formerly Twitter),X Corp.,Microblogging,Saint Martin,269.59,high,True,2021-10-17,1777,old
U04708,Snapchat,Snap Inc.,Multimedia messaging,Dominica,25.1,low,False,2022-12-15,1353,old
U04709,Facebook,Meta,Social networking,Korea,233.07,high,True,2015-11-30,3925,old
U04710,Instagram,Meta,Photo and video sharing,Taiwan,53.58,low,True,2018-09-28,2892,old
U04711,Threads,Meta,Text-based social networking,Jersey,42.24,low,False,2020-11-04,2124,old
U04712,WhatsApp,Meta,Messaging,Botswana,155.35,medium,False,2025-03-28,519,established
U04713,Instagram,Meta,Photo and video sharing,Isle of Man,213.3,high,False,2022-12-16,1352,old
U04714,Quora,Quora Inc.,Q&A knowledge sharing,Papua New Guinea,168.7,medium,True,2020-10-23,2136,old
U04715,Reddit,Reddit Inc.,Discussion forums and communities,Armenia,255.04,high,False,2026-08-13,16,very_new
U04716,Snapchat,Snap Inc.,Multimedia messaging,Tuvalu,244.89,high,False,2026-05-27,94,new
U04717,Instagram,Meta,Photo and video sharing,Estonia,208.33,high,True,2026-08-22,7,very_new
U04718,Telegram,Telegram FZ LLC,Messaging,Guernsey,257.72,high,True,2022-09-18,1441,old
U04719,Pinterest,Pinterest Inc.,Visual discovery and bookmarking,Grenada,232.65,high,True,2024-02-11,930,old
U04720,Instagram,Meta,Photo and video sharing,Ireland,11.14,low,False,2019-02-17,2750,old
U04721,YouTube,Google,Video sharing,Hungary,24.48,low,True,2016-10-30,3590,old
U04722,WeChat,Tencent,Messaging and social media,Thailand,198.29,high,False,2020-02-06,2396,old
U04723,YouTube,Google,Video sharing,Ghana,194.84,high,True,2016-05-22,3751,old
U04724,Instagram,Meta,Photo and video sharing,Netherlands Antilles,161.28,medium,False,2022-09-19,1440,old
U04725,Threads,Meta,Text-based social networking,Libyan Arab Jamahiriya,256.82,high,False,2017-09-30,3255,old
U04726,Snapchat,Snap Inc.,Multimedia messaging,Saint Vincent and the Grenadines,6.6,low,True,2023-04-19,1228,old
U04727,WeChat,Tencent,Messaging and social media,Slovenia,285.39,high,False,2015-07-20,4058,old
U04728,WeChat,Tencent,Messaging and social media,Bangladesh,232.51,high,True,2026-05-29,92,new
U04729,Threads,Meta,Text-based social networking,Portugal,89.43,medium,False,2019-01-28,2770,old
U04730,Instagram,Meta,Photo and video sharing,United Kingdom,70.74,medium,False,2026-08-08,21,very_new
U04731,Facebook,Meta,Social networking,Thailand,220.92,high,True,2019-10-15,2510,old
U04732,WhatsApp,Meta,Messaging,Germany,72.34,medium,True,2022-05-10,1572,old
U04733,X (formerly Twitter),X Corp.,Microblogging,Italy,274.43,high,True,2021-12-19,1714,old
U04734,YouTube,Google,Video sharing,Bahamas,131.54,medium,False,2020-05-12,2300,old
U04735,Telegram,Telegram FZ LLC,Messaging,Faroe Islands,93.41,medium,False,2024-02-21,920,old
U04736,Snapchat,Snap Inc.,Multimedia messaging,Bahrain,219.75,high,False,2026-06-24,66,new
U04737,Threads,Meta,Text-based social networking,Namibia,55.11,low,True,2016-05-27,3746,old
U04738,Threads,Meta,Text-based social networking,Netherlands,11.15,low,True,2024-11-12,655,established
U04739,Threads,Meta,Text-based social networking,Mayotte,31.5,low,True,2026-06-11,79,new
U04740,Quora,Quora Inc.,Q&A knowledge sharing,British Virgin Islands,106.97,medium,False,2019-12-22,2442,old
U04741,Snapchat,Snap Inc.,Multimedia messaging,Romania,277.13,high,False,2015-07-14,4064,old
U04742,Telegram,Telegram FZ LLC,Messaging,Saint Lucia,125.41,medium,True,2018-01-04,3159,old
U04743,Telegram,Telegram FZ LLC,Messaging,Spain,231.58,high,True,2026-08-01,28,very_new
U04744,WeChat,Tencent,Messaging and social media,Vietnam,190.51,high,False,2018-01-25,3138,old
U04745,X (formerly Twitter),X Corp.,Microblogging,Albania,69.39,medium,True,2019-09-19,2536,old
U04746,WeChat,Tencent,Messaging and social media,Djibouti,240.09,high,True,2018-09-21,2899,old
U04747,Facebook,Meta,Social networking,Monaco,260.41,high,True,2024-04-06,875,old
U04748,Quora,Quora Inc.,Q&A knowledge sharing,British Virgin Islands,282.4,high,True,2020-10-03,2156,old
U04749,Snapchat,Snap Inc.,Multimedia messaging,Australia,219.59,high,False,2024-01-10,962,old
U04750,WeChat,Tencent,Messaging and social media,Sri Lanka,162.6,medium,False,2024-07-20,770,old
U04751,Quora,Quora Inc.,Q&A knowledge sharing,Croatia,191.39,high,True,2016-06-01,3741,old
U04752,Instagram,Meta,Photo and video sharing,Bolivia,62.33,medium,False,2016-07-26,3686,old
U04753,Facebook,Meta,Social networking,Yemen,101.36,medium,True,2016-03-03,3831,old
U04754,WhatsApp,Meta,Messaging,Pitcairn Islands,271.0,high,False,2024-06-08,812,old
U04755,LinkedIn,Microsoft,Professional networking,Argentina,77.78,medium,True,2021-12-09,1724,old
U04756,Instagram,Meta,Photo and video sharing,Egypt,100.65,medium,True,2021-09-13,1811,old
U04757,WeChat,Tencent,Messaging and social media,Rwanda,259.52,high,True,2022-07-12,1509,old
U04758,X (formerly Twitter),X Corp.,Microblogging,Switzerland,188.83,high,False,2022-07-12,1509,old
U04759,WhatsApp,Meta,Messaging,Holy See (Vatican City State),44.17,low,True,2022-12-18,1350,old
U04760,Quora,Quora Inc.,Q&A knowledge sharing,Croatia,174.49,medium,True,2026-08-24,5,very_new
U04761,WhatsApp,Meta,Messaging,Germany,128.53,medium,True,2015-12-02,3923,old
U04762,WhatsApp,Meta,Messaging,Swaziland,49.49,low,False,2024-07-21,769,old
U04763,X (formerly Twitter),X Corp.,Microblogging,Grenada,266.13,high,True,2019-03-28,2711,old
U04764,Snapchat,Snap Inc.,Multimedia messaging,Madagascar,291.31,high,False,2024-10-24,674,established
U04765,X (formerly Twitter),X Corp.,Microblogging,Kuwait,227.79,high,True,2020-06-25,2256,old
U04766,Instagram,Meta,Photo and video sharing,British Virgin Islands,84.9,medium,False,2016-12-14,3545,old
U04767,Instagram,Meta,Photo and video sharing,Gibraltar,281.71,high,True,2017-10-25,3230,old
U04768,Instagram,Meta,Photo and video sharing,Armenia,299.12,high,True,2019-09-22,2533,old
U04769,Snapchat,Snap Inc.,Multimedia messaging,Bermuda,276.91,high,False,2026-07-19,41,new
U04770,YouTube,Google,Video sharing,Japan,28.65,low,False,2021-12-22,1711,old
U04771,TikTok,ByteDance,Short-form videos,Cocos (Keeling) Islands,292.12,high,True,2022-05-13,1569,old
U04772,LinkedIn,Microsoft,Professional networking,Morocco,126.76,medium,False,2019-08-16,2570,old
U04773,X (formerly Twitter),X Corp.,Microblogging,Cameroon,44.65,low,False,2023-06-20,1166,old
U04774,Facebook,Meta,Social networking,Indonesia,24.95,low,True,2021-06-10,1906,old
U04775,Snapchat,Snap Inc.,Multimedia messaging,Mali,14.74,low,True,2020-07-05,2246,old
U04776,Reddit,Reddit Inc.,Discussion forums and communities,Lesotho,279.27,high,True,2017-10-22,3233,old
U04777,Instagram,Meta,Photo and video sharing,Comoros,52.32,low,False,2019-11-30,2464,old
U04778,Instagram,Meta,Photo and video sharing,French Polynesia,208.9,high,False,2026-03-25,157,new
U04779,Instagram,Meta,Photo and video sharing,Netherlands Antilles,174.13,medium,True,2026-07-20,40,new
U04780,WhatsApp,Meta,Messaging,Nigeria,23.83,low,False,2018-08-22,2929,old
U04781,X (formerly Twitter),X Corp.,Microblogging,Papua New Guinea,205.29,high,False,2024-03-24,888,old
U04782,Threads,Meta,Text-based social networking,Malaysia,172.82,medium,True,2024-03-02,910,old
U04783,YouTube,Google,Video sharing,Montserrat,130.57,medium,True,2020-02-15,2387,old
U04784,TikTok,ByteDance,Short-form videos,Myanmar,235.72,high,False,2023-06-20,1166,old
U04785,Threads,Meta,Text-based social networking,Zambia,247.39,high,False,2024-10-03,695,established
U04786,Reddit,Reddit Inc.,Discussion forums and communities,Uzbekistan,231.93,high,False,2021-02-21,2015,old
U04787,TikTok,ByteDance,Short-form videos,Spain,97.44,medium,True,2020-10-06,2153,old
U04788,Quora,Quora Inc.,Q&A knowledge sharing,Czech Republic,84.65,medium,False,2021-06-23,1893,old
U04789,Instagram,Meta,Photo and video sharing,Latvia,74.54,medium,True,2023-11-29,1004,old
U04790,Quora,Quora Inc.,Q&A knowledge sharing,Puerto Rico,111.76,medium,False,2017-03-28,3441,old
U04791,TikTok,ByteDance,Short-form videos,Bosnia and Herzegovina,123.38,medium,False,2018-04-24,3049,old
U04792,Instagram,Meta,Photo and video sharing,Benin,194.99,high,False,2026-06-08,82,new
U04793,Pinterest,Pinterest Inc.,Visual discovery and bookmarking,Estonia,257.62,high,True,2017-06-14,3363,old
U04794,Instagram,Meta,Photo and video sharing,Korea,28.64,low,False,2022-09-25,1434,old
U04795,Facebook,Meta,Social networking,Jamaica,185.88,high,True,2021-02-03,2033,old
U04796,Telegram,Telegram FZ LLC,Messaging,Barbados,95.55,medium,False,2018-02-09,3123,old
U04797,LinkedIn,Microsoft,Professional networking,Chile,214.0,high,True,2016-01-05,3889,old
U04798,Threads,Meta,Text-based social networking,Croatia,252.18,high,True,2026-08-03,26,very_new
U04799,TikTok,ByteDance,Short-form videos,Turks and Caicos Islands,175.88,medium,True,2016-11-20,3569,old
U04800,LinkedIn,Microsoft,Professional networking,Norfolk Island,213.15,high,False,2022-11-21,1377,old
U04801,Threads,Meta,Text-based social networking,Indonesia,20.74,low,False,2020-05-31,2281,old
U04802,Instagram,Meta,Photo and video sharing,Antigua and Barbuda,186.25,high,True,2022-10-26,1403,old
U04803,LinkedIn,Microsoft,Professional networking,Czech Republic,37.53,low,True,2020-02-21,2381,old
U04804,X (formerly Twitter),X Corp.,Microblogging,Tuvalu,52.34,low,False,2017-04-15,3423,old
U04805,Facebook,Meta,Social networking,Antarctica (the territory South of 60 deg S),12.66,low,False,2015-08-31,4016,old
U04806,X (formerly Twitter),X Corp.,Microblogging,Niger,66.27,medium,False,2019-04-22,2686,old
U04807,LinkedIn,Microsoft,Professional networking,Papua New Guinea,205.33,high,False,2018-01-11,3152,old
U04808,LinkedIn,Microsoft,Professional networking,Jamaica,218.01,high,True,2023-07-12,1144,old
U04809,Snapchat,Snap Inc.,Multimedia messaging,Mozambique,280.43,high,False,2018-08-13,2938,old
U04810,WhatsApp,Meta,Messaging,Slovenia,267.54,high,False,2017-05-12,3396,old
U04811,Instagram,Meta,Photo and video sharing,Saint Lucia,275.67,high,True,2018-05-22,3021,old
U04812,TikTok,ByteDance,Short-form videos,Dominican Republic,143.86,medium,True,2021-12-28,1705,old
U04813,Reddit,Reddit Inc.,Discussion forums and communities,Swaziland,236.73,high,True,2021-09-11,1813,old
U04814,Instagram,Meta,Photo and video sharing,Dominica,154.83,medium,True,2022-05-18,1564,old
U04815,Snapchat,Snap Inc.,Multimedia messaging,Cote d'Ivoire,153.23,medium,True,2026-08-16,13,very_new
U04816,X (formerly Twitter),X Corp.,Microblogging,Barbados,92.42,medium,True,2026-04-09,142,new
U04817,WhatsApp,Meta,Messaging,Cambodia,286.64,high,False,2026-06-08,82,new
U04818,Threads,Meta,Text-based social networking,Mozambique,278.74,high,False,2022-10-10,1419,old
U04819,Facebook,Meta,Social networking,Jamaica,127.5,medium,False,2025-02-27,548,established
U04820,Telegram,Telegram FZ LLC,Messaging,Zimbabwe,27.24,low,True,2018-09-28,2892,old
U04821,WeChat,Tencent,Messaging and social media,Turkmenistan,132.42,medium,True,2019-09-21,2534,old
U04822,WhatsApp,Meta,Messaging,Honduras,57.19,low,True,2022-02-03,1668,old
U04823,Pinterest,Pinterest Inc.,Visual discovery and bookmarking,Syrian Arab Republic,248.49,high,True,2021-08-11,1844,old
U04824,LinkedIn,Microsoft,Professional networking,San Marino,22.55,low,False,2017-04-07,3431,old
U04825,Reddit,Reddit Inc.,Discussion forums and communities,Maldives,262.09,high,True,2021-06-14,1902,old
U04826,YouTube,Google,Video sharing,Togo,140.18,medium,False,2023-05-01,1216,old
U04827,Quora,Quora Inc.,Q&A knowledge sharing,Vanuatu,197.3,high,False,2024-12-27,610,established
U04828,YouTube,Google,Video sharing,Bouvet Island (Bouvetoya),232.14,high,False,2023-01-02,1335,old
U04829,LinkedIn,Microsoft,Professional networking,Guinea,237.42,high,True,2018-12-11,2818,old
U04830,Snapchat,Snap Inc.,Multimedia messaging,Cocos (Keeling) Islands,71.28,medium,True,2018-06-02,3010,old
U04831,TikTok,ByteDance,Short-form videos,Egypt,214.51,high,True,2016-11-03,3586,old
U04832,YouTube,Google,Video sharing,Italy,267.78,high,False,2018-06-08,3004,old
U04833,Pinterest,Pinterest Inc.,Visual discovery and bookmarking,Austria,281.64,high,True,2015-07-17,4061,old
U04834,YouTube,Google,Video sharing,Italy,139.99,medium,False,2018-06-05,3007,old
U04835,Threads,Meta,Text-based social networking,Montserrat,117.05,medium,True,2025-02-21,554,established
U04836,Pinterest,Pinterest Inc.,Visual discovery and bookmarking,Belgium,143.96,medium,False,2024-10-05,693,established
U04837,Telegram,Telegram FZ LLC,Messaging,Mauritania,34.9,low,False,2017-03-30,3439,old
U04838,Pinterest,Pinterest Inc.,Visual discovery and bookmarking,Vanuatu,17.06,low,False,2018-09-14,2906,old
U04839,Quora,Quora Inc.,Q&A knowledge sharing,Chad,258.21,high,True,2021-04-05,1972,old
U04840,WeChat,Tencent,Messaging and social media,British Indian Ocean Territory (Chagos Archipelago),236.11,high,False,2016-06-20,3722,old
U04841,X (formerly Twitter),X Corp.,Microblogging,Italy,281.89,high,True,2016-06-16,3726,old
U04842,Reddit,Reddit Inc.,Discussion forums and communities,Guinea-Bissau,128.36,medium,False,2021-12-16,1717,old
U04843,Telegram,Telegram FZ LLC,Messaging,Lithuania,184.79,high,True,2023-09-01,1093,old
U04844,YouTube,Google,Video sharing,Yemen,153.05,medium,False,2017-04-09,3429,old
U04845,Snapchat,Snap Inc.,Multimedia messaging,Iceland,8.93,low,True,2018-12-16,2813,old
U04846,X (formerly Twitter),X Corp.,Microblogging,Paraguay,205.03,high,True,2023-10-25,1039,old
U04847,Quora,Quora Inc.,Q&A knowledge sharing,Hungary,190.56,high,False,2017-02-21,3476,old
U04848,Telegram,Telegram FZ LLC,Messaging,Indonesia,62.13,medium,True,2017-12-27,3167,old
U04849,Quora,Quora Inc.,Q&A knowledge sharing,Guyana,178.99,medium,True,2022-02-22,1649,old
U04850,WeChat,Tencent,Messaging and social media,Slovenia,89.28,medium,False,2018-12-01,2828,old
U04851,YouTube,Google,Video sharing,Chad,47.11,low,True,2016-03-29,3805,old
U04852,Instagram,Meta,Photo and video sharing,Uruguay,147.81,medium,True,2026-08-07,22,very_new
U04853,YouTube,Google,Video sharing,French Guiana,34.17,low,True,2021-03-13,1995,old
U04854,YouTube,Google,Video sharing,Sweden,181.03,high,True,2018-03-28,3076,old
U04855,Telegram,Telegram FZ LLC,Messaging,Spain,245.17,high,True,2022-11-29,1369,old
U04856,Facebook,Meta,Social networking,Armenia,13.66,low,True,2016-05-12,3761,old
U04857,Snapchat,Snap Inc.,Multimedia messaging,Italy,245.27,high,False,2019-03-28,2711,old
U04858,LinkedIn,Microsoft,Professional networking,Bolivia,32.91,low,True,2016-09-03,3647,old
U04859,Threads,Meta,Text-based social networking,Liberia,129.05,medium,False,2023-08-03,1122,old
U04860,Telegram,Telegram FZ LLC,Messaging,Tajikistan,299.39,high,False,2020-10-05,2154,old
U04861,WeChat,Tencent,Messaging and social media,Bermuda,226.15,high,True,2026-08-21,8,very_new
U04862,Quora,Quora Inc.,Q&A knowledge sharing,Malta,103.63,medium,False,2019-06-10,2637,old
U04863,Telegram,Telegram FZ LLC,Messaging,Bouvet Island (Bouvetoya),146.64,medium,True,2020-04-20,2322,old
U04864,Telegram,Telegram FZ LLC,Messaging,Lebanon,68.29,medium,False,2016-11-29,3560,old
U04865,WhatsApp,Meta,Messaging,Israel,186.05,high,False,2022-07-14,1507,old
U04866,Quora,Quora Inc.,Q&A knowledge sharing,Peru,55.95,low,False,2017-12-24,3170,old
U04867,Facebook,Meta,Social networking,Cuba,142.47,medium,False,2017-12-04,3190,old
U04868,Telegram,Telegram FZ LLC,Messaging,Western Sahara,106.2,medium,False,2016-08-25,3656,old
U04869,Quora,Quora Inc.,Q&A knowledge sharing,Mauritania,147.88,medium,False,2020-06-01,2280,old
U04870,TikTok,ByteDance,Short-form videos,France,35.65,low,False,2026-07-14,46,new
U04871,WeChat,Tencent,Messaging and social media,American Samoa,260.17,high,True,2016-04-13,3790,old
U04872,Snapchat,Snap Inc.,Multimedia messaging,Aruba,30.54,low,False,2024-10-18,680,established
U04873,YouTube,Google,Video sharing,Tanzania,67.3,medium,True,2021-02-05,2031,old
U04874,X (formerly Twitter),X Corp.,Microblogging,Cayman Islands,269.38,high,True,2023-07-27,1129,old
U04875,Instagram,Meta,Photo and video sharing,Congo,68.21,medium,True,2016-04-24,3779,old
U04876,Instagram,Meta,Photo and video sharing,Nauru,278.36,high,True,2016-12-05,3554,old
U04877,TikTok,ByteDance,Short-form videos,French Guiana,203.12,high,True,2023-03-04,1274,old
U04878,Threads,Meta,Text-based social networking,Nigeria,270.35,high,False,2021-12-26,1707,old
U04879,Snapchat,Snap Inc.,Multimedia messaging,Ukraine,241.03,high,True,2025-03-10,537,established
U04880,TikTok,ByteDance,Short-form videos,Guernsey,223.14,high,True,2024-01-26,946,old
U04881,Snapchat,Snap Inc.,Multimedia messaging,Svalbard & Jan Mayen Islands,7.6,low,False,2017-07-09,3338,old
U04882,X (formerly Twitter),X Corp.,Microblogging,Svalbard & Jan Mayen Islands,168.5,medium,False,2024-06-10,810,old
U04883,YouTube,Google,Video sharing,France,190.13,high,False,2015-05-04,4135,old
U04884,Instagram,Meta,Photo and video sharing,Paraguay,226.3,high,True,2023-03-05,1273,old
U04885,Reddit,Reddit Inc.,Discussion forums and communities,Malawi,123.92,medium,True,2026-08-11,18,very_new
U04886,Snapchat,Snap Inc.,Multimedia messaging,Reunion,169.69,medium,False,2024-11-20,647,established
U04887,Snapchat,Snap Inc.,Multimedia messaging,Heard Island and McDonald Islands,230.98,high,False,2023-05-23,1194,old
U04888,WhatsApp,Meta,Messaging,Sao Tome and Principe,222.87,high,True,2019-04-06,2702,old
U04889,Threads,Meta,Text-based social networking,Benin,224.85,high,False,2016-02-11,3852,old
U04890,Telegram,Telegram FZ LLC,Messaging,Hong Kong,149.1,medium,True,2016-09-06,3644,old
U04891,X (formerly Twitter),X Corp.,Microblogging,Bouvet Island (Bouvetoya),124.48,medium,False,2022-12-11,1357,old
U04892,WeChat,Tencent,Messaging and social media,Mali,104.55,medium,False,2021-12-17,1716,old
U04893,TikTok,ByteDance,Short-form videos,Yemen,183.79,high,False,2019-01-15,2783,old
U04894,Reddit,Reddit Inc.,Discussion forums and communities,Saint Helena,41.41,low,True,2019-12-17,2447,old
U04895,YouTube,Google,Video sharing,Macao,261.08,high,False,2016-09-28,3622,old
U04896,Instagram,Meta,Photo and video sharing,Mexico,155.01,medium,True,2023-07-29,1127,old
U04897,WeChat,Tencent,Messaging and social media,Djibouti,253.77,high,False,2026-08-23,6,very_new
U04898,Quora,Quora Inc.,Q&A knowledge sharing,Vietnam,241.19,high,True,2026-05-08,113,new
U04899,LinkedIn,Microsoft,Professional networking,Greenland,164.71,medium,False,2015-10-20,3966,old
U04900,Reddit,Reddit Inc.,Discussion forums and communities,United Kingdom,103.79,medium,False,2024-02-21,920,old
U04901,Instagram,Meta,Photo and video sharing,Yemen,68.69,medium,True,2025-02-03,572,established
U04902,Telegram,Telegram FZ LLC,Messaging,Algeria,196.09,high,True,2024-04-19,862,old
U04903,Pinterest,Pinterest Inc.,Visual discovery and bookmarking,Cote d'Ivoire,137.88,medium,True,2019-07-09,2608,old
U04904,Telegram,Telegram FZ LLC,Messaging,Nigeria,192.59,high,False,2015-06-08,4100,old
U04905,Snapchat,Snap Inc.,Multimedia messaging,Chad,108.49,medium,True,2016-07-17,3695,old
U04906,Instagram,Meta,Photo and video sharing,Luxembourg,158.62,medium,False,2016-10-09,3611,old
U04907,YouTube,Google,Video sharing,Germany,223.17,high,True,2018-06-08,3004,old
U04908,X (formerly Twitter),X Corp.,Microblogging,Guernsey,264.35,high,False,2024-07-26,764,old
U04909,LinkedIn,Microsoft,Professional networking,Egypt,55.33,low,True,2019-12-19,2445,old
U04910,Pinterest,Pinterest Inc.,Visual discovery and bookmarking,Iceland,61.64,medium,False,2016-10-12,3608,old
U04911,YouTube,Google,Video sharing,Saint Pierre and Miquelon,87.37,medium,False,2020-08-01,2219,old
U04912,Snapchat,Snap Inc.,Multimedia messaging,Kazakhstan,89.46,medium,False,2018-02-03,3129,old
U04913,Pinterest,Pinterest Inc.,Visual discovery and bookmarking,Lesotho,93.11,medium,True,2024-03-28,884,old
U04914,Pinterest,Pinterest Inc.,Visual discovery and bookmarking,Cambodia,296.62,high,True,2023-09-27,1067,old
U04915,Pinterest,Pinterest Inc.,Visual discovery and bookmarking,Ukraine,119.91,medium,False,2025-01-25,581,established
U04916,Reddit,Reddit Inc.,Discussion forums and communities,Luxembourg,81.04,medium,False,2020-04-29,2313,old
U04917,Snapchat,Snap Inc.,Multimedia messaging,Syrian Arab Republic,58.26,low,True,2018-06-26,2986,old
U04918,X (formerly Twitter),X Corp.,Microblogging,Reunion,51.59,low,False,2022-09-29,1430,old
U04919,Instagram,Meta,Photo and video sharing,Isle of Man,37.08,low,True,2023-09-30,1064,old
U04920,LinkedIn,Microsoft,Professional networking,Comoros,32.8,low,False,2023-09-02,1092,old
U04921,Pinterest,Pinterest Inc.,Visual discovery and bookmarking,New Caledonia,101.71,medium,False,2024-09-05,723,established
U04922,LinkedIn,Microsoft,Professional networking,Antigua and Barbuda,230.83,high,False,2024-03-22,890,old
U04923,TikTok,ByteDance,Short-form videos,Marshall Islands,98.71,medium,False,2019-11-15,2479,old
U04924,LinkedIn,Microsoft,Professional networking,Iceland,215.44,high,True,2019-08-23,2563,old
U04925,WhatsApp,Meta,Messaging,Mayotte,44.49,low,True,2020-01-21,2412,old
U04926,YouTube,Google,Video sharing,Greece,191.93,high,False,2015-10-17,3969,old
U04927,LinkedIn,Microsoft,Professional networking,Vietnam,162.71,medium,True,2016-04-05,3798,old
U04928,Reddit,Reddit Inc.,Discussion forums and communities,Ukraine,155.96,medium,True,2022-08-27,1463,old
U04929,X (formerly Twitter),X Corp.,Microblogging,Marshall Islands,175.32,medium,False,2020-12-22,2076,old
U04930,YouTube,Google,Video sharing,Egypt,112.73,medium,False,2021-05-19,1928,old
U04931,X (formerly Twitter),X Corp.,Microblogging,Djibouti,42.14,low,False,2016-09-07,3643,old
U04932,WeChat,Tencent,Messaging and social media,Monaco,194.77,high,True,2020-01-30,2403,old
U04933,WhatsApp,Meta,Messaging,Turkmenistan,285.28,high,True,2022-10-01,1428,old
U04934,Quora,Quora Inc.,Q&A knowledge sharing,Lao People's Democratic Republic,223.41,high,False,2019-04-10,2698,old
U04935,Snapchat,Snap Inc.,Multimedia messaging,San Marino,80.5,medium,True,2024-06-15,805,old
U04936,Reddit,Reddit Inc.,Discussion forums and communities,El Salvador,206.35,high,True,2022-01-16,1686,old
U04937,Instagram,Meta,Photo and video sharing,Syrian Arab Republic,261.73,high,True,2026-08-28,1,very_new
U04938,TikTok,ByteDance,Short-form videos,Estonia,229.25,high,True,2022-09-17,1442,old
U04939,TikTok,ByteDance,Short-form videos,Bolivia,36.22,low,True,2026-08-01,28,very_new
U04940,WeChat,Tencent,Messaging and social media,Iraq,82.84,medium,True,2026-03-16,166,new
U04941,WeChat,Tencent,Messaging and social media,Brazil,273.81,high,False,2021-08-09,1846,old
U04942,WhatsApp,Meta,Messaging,Libyan Arab Jamahiriya,172.21,medium,False,2024-07-20,770,old
U04943,YouTube,Google,Video sharing,Finland,21.68,low,False,2016-11-23,3566,old
U04944,Quora,Quora Inc.,Q&A knowledge sharing,Tanzania,209.88,high,False,2017-10-07,3248,old
U04945,Pinterest,Pinterest Inc.,Visual discovery and bookmarking,France,184.66,high,False,2023-10-04,1060,old
U04946,Threads,Meta,Text-based social networking,Armenia,176.97,medium,True,2020-02-04,2398,old
U04947,Instagram,Meta,Photo and video sharing,Senegal,143.89,medium,False,2017-04-21,3417,old
U04948,Reddit,Reddit Inc.,Discussion forums and communities,Mongolia,61.5,medium,False,2020-03-27,2346,old
U04949,Instagram,Meta,Photo and video sharing,Gibraltar,103.72,medium,False,2021-09-24,1800,old
U04950,Pinterest,Pinterest Inc.,Visual discovery and bookmarking,Falkland Islands (Malvinas),75.87,medium,False,2021-04-13,1964,old
U04951,Reddit,Reddit Inc.,Discussion forums and communities,Singapore,206.81,high,True,2023-11-06,1027,old
U04952,Facebook,Meta,Social networking,Bahrain,196.79,high,True,2024-01-15,957,old
U04953,Facebook,Meta,Social networking,Singapore,74.49,medium,True,2023-06-08,1178,old
U04954,YouTube,Google,Video sharing,Andorra,232.21,high,True,2018-04-20,3053,old
U04955,Facebook,Meta,Social networking,Belarus,275.58,high,False,2026-04-13,138,new
U04956,Threads,Meta,Text-based social networking,Fiji,261.05,high,False,2026-04-05,146,new
U04957,Pinterest,Pinterest Inc.,Visual discovery and bookmarking,Thailand,27.06,low,True,2016-12-06,3553,old
U04958,WhatsApp,Meta,Messaging,Romania,113.2,medium,False,2021-04-19,1958,old
U04959,WhatsApp,Meta,Messaging,Ireland,22.15,low,True,2020-07-11,2240,old
U04960,Reddit,Reddit Inc.,Discussion forums and communities,American Samoa,210.31,high,True,2021-05-14,1933,old
U04961,Telegram,Telegram FZ LLC,Messaging,Vanuatu,216.02,high,False,2016-12-30,3529,old
U04962,WhatsApp,Meta,Messaging,Guernsey,87.53,medium,False,2021-01-10,2057,old
U04963,WhatsApp,Meta,Messaging,Cape Verde,26.41,low,False,2017-03-04,3465,old
U04964,WhatsApp,Meta,Messaging,Colombia,60.06,medium,False,2023-09-30,1064,old
U04965,Facebook,Meta,Social networking,Cocos (Keeling) Islands,281.47,high,True,2017-05-08,3400,old
U04966,Threads,Meta,Text-based social networking,Colombia,295.46,high,True,2018-11-29,2830,old
U04967,Facebook,Meta,Social networking,Papua New Guinea,212.7,high,True,2016-03-21,3813,old
U04968,X (formerly Twitter),X Corp.,Microblogging,Chad,77.13,medium,True,2026-04-04,147,new
U04969,Snapchat,Snap Inc.,Multimedia messaging,Indonesia,33.24,low,True,2026-08-16,13,very_new
U04970,WhatsApp,Meta,Messaging,Ireland,222.83,high,True,2016-05-09,3764,old
U04971,Quora,Quora Inc.,Q&A knowledge sharing,Somalia,224.7,high,True,2023-05-16,1201,old
U04972,X (formerly Twitter),X Corp.,Microblogging,Seychelles,143.57,medium,False,2019-01-25,2773,old
U04973,Facebook,Meta,Social networking,Saint Pierre and Miquelon,278.58,high,False,2026-08-15,14,very_new
U04974,YouTube,Google,Video sharing,Botswana,212.24,high,False,2018-02-16,3116,old
U04975,LinkedIn,Microsoft,Professional networking,Holy See (Vatican City State),248.45,high,False,2016-03-07,3827,old
U04976,Reddit,Reddit Inc.,Discussion forums and communities,El Salvador,18.25,low,False,2026-08-26,3,very_new
U04977,Instagram,Meta,Photo and video sharing,Holy See (Vatican City State),195.8,high,True,2016-02-09,3854,old
U04978,Reddit,Reddit Inc.,Discussion forums and communities,French Polynesia,249.43,high,False,2019-02-11,2756,old
U04979,YouTube,Google,Video sharing,Iceland,178.22,medium,True,2021-03-08,2000,old
U04980,Facebook,Meta,Social networking,Bulgaria,6.43,low,True,2026-08-28,1,very_new
U04981,Threads,Meta,Text-based social networking,Fiji,63.65,medium,True,2026-05-26,95,new
U04982,Reddit,Reddit Inc.,Discussion forums and communities,Thailand,188.55,high,True,2021-11-29,1734,old
U04983,Reddit,Reddit Inc.,Discussion forums and communities,Costa Rica,85.59,medium,False,2026-04-02,149,new
U04984,Snapchat,Snap Inc.,Multimedia messaging,Vanuatu,222.52,high,True,2017-07-31,3316,old
U04985,Threads,Meta,Text-based social networking,Ireland,134.29,medium,True,2016-11-22,3567,old
U04986,Telegram,Telegram FZ LLC,Messaging,Hong Kong,134.41,medium,False,2019-07-31,2586,old
U04987,WhatsApp,Meta,Messaging,Honduras,192.07,high,True,2026-08-03,26,very_new
U04988,Pinterest,Pinterest Inc.,Visual discovery and bookmarking,Thailand,221.31,high,True,2024-09-25,703,established
U04989,YouTube,Google,Video sharing,Germany,271.35,high,False,2018-09-15,2905,old
U04990,WeChat,Tencent,Messaging and social media,New Caledonia,144.49,medium,True,2019-07-18,2599,old
U04991,Reddit,Reddit Inc.,Discussion forums and communities,Finland,247.7,high,True,2026-08-13,16,very_new
U04992,TikTok,ByteDance,Short-form videos,Martinique,280.99,high,False,2016-10-01,3619,old
U04993,Reddit,Reddit Inc.,Discussion forums and communities,Sierra Leone,258.92,high,True,2016-02-24,3839,old
U04994,Reddit,Reddit Inc.,Discussion forums and communities,Cameroon,138.71,medium,False,2024-02-24,917,old
U04995,YouTube,Google,Video sharing,Philippines,23.11,low,True,2022-08-29,1461,old
U04996,Instagram,Meta,Photo and video sharing,Niger,34.69,low,False,2026-08-03,26,very_new
U04997,Quora,Quora Inc.,Q&A knowledge sharing,Argentina,72.36,medium,True,2016-05-27,3746,old
U04998,Reddit,Reddit Inc.,Discussion forums and communities,Cayman Islands,176.84,medium,True,2024-05-05,846,old
U04999,Reddit,Reddit Inc.,Discussion forums and communities,Georgia,13.06,low,False,2016-07-17,3695,old
U05000,Quora,Quora Inc.,Q&A knowledge sharing,Northern Mariana Islands,103.81,medium,False,2015-09-05,4011,old
U05001,Snapchat,Snap Inc.,Multimedia messaging,Pakistan,170.14,medium,False,2022-05-15,1567,old
U05002,WhatsApp,Meta,Messaging,Canada,148.41,medium,True,2020-01-25,2408,old
U05003,WhatsApp,Meta,Messaging,Hungary,228.58,high,False,2020-08-21,2199,old
U05004,X (formerly Twitter),X Corp.,Microblogging,Congo,93.24,medium,True,2021-03-21,1987,old
U05005,Telegram,Telegram FZ LLC,Messaging,Armenia,261.51,high,False,2018-01-14,3149,old
U05006,WhatsApp,Meta,Messaging,Portugal,65.71,medium,False,2015-06-24,4084,old
U05007,Threads,Meta,Text-based social networking,Saint Pierre and Miquelon,36.42,low,False,2023-06-25,1161,old
U05008,WeChat,Tencent,Messaging and social media,Benin,162.87,medium,True,2018-01-13,3150,old
U05009,WhatsApp,Meta,Messaging,Angola,274.86,high,True,2016-10-29,3591,old
U05010,WhatsApp,Meta,Messaging,Papua New Guinea,83.36,medium,True,2021-03-18,1990,old
U05011,Reddit,Reddit Inc.,Discussion forums and communities,Malaysia,7.48,low,False,2024-05-02,849,old
U05012,WeChat,Tencent,Messaging and social media,French Southern Territories,73.47,medium,True,2016-07-07,3705,old
U05013,WhatsApp,Meta,Messaging,Malaysia,95.84,medium,False,2026-03-13,169,new
U05014,Telegram,Telegram FZ LLC,Messaging,Lao People's Democratic Republic,11.79,low,False,2023-02-06,1300,old
U05015,LinkedIn,Microsoft,Professional networking,Lebanon,63.5,medium,False,2022-09-06,1453,old
U05016,LinkedIn,Microsoft,Professional networking,Palestinian Territory,219.88,high,False,2020-09-07,2182,old
U05017,LinkedIn,Microsoft,Professional networking,Chile,36.32,low,True,2018-04-02,3071,old
U05018,Telegram,Telegram FZ LLC,Messaging,Mozambique,75.65,medium,True,2023-04-12,1235,old
U05019,Threads,Meta,Text-based social networking,Lesotho,40.47,low,True,2026-08-04,25,very_new
U05020,Reddit,Reddit Inc.,Discussion forums and communities,Guernsey,280.03,high,True,2023-09-23,1071,old
U05021,X (formerly Twitter),X Corp.,Microblogging,Uruguay,260.68,high,True,2026-06-10,80,new
U05022,Threads,Meta,Text-based social networking,Georgia,257.23,high,True,2022-02-27,1644,old
U05023,Quora,Quora Inc.,Q&A knowledge sharing,Burundi,226.2,high,False,2015-05-10,4129,old
U05024,Instagram,Meta,Photo and video sharing,Montenegro,252.47,high,False,2017-09-27,3258,old
U05025,WeChat,Tencent,Messaging and social media,Poland,241.51,high,False,2020-11-08,2120,old
U05026,YouTube,Google,Video sharing,Pitcairn Islands,232.61,high,True,2018-05-23,3020,old
U05027,LinkedIn,Microsoft,Professional networking,Sao Tome and Principe,229.1,high,False,2026-03-17,165,new
U05028,LinkedIn,Microsoft,Professional networking,Guadeloupe,299.47,high,True,2023-03-25,1253,old
U05029,X (formerly Twitter),X Corp.,Microblogging,Sudan,131.0,medium,False,2025-04-23,493,established
U05030,WeChat,Tencent,Messaging and social media,Armenia,5.56,low,False,2022-09-24,1435,old
U05031,Quora,Quora Inc.,Q&A knowledge sharing,Sri Lanka,12.72,low,True,2018-09-19,2901,old
U05032,Snapchat,Snap Inc.,Multimedia messaging,Belize,130.18,medium,True,2017-11-22,3202,old
U05033,Snapchat,Snap Inc.,Multimedia messaging,Tokelau,286.76,high,False,2021-04-16,1961,old
U05034,Reddit,Reddit Inc.,Discussion forums and communities,Botswana,55.98,low,False,2019-09-22,2533,old
U05035,Snapchat,Snap Inc.,Multimedia messaging,Western Sahara,17.34,low,False,2015-12-10,3915,old
U05036,LinkedIn,Microsoft,Professional networking,Slovakia (Slovak Republic),123.58,medium,True,2021-11-26,1737,old
U05037,YouTube,Google,Video sharing,Northern Mariana Islands,264.34,high,True,2026-08-05,24,very_new
U05038,Reddit,Reddit Inc.,Discussion forums and communities,Monaco,56.81,low,False,2021-11-30,1733,old
U05039,Telegram,Telegram FZ LLC,Messaging,Monaco,186.33,high,True,2018-12-31,2798,old
U05040,X (formerly Twitter),X Corp.,Microblogging,Wallis and Futuna,191.82,high,True,2021-10-09,1785,old
U05041,Threads,Meta,Text-based social networking,Iceland,68.57,medium,False,2026-03-24,158,new
U05042,Instagram,Meta,Photo and video sharing,New Caledonia,264.88,high,True,2025-02-26,549,established
U05043,Threads,Meta,Text-based social networking,Latvia,25.09,low,False,2019-09-21,2534,old
U05044,Telegram,Telegram FZ LLC,Messaging,Ethiopia,224.82,high,True,2019-05-09,2669,old
U05045,Reddit,Reddit Inc.,Discussion forums and communities,Guatemala,288.26,high,True,2024-07-14,776,old
U05046,TikTok,ByteDance,Short-form videos,Pakistan,143.71,medium,False,2026-07-04,56,new
U05047,Threads,Meta,Text-based social networking,Gambia,104.91,medium,True,2026-08-16,13,very_new
U05048,Quora,Quora Inc.,Q&A knowledge sharing,Tuvalu,65.91,medium,True,2026-08-20,9,very_new
U05049,Snapchat,Snap Inc.,Multimedia messaging,Yemen,74.85,medium,False,2022-06-11,1540,old
U05050,Telegram,Telegram FZ LLC,Messaging,Papua New Guinea,77.63,medium,True,2021-03-13,1995,old
U05051,Reddit,Reddit Inc.,Discussion forums and communities,Niger,62.1,medium,False,2019-12-30,2434,old
U05052,Reddit,Reddit Inc.,Discussion forums and communities,Gambia,89.77,medium,False,2016-06-27,3715,old
U05053,Reddit,Reddit Inc.,Discussion forums and communities,Guernsey,227.2,high,False,2024-09-21,707,established
U05054,LinkedIn,Microsoft,Professional networking,Serbia,121.09,medium,True,2024-05-25,826,old
U05055,Facebook,Meta,Social networking,Christmas Island,236.25,high,True,2019-04-16,2692,old
U05056,Telegram,Telegram FZ LLC,Messaging,Thailand,192.94,high,True,2016-07-25,3687,old
U05057,TikTok,ByteDance,Short-form videos,Liberia,89.96,medium,False,2022-07-29,1492,old
U05058,TikTok,ByteDance,Short-form videos,Antarctica (the territory South of 60 deg S),88.79,medium,False,2016-02-13,3850,old
U05059,Instagram,Meta,Photo and video sharing,Tonga,245.21,high,False,2017-11-20,3204,old
U05060,Threads,Meta,Text-based social networking,Bosnia and Herzegovina,226.72,high,True,2017-09-23,3262,old
U05061,Facebook,Meta,Social networking,Macao,128.64,medium,False,2021-05-10,1937,old
U05062,YouTube,Google,Video sharing,Indonesia,245.79,high,False,2026-08-10,19,very_new
U05063,LinkedIn,Microsoft,Professional networking,Cape Verde,29.05,low,False,2019-02-06,2761,old
U05064,Instagram,Meta,Photo and video sharing,Panama,60.29,medium,True,2023-07-09,1147,old
U05065,Facebook,Meta,Social networking,Somalia,197.77,high,False,2016-09-07,3643,old
U05066,Instagram,Meta,Photo and video sharing,Guyana,81.81,medium,True,2024-01-19,953,old
U05067,Telegram,Telegram FZ LLC,Messaging,Malaysia,121.68,medium,True,2026-08-14,15,very_new
U05068,Telegram,Telegram FZ LLC,Messaging,Denmark,25.34,low,False,2019-01-04,2794,old
U05069,WhatsApp,Meta,Messaging,Iran,77.94,medium,False,2026-07-05,55,new
U05070,Snapchat,Snap Inc.,Multimedia messaging,Gambia,123.58,medium,False,2017-11-25,3199,old
U05071,YouTube,Google,Video sharing,Holy See (Vatican City State),90.07,medium,False,2023-12-17,986,old
U05072,Threads,Meta,Text-based social networking,Haiti,127.87,medium,False,2018-08-01,2950,old
U05073,Reddit,Reddit Inc.,Discussion forums and communities,Cayman Islands,98.01,medium,True,2026-03-15,167,new
U05074,Threads,Meta,Text-based social networking,Norfolk Island,29.12,low,True,2023-12-01,1002,old
U05075,Reddit,Reddit Inc.,Discussion forums and communities,Mexico,139.72,medium,True,2015-11-22,3933,old
U05076,TikTok,ByteDance,Short-form videos,Chile,32.71,low,False,2026-05-16,105,new
U05077,Snapchat,Snap Inc.,Multimedia messaging,Philippines,39.27,low,True,2026-07-27,33,new
U05078,Threads,Meta,Text-based social networking,Cape Verde,211.57,high,True,2026-08-24,5,very_new
U05079,Instagram,Meta,Photo and video sharing,Central African Republic,149.96,medium,True,2026-08-25,4,very_new
U05080,LinkedIn,Microsoft,Professional networking,Falkland Islands (Malvinas),156.84,medium,True,2021-04-18,1959,old
U05081,Facebook,Meta,Social networking,Cocos (Keeling) Islands,196.03,high,False,2019-11-10,2484,old
U05082,YouTube,Google,Video sharing,Guatemala,129.34,medium,False,2021-02-06,2030,old
U05083,Telegram,Telegram FZ LLC,Messaging,Kiribati,151.55,medium,False,2026-08-08,21,very_new
U05084,YouTube,Google,Video sharing,Italy,111.5,medium,False,2021-06-08,1908,old
U05085,Facebook,Meta,Social networking,Central African Republic,29.43,low,True,2018-10-24,2866,old
U05086,WhatsApp,Meta,Messaging,Iran,55.43,low,False,2026-07-10,50,new
U05087,X (formerly Twitter),X Corp.,Microblogging,Myanmar,14.81,low,False,2017-10-12,3243,old
U05088,X (formerly Twitter),X Corp.,Microblogging,Cote d'Ivoire,222.24,high,False,2022-04-02,1610,old
U05089,Instagram,Meta,Photo and video sharing,Monaco,262.4,high,False,2026-04-02,149,new
U05090,Facebook,Meta,Social networking,Kazakhstan,252.75,high,False,2026-05-01,120,new
U05091,Instagram,Meta,Photo and video sharing,Sierra Leone,19.98,low,True,2017-04-08,3430,old
U05092,Facebook,Meta,Social networking,Iran,149.06,medium,False,2022-07-17,1504,old
U05093,Facebook,Meta,Social networking,United Kingdom,271.76,high,False,2020-06-04,2277,old
U05094,WhatsApp,Meta,Messaging,New Zealand,200.01,high,False,2026-07-29,31,new
U05095,Facebook,Meta,Social networking,Isle of Man,50.51,low,False,2022-02-07,1664,old
U05096,Facebook,Meta,Social networking,Ghana,187.08,high,False,2018-10-02,2888,old
U05097,Facebook,Meta,Social networking,Romania,262.63,high,True,2018-08-13,2938,old
U05098,YouTube,Google,Video sharing,British Indian Ocean Territory (Chagos Archipelago),187.46,high,True,2020-11-15,2113,old
U05099,Pinterest,Pinterest Inc.,Visual discovery and bookmarking,Burkina Faso,140.2,medium,True,2019-01-19,2779,old
U05100,Reddit,Reddit Inc.,Discussion forums and communities,Gambia,162.83,medium,True,2019-04-22,2686,old
U05101,YouTube,Google,Video sharing,Korea,47.59,low,False,2019-03-14,2725,old
U05102,Telegram,Telegram FZ LLC,Messaging,Ireland,189.58,high,False,2020-08-13,2207,old
U05103,LinkedIn,Microsoft,Professional networking,Holy See (Vatican City State),44.34,low,False,2026-05-28,93,new
U05104,Facebook,Meta,Social networking,Jersey,86.47,medium,True,2023-02-21,1285,old
U05105,Facebook,Meta,Social networking,Italy,293.93,high,False,2023-07-15,1141,old
U05106,Instagram,Meta,Photo and video sharing,British Indian Ocean Territory (Chagos Archipelago),289.27,high,True,2015-09-26,3990,old
U05107,YouTube,Google,Video sharing,Qatar,178.61,medium,True,2026-06-29,61,new
U05108,LinkedIn,Microsoft,Professional networking,Papua New Guinea,21.84,low,False,2024-02-12,929,old
U05109,Instagram,Meta,Photo and video sharing,Austria,66.73,medium,True,2024-12-14,623,established
U05110,Pinterest,Pinterest Inc.,Visual discovery and bookmarking,Congo,250.97,high,False,2024-02-07,934,old
U05111,Instagram,Meta,Photo and video sharing,Montenegro,252.06,high,True,2022-02-26,1645,old
U05112,Instagram,Meta,Photo and video sharing,Pitcairn Islands,117.03,medium,False,2020-11-06,2122,old
U05113,Instagram,Meta,Photo and video sharing,Palau,15.36,low,False,2019-11-24,2470,old
U05114,WhatsApp,Meta,Messaging,Romania,166.66,medium,False,2016-08-06,3675,old
U05115,Instagram,Meta,Photo and video sharing,Slovenia,187.62,high,True,2024-12-09,628,established
U05116,YouTube,Google,Video sharing,Palestinian Territory,39.06,low,True,2020-12-27,2071,old
U05117,Threads,Meta,Text-based social networking,Vietnam,261.86,high,False,2022-02-13,1658,old
U05118,Telegram,Telegram FZ LLC,Messaging,Comoros,190.02,high,False,2026-04-19,132,new
U05119,TikTok,ByteDance,Short-form videos,Egypt,26.97,low,False,2023-05-24,1193,old
U05120,WeChat,Tencent,Messaging and social media,Korea,238.32,high,True,2022-04-14,1598,old
U05121,Telegram,Telegram FZ LLC,Messaging,Denmark,169.64,medium,False,2023-11-09,1024,old
U05122,YouTube,Google,Video sharing,Malawi,238.97,high,True,2017-02-22,3475,old
U05123,Threads,Meta,Text-based social networking,United States of America,166.47,medium,False,2019-10-06,2519,old
U05124,YouTube,Google,Video sharing,Guatemala,244.38,high,False,2025-03-05,542,established
U05125,Instagram,Meta,Photo and video sharing,Reunion,30.96,low,False,2019-05-30,2648,old
U05126,WeChat,Tencent,Messaging and social media,Botswana,30.21,low,False,2015-08-01,4046,old
U05127,TikTok,ByteDance,Short-form videos,United Kingdom,252.28,high,False,2016-12-19,3540,old
U05128,Reddit,Reddit Inc.,Discussion forums and communities,Montserrat,34.09,low,True,2017-06-02,3375,old
U05129,LinkedIn,Microsoft,Professional networking,Armenia,118.65,medium,False,2018-07-04,2978,old
U05130,Instagram,Meta,Photo and video sharing,Western Sahara,154.4,medium,False,2016-04-29,3774,old
U05131,YouTube,Google,Video sharing,Jersey,93.38,medium,False,2026-03-04,178,new
U05132,YouTube,Google,Video sharing,Thailand,230.94,high,False,2022-03-14,1629,old
U05133,X (formerly Twitter),X Corp.,Microblogging,Angola,131.73,medium,False,2023-06-01,1185,old
U05134,X (formerly Twitter),X Corp.,Microblogging,Malta,104.49,medium,True,2016-07-28,3684,old
U05135,TikTok,ByteDance,Short-form videos,Guyana,7.05,low,False,2017-03-02,3467,old
U05136,WeChat,Tencent,Messaging and social media,Seychelles,278.87,high,True,2024-11-17,650,established
U05137,Instagram,Meta,Photo and video sharing,Swaziland,122.37,medium,True,2024-08-16,743,old
U05138,WhatsApp,Meta,Messaging,Fiji,134.37,medium,False,2016-11-17,3572,old
U05139,X (formerly Twitter),X Corp.,Microblogging,Suriname,182.7,high,False,2016-04-05,3798,old
U05140,TikTok,ByteDance,Short-form videos,Barbados,233.5,high,False,2019-10-25,2500,old
U05141,WhatsApp,Meta,Messaging,Saint Vincent and the Grenadines,222.57,high,True,2017-07-23,3324,old
U05142,YouTube,Google,Video sharing,Togo,100.82,medium,False,2023-01-26,1311,old
U05143,LinkedIn,Microsoft,Professional networking,Togo,115.03,medium,False,2019-11-14,2480,old
U05144,Telegram,Telegram FZ LLC,Messaging,Hungary,41.96,low,True,2026-06-06,84,new
U05145,TikTok,ByteDance,Short-form videos,Sri Lanka,266.41,high,True,2017-02-23,3474,old
U05146,Reddit,Reddit Inc.,Discussion forums and communities,Oman,13.71,low,False,2021-02-20,2016,old
U05147,TikTok,ByteDance,Short-form videos,Vietnam,35.77,low,False,2021-02-20,2016,old
U05148,Threads,Meta,Text-based social networking,Cuba,151.45,medium,False,2017-09-11,3274,old
U05149,X (formerly Twitter),X Corp.,Microblogging,Holy See (Vatican City State),31.23,low,True,2017-07-14,3333,old
U05150,Instagram,Meta,Photo and video sharing,Vietnam,28.1,low,False,2017-04-01,3437,old
U05151,Snapchat,Snap Inc.,Multimedia messaging,Korea,222.28,high,True,2023-03-10,1268,old
U05152,WhatsApp,Meta,Messaging,Burundi,230.23,high,True,2021-11-12,1751,old
U05153,Instagram,Meta,Photo and video sharing,Tajikistan,284.29,high,False,2024-12-26,611,established
U05154,WeChat,Tencent,Messaging and social media,Reunion,27.52,low,False,2017-07-30,3317,old
U05155,LinkedIn,Microsoft,Professional networking,Burkina Faso,97.81,medium,False,2026-03-16,166,new
U05156,YouTube,Google,Video sharing,Grenada,53.4,low,False,2022-11-25,1373,old
U05157,Instagram,Meta,Photo and video sharing,Iran,280.96,high,False,2025-01-20,586,established
U05158,TikTok,ByteDance,Short-form videos,Tajikistan,160.38,medium,True,2016-01-23,3871,old
U05159,Pinterest,Pinterest Inc.,Visual discovery and bookmarking,Zambia,286.48,high,False,2021-06-27,1889,old
U05160,Telegram,Telegram FZ LLC,Messaging,Sao Tome and Principe,294.85,high,True,2017-06-06,3371,old
U05161,Quora,Quora Inc.,Q&A knowledge sharing,Swaziland,210.05,high,False,2019-04-24,2684,old
U05162,Telegram,Telegram FZ LLC,Messaging,Solomon Islands,274.87,high,True,2025-01-24,582,established
U05163,YouTube,Google,Video sharing,Japan,79.25,medium,True,2019-09-10,2545,old
U05164,Quora,Quora Inc.,Q&A knowledge sharing,Tunisia,136.71,medium,False,2017-09-29,3256,old
U05165,Quora,Quora Inc.,Q&A knowledge sharing,Philippines,203.24,high,True,2017-09-02,3283,old
U05166,Telegram,Telegram FZ LLC,Messaging,Australia,149.79,medium,True,2017-01-02,3526,old
U05167,LinkedIn,Microsoft,Professional networking,Libyan Arab Jamahiriya,262.3,high,False,2026-04-23,128,new
U05168,TikTok,ByteDance,Short-form videos,Cambodia,182.44,high,False,2015-08-02,4045,old
U05169,WhatsApp,Meta,Messaging,Japan,233.68,high,True,2022-11-15,1383,old
U05170,Facebook,Meta,Social networking,Slovenia,165.39,medium,False,2024-12-10,627,established
U05171,Pinterest,Pinterest Inc.,Visual discovery and bookmarking,Congo,138.13,medium,True,2023-10-07,1057,old
U05172,YouTube,Google,Video sharing,Dominican Republic,245.58,high,False,2024-11-28,639,established
U05173,Pinterest,Pinterest Inc.,Visual discovery and bookmarking,Guernsey,20.19,low,False,2017-06-14,3363,old
U05174,WeChat,Tencent,Messaging and social media,Gambia,265.23,high,True,2016-04-28,3775,old
U05175,Threads,Meta,Text-based social networking,Ecuador,274.87,high,False,2019-07-31,2586,old
U05176,Quora,Quora Inc.,Q&A knowledge sharing,Micronesia,91.96,medium,True,2021-02-05,2031,old
U05177,YouTube,Google,Video sharing,Trinidad and Tobago,252.74,high,True,2019-04-11,2697,old
U05178,TikTok,ByteDance,Short-form videos,Chile,86.87,medium,False,2023-01-24,1313,old
U05179,Facebook,Meta,Social networking,Svalbard & Jan Mayen Islands,94.44,medium,True,2023-07-29,1127,old
U05180,Facebook,Meta,Social networking,Cayman Islands,234.41,high,True,2024-02-17,924,old
U05181,Snapchat,Snap Inc.,Multimedia messaging,Bosnia and Herzegovina,106.72,medium,False,2016-04-18,3785,old
U05182,Instagram,Meta,Photo and video sharing,Czech Republic,170.45,medium,False,2024-10-07,691,established
U05183,WeChat,Tencent,Messaging and social media,Iraq,95.66,medium,True,2016-09-18,3632,old
U05184,Reddit,Reddit Inc.,Discussion forums and communities,Puerto Rico,28.91,low,False,2015-12-14,3911,old
U05185,Threads,Meta,Text-based social networking,Saint Barthelemy,202.65,high,True,2018-04-19,3054,old
U05186,YouTube,Google,Video sharing,Croatia,77.66,medium,True,2020-06-06,2275,old
U05187,WhatsApp,Meta,Messaging,Fiji,212.49,high,True,2026-06-05,85,new
U05188,Facebook,Meta,Social networking,Chad,282.09,high,False,2026-07-24,36,new
U05189,LinkedIn,Microsoft,Professional networking,Slovakia (Slovak Republic),53.45,low,False,2019-10-28,2497,old
U05190,Pinterest,Pinterest Inc.,Visual discovery and bookmarking,Congo,222.18,high,True,2025-01-02,604,established
U05191,Facebook,Meta,Social networking,Togo,116.0,medium,False,2015-10-30,3956,old
U05192,LinkedIn,Microsoft,Professional networking,Seychelles,33.51,low,False,2017-01-02,3526,old
U05193,WeChat,Tencent,Messaging and social media,Malawi,252.67,high,True,2023-12-13,990,old
U05194,Quora,Quora Inc.,Q&A knowledge sharing,British Virgin Islands,285.87,high,True,2019-06-04,2643,old
U05195,X (formerly Twitter),X Corp.,Microblogging,Montenegro,89.87,medium,True,2024-07-09,781,old
U05196,Threads,Meta,Text-based social networking,Congo,66.84,medium,False,2025-03-10,537,established
U05197,LinkedIn,Microsoft,Professional networking,French Southern Territories,245.14,high,False,2021-12-20,1713,old
U05198,X (formerly Twitter),X Corp.,Microblogging,Cayman Islands,102.83,medium,False,2022-06-18,1533,old
U05199,Reddit,Reddit Inc.,Discussion forums and communities,Honduras,278.88,high,True,2017-09-27,3258,old
U05200,YouTube,Google,Video sharing,Sierra Leone,130.46,medium,False,2024-02-22,919,old
U05201,Instagram,Meta,Photo and video sharing,Congo,100.45,medium,True,2024-09-20,708,established
U05202,Reddit,Reddit Inc.,Discussion forums and communities,Jordan,27.95,low,False,2020-10-31,2128,old
U05203,YouTube,Google,Video sharing,San Marino,49.17,low,True,2016-03-11,3823,old
U05204,WeChat,Tencent,Messaging and social media,Kiribati,84.18,medium,True,2026-07-12,48,new
U05205,YouTube,Google,Video sharing,Mauritania,92.84,medium,False,2016-12-25,3534,old
U05206,Snapchat,Snap Inc.,Multimedia messaging,Venezuela,295.9,high,False,2022-06-06,1545,old
U05207,Pinterest,Pinterest Inc.,Visual discovery and bookmarking,Comoros,275.29,high,True,2019-02-26,2741,old
U05208,Facebook,Meta,Social networking,Peru,57.89,low,False,2024-05-21,830,old
U05209,TikTok,ByteDance,Short-form videos,Saint Helena,21.13,low,False,2024-03-23,889,old
U05210,Snapchat,Snap Inc.,Multimedia messaging,French Polynesia,257.76,high,True,2024-10-09,689,established
U05211,YouTube,Google,Video sharing,British Indian Ocean Territory (Chagos Archipelago),57.86,low,True,2017-08-17,3299,old
U05212,WhatsApp,Meta,Messaging,Bahamas,79.11,medium,True,2024-06-21,799,old
U05213,Instagram,Meta,Photo and video sharing,Uruguay,234.65,high,True,2022-04-12,1600,old
U05214,Quora,Quora Inc.,Q&A knowledge sharing,Lao People's Democratic Republic,299.14,high,False,2025-05-01,485,established
U05215,WhatsApp,Meta,Messaging,Hungary,288.22,high,True,2016-07-07,3705,old
U05216,WeChat,Tencent,Messaging and social media,Saint Helena,23.19,low,False,2020-01-22,2411,old
U05217,Threads,Meta,Text-based social networking,Mexico,42.12,low,False,2023-02-16,1290,old
U05218,Snapchat,Snap Inc.,Multimedia messaging,Palestinian Territory,13.95,low,True,2023-01-24,1313,old
U05219,Pinterest,Pinterest Inc.,Visual discovery and bookmarking,Mozambique,193.54,high,True,2026-08-01,28,very_new
U05220,WeChat,Tencent,Messaging and social media,Puerto Rico,146.01,medium,True,2022-07-09,1512,old
U05221,TikTok,ByteDance,Short-form videos,Estonia,267.09,high,True,2026-05-07,114,new
U05222,Reddit,Reddit Inc.,Discussion forums and communities,Montserrat,291.3,high,False,2025-04-27,489,established
U05223,Snapchat,Snap Inc.,Multimedia messaging,Maldives,87.69,medium,True,2026-04-10,141,new
U05224,Telegram,Telegram FZ LLC,Messaging,Maldives,15.51,low,False,2019-03-09,2730,old
U05225,LinkedIn,Microsoft,Professional networking,Antigua and Barbuda,119.13,medium,True,2018-12-28,2801,old
U05226,X (formerly Twitter),X Corp.,Microblogging,New Caledonia,80.92,medium,False,2023-12-17,986,old
U05227,Quora,Quora Inc.,Q&A knowledge sharing,American Samoa,38.56,low,True,2015-12-13,3912,old
U05228,WeChat,Tencent,Messaging and social media,Falkland Islands (Malvinas),161.49,medium,True,2017-04-29,3409,old
U05229,Facebook,Meta,Social networking,Ukraine,36.35,low,True,2020-01-09,2424,old
U05230,Facebook,Meta,Social networking,Guinea,173.41,medium,True,2026-07-04,56,new
U05231,YouTube,Google,Video sharing,Syrian Arab Republic,156.97,medium,False,2020-02-23,2379,old
U05232,X (formerly Twitter),X Corp.,Microblogging,Eritrea,177.54,medium,False,2026-08-03,26,very_new
U05233,Instagram,Meta,Photo and video sharing,Canada,296.42,high,True,2025-02-17,558,established
U05234,Instagram,Meta,Photo and video sharing,Australia,175.98,medium,False,2019-03-02,2737,old
U05235,Threads,Meta,Text-based social networking,Estonia,294.07,high,False,2026-07-28,32,new
U05236,YouTube,Google,Video sharing,Armenia,261.11,high,False,2023-12-24,979,old
U05237,Pinterest,Pinterest Inc.,Visual discovery and bookmarking,Niger,299.18,high,False,2024-06-18,802,old
U05238,WeChat,Tencent,Messaging and social media,El Salvador,16.44,low,False,2026-08-05,24,very_new
U05239,WhatsApp,Meta,Messaging,Pakistan,178.86,medium,True,2026-05-31,90,new
U05240,Pinterest,Pinterest Inc.,Visual discovery and bookmarking,Suriname,25.58,low,False,2026-06-27,63,new
U05241,TikTok,ByteDance,Short-form videos,Nepal,143.23,medium,True,2020-11-26,2102,old
U05242,YouTube,Google,Video sharing,United States of America,167.64,medium,True,2015-09-01,4015,old
U05243,Pinterest,Pinterest Inc.,Visual discovery and bookmarking,Solomon Islands,223.28,high,False,2026-05-08,113,new
U05244,Threads,Meta,Text-based social networking,Macao,139.67,medium,False,2024-08-20,739,old
U05245,TikTok,ByteDance,Short-form videos,Afghanistan,200.86,high,False,2026-08-05,24,very_new
U05246,Telegram,Telegram FZ LLC,Messaging,Burkina Faso,169.45,medium,False,2019-12-03,2461,old
U05247,TikTok,ByteDance,Short-form videos,Antigua and Barbuda,275.92,high,False,2024-08-05,754,old
U05248,YouTube,Google,Video sharing,Bahrain,89.0,medium,True,2020-06-27,2254,old
U05249,LinkedIn,Microsoft,Professional networking,Ecuador,273.82,high,True,2023-02-22,1284,old
U05250,Facebook,Meta,Social networking,Chile,50.27,low,True,2026-07-19,41,new
U05251,Telegram,Telegram FZ LLC,Messaging,Libyan Arab Jamahiriya,124.53,medium,False,2017-04-11,3427,old
U05252,Facebook,Meta,Social networking,Switzerland,272.78,high,True,2024-01-11,961,old
U05253,Facebook,Meta,Social networking,Cayman Islands,177.89,medium,True,2021-10-12,1782,old
U05254,Telegram,Telegram FZ LLC,Messaging,Heard Island and McDonald Islands,218.84,high,False,2018-07-10,2972,old
U05255,Facebook,Meta,Social networking,Sudan,221.91,high,True,2017-04-12,3426,old
U05256,Reddit,Reddit Inc.,Discussion forums and communities,Mayotte,186.17,high,False,2021-09-17,1807,old
U05257,WeChat,Tencent,Messaging and social media,Korea,286.2,high,True,2018-12-18,2811,old
U05258,Snapchat,Snap Inc.,Multimedia messaging,Uruguay,287.28,high,False,2022-09-03,1456,old
U05259,WeChat,Tencent,Messaging and social media,French Guiana,122.31,medium,False,2021-07-29,1857,old
U05260,Quora,Quora Inc.,Q&A knowledge sharing,Marshall Islands,67.44,medium,True,2026-08-17,12,very_new
U05261,WhatsApp,Meta,Messaging,Spain,132.68,medium,False,2021-01-23,2044,old
U05262,Threads,Meta,Text-based social networking,Serbia,225.65,high,False,2026-06-08,82,new
U05263,Snapchat,Snap Inc.,Multimedia messaging,Sweden,287.24,high,True,2024-12-14,623,established
U05264,Threads,Meta,Text-based social networking,Brazil,159.5,medium,True,2019-05-24,2654,old
U05265,TikTok,ByteDance,Short-form videos,Marshall Islands,40.02,low,True,2021-11-03,1760,old
U05266,TikTok,ByteDance,Short-form videos,Iran,37.34,low,False,2021-01-24,2043,old
U05267,Pinterest,Pinterest Inc.,Visual discovery and bookmarking,Mongolia,232.29,high,True,2017-03-15,3454,old
U05268,Reddit,Reddit Inc.,Discussion forums and communities,Hong Kong,123.58,medium,True,2021-09-03,1821,old
U05269,Telegram,Telegram FZ LLC,Messaging,Papua New Guinea,162.94,medium,True,2025-02-19,556,established
U05270,Pinterest,Pinterest Inc.,Visual discovery and bookmarking,United Kingdom,230.62,high,True,2026-04-18,133,new
U05271,TikTok,ByteDance,Short-form videos,Samoa,71.78,medium,False,2026-08-03,26,very_new
U05272,Pinterest,Pinterest Inc.,Visual discovery and bookmarking,Kiribati,155.59,medium,False,2022-09-25,1434,old
U05273,WeChat,Tencent,Messaging and social media,Sudan,290.62,high,False,2023-08-03,1122,old
U05274,Threads,Meta,Text-based social networking,India,264.43,high,False,2026-08-22,7,very_new
U05275,LinkedIn,Microsoft,Professional networking,Benin,262.12,high,True,2024-02-02,939,old
U05276,X (formerly Twitter),X Corp.,Microblogging,Kiribati,269.59,high,False,2016-05-27,3746,old
U05277,TikTok,ByteDance,Short-form videos,Canada,17.61,low,False,2024-03-21,891,old
U05278,WeChat,Tencent,Messaging and social media,Nigeria,90.88,medium,True,2021-12-06,1727,old
U05279,Pinterest,Pinterest Inc.,Visual discovery and bookmarking,Armenia,293.36,high,True,2016-05-02,3771,old
U05280,WhatsApp,Meta,Messaging,Cote d'Ivoire,55.93,low,False,2022-12-22,1346,old
U05281,Instagram,Meta,Photo and video sharing,Timor-Leste,144.02,medium,True,2016-12-25,3534,old
U05282,YouTube,Google,Video sharing,Cape Verde,41.74,low,False,2022-07-19,1502,old
U05283,Instagram,Meta,Photo and video sharing,Guadeloupe,49.59,low,False,2019-04-17,2691,old
U05284,Reddit,Reddit Inc.,Discussion forums and communities,Japan,10.04,low,True,2019-06-02,2645,old
U05285,Facebook,Meta,Social networking,Uruguay,35.09,low,False,2018-09-24,2896,old
U05286,Threads,Meta,Text-based social networking,Christmas Island,210.76,high,False,2017-04-28,3410,old
U05287,X (formerly Twitter),X Corp.,Microblogging,Canada,197.08,high,False,2026-07-23,37,new
U05288,Facebook,Meta,Social networking,United States Virgin Islands,268.87,high,True,2025-03-03,544,established
U05289,Instagram,Meta,Photo and video sharing,Papua New Guinea,216.45,high,True,2018-02-13,3119,old
U05290,TikTok,ByteDance,Short-form videos,Spain,46.32,low,True,2026-07-21,39,new
U05291,LinkedIn,Microsoft,Professional networking,Tunisia,277.42,high,True,2023-05-30,1187,old
U05292,X (formerly Twitter),X Corp.,Microblogging,Haiti,63.52,medium,False,2017-03-02,3467,old
U05293,LinkedIn,Microsoft,Professional networking,Finland,32.3,low,True,2024-10-22,676,established
U05294,YouTube,Google,Video sharing,Zambia,10.73,low,True,2018-04-20,3053,old
U05295,YouTube,Google,Video sharing,Thailand,262.13,high,True,2026-05-28,93,new
U05296,Snapchat,Snap Inc.,Multimedia messaging,Oman,60.44,medium,False,2020-08-26,2194,old
U05297,TikTok,ByteDance,Short-form videos,Cambodia,191.52,high,False,2024-11-21,646,established
U05298,Facebook,Meta,Social networking,Haiti,170.5,medium,True,2025-03-24,523,established
U05299,WhatsApp,Meta,Messaging,Korea,189.6,high,False,2026-07-25,35,new
U05300,WhatsApp,Meta,Messaging,Australia,255.94,high,False,2020-07-01,2250,old
U05301,Reddit,Reddit Inc.,Discussion forums and communities,Benin,123.3,medium,False,2026-04-11,140,new
U05302,Telegram,Telegram FZ LLC,Messaging,Albania,84.34,medium,True,2024-01-30,942,old
U05303,WeChat,Tencent,Messaging and social media,Samoa,220.64,high,True,2023-04-02,1245,old
U05304,Pinterest,Pinterest Inc.,Visual discovery and bookmarking,Angola,176.37,medium,True,2019-09-24,2531,old
U05305,X (formerly Twitter),X Corp.,Microblogging,Vietnam,116.75,medium,True,2022-12-13,1355,old
U05306,TikTok,ByteDance,Short-form videos,United States Virgin Islands,241.81,high,True,2026-05-01,120,new
U05307,LinkedIn,Microsoft,Professional networking,Uruguay,181.12,high,False,2022-09-13,1446,old
U05308,TikTok,ByteDance,Short-form videos,New Zealand,227.27,high,True,2026-05-22,99,new
U05309,LinkedIn,Microsoft,Professional networking,Iraq,259.81,high,False,2018-06-20,2992,old
U05310,LinkedIn,Microsoft,Professional networking,Monaco,123.22,medium,True,2026-08-17,12,very_new
U05311,Instagram,Meta,Photo and video sharing,United States of America,18.1,low,True,2016-02-03,3860,old
U05312,Pinterest,Pinterest Inc.,Visual discovery and bookmarking,Cameroon,273.22,high,False,2025-02-12,563,established
U05313,Threads,Meta,Text-based social networking,Antarctica (the territory South of 60 deg S),67.74,medium,False,2017-01-01,3527,old
U05314,Threads,Meta,Text-based social networking,Norfolk Island,226.94,high,True,2024-03-31,881,old
U05315,Threads,Meta,Text-based social networking,Guinea-Bissau,290.4,high,False,2017-07-16,3331,old
U05316,YouTube,Google,Video sharing,Egypt,112.37,medium,False,2020-10-17,2142,old
U05317,TikTok,ByteDance,Short-form videos,Greece,130.15,medium,False,2024-01-01,971,old
U05318,Snapchat,Snap Inc.,Multimedia messaging,South Africa,70.85,medium,False,2020-10-20,2139,old
U05319,Snapchat,Snap Inc.,Multimedia messaging,Guadeloupe,187.91,high,False,2025-03-02,545,established
U05320,Pinterest,Pinterest Inc.,Visual discovery and bookmarking,Suriname,32.12,low,False,2020-12-23,2075,old
U05321,X (formerly Twitter),X Corp.,Microblogging,Russian Federation,206.77,high,True,2016-04-19,3784,old
U05322,Snapchat,Snap Inc.,Multimedia messaging,Cambodia,290.78,high,True,2021-05-15,1932,old
U05323,Instagram,Meta,Photo and video sharing,Turks and Caicos Islands,70.96,medium,True,2020-07-05,2246,old
U05324,Pinterest,Pinterest Inc.,Visual discovery and bookmarking,Cote d'Ivoire,26.17,low,True,2024-05-11,840,old
U05325,LinkedIn,Microsoft,Professional networking,Slovenia,240.15,high,False,2026-07-25,35,new
U05326,LinkedIn,Microsoft,Professional networking,Switzerland,261.77,high,True,2019-02-16,2751,old
U05327,X (formerly Twitter),X Corp.,Microblogging,Singapore,230.1,high,True,2015-06-20,4088,old
U05328,Facebook,Meta,Social networking,France,75.78,medium,False,2015-08-26,4021,old
U05329,X (formerly Twitter),X Corp.,Microblogging,Gabon,241.39,high,False,2020-08-12,2208,old
U05330,YouTube,Google,Video sharing,Puerto Rico,12.56,low,True,2026-06-23,67,new
U05331,Telegram,Telegram FZ LLC,Messaging,Macao,253.88,high,True,2026-04-20,131,new
U05332,X (formerly Twitter),X Corp.,Microblogging,Saint Helena,286.37,high,False,2026-07-27,33,new
U05333,X (formerly Twitter),X Corp.,Microblogging,Spain,148.2,medium,False,2019-04-01,2707,old
U05334,X (formerly Twitter),X Corp.,Microblogging,Micronesia,33.58,low,True,2021-01-01,2066,old
U05335,Reddit,Reddit Inc.,Discussion forums and communities,Saint Barthelemy,17.5,low,True,2015-12-15,3910,old
U05336,WeChat,Tencent,Messaging and social media,Cocos (Keeling) Islands,179.64,medium,False,2016-02-14,3849,old
U05337,WhatsApp,Meta,Messaging,Kuwait,90.26,medium,False,2019-12-07,2457,old
U05338,Snapchat,Snap Inc.,Multimedia messaging,Namibia,85.23,medium,False,2018-11-29,2830,old
U05339,Snapchat,Snap Inc.,Multimedia messaging,Martinique,251.36,high,False,2021-08-26,1829,old
U05340,LinkedIn,Microsoft,Professional networking,El Salvador,108.76,medium,False,2021-05-09,1938,old
U05341,Facebook,Meta,Social networking,Guyana,294.4,high,True,2016-06-09,3733,old
U05342,Facebook,Meta,Social networking,Ecuador,60.8,medium,False,2026-07-31,29,very_new
U05343,TikTok,ByteDance,Short-form videos,Greece,74.28,medium,False,2017-07-19,3328,old
U05344,Reddit,Reddit Inc.,Discussion forums and communities,Taiwan,38.07,low,True,2016-07-18,3694,old
U05345,Pinterest,Pinterest Inc.,Visual discovery and bookmarking,Belize,129.29,medium,False,2024-01-03,969,old
U05346,Facebook,Meta,Social networking,Tonga,205.57,high,False,2026-07-06,54,new
U05347,YouTube,Google,Video sharing,Djibouti,280.6,high,True,2015-05-22,4117,old
U05348,X (formerly Twitter),X Corp.,Microblogging,Congo,190.43,high,True,2018-07-29,2953,old
U05349,Instagram,Meta,Photo and video sharing,Antarctica (the territory South of 60 deg S),187.71,high,False,2018-07-29,2953,old
U05350,TikTok,ByteDance,Short-form videos,Greece,128.51,medium,True,2020-05-26,2286,old
U05351,TikTok,ByteDance,Short-form videos,Croatia,294.73,high,False,2019-03-02,2737,old
U05352,Threads,Meta,Text-based social networking,Jordan,274.7,high,False,2023-07-25,1131,old
U05353,Telegram,Telegram FZ LLC,Messaging,Serbia,87.39,medium,False,2019-12-05,2459,old
U05354,Threads,Meta,Text-based social networking,Cuba,122.99,medium,False,2026-05-11,110,new
U05355,Reddit,Reddit Inc.,Discussion forums and communities,Guatemala,58.66,low,False,2026-05-16,105,new
U05356,Pinterest,Pinterest Inc.,Visual discovery and bookmarking,Iraq,137.02,medium,False,2017-05-20,3388,old
U05357,LinkedIn,Microsoft,Professional networking,Swaziland,167.43,medium,True,2020-03-31,2342,old
U05358,LinkedIn,Microsoft,Professional networking,Cayman Islands,150.7,medium,False,2016-01-07,3887,old
U05359,YouTube,Google,Video sharing,Saint Barthelemy,141.08,medium,False,2021-09-09,1815,old
U05360,WhatsApp,Meta,Messaging,Japan,111.45,medium,False,2019-06-29,2618,old
U05361,Facebook,Meta,Social networking,Maldives,268.01,high,True,2016-10-09,3611,old
U05362,Facebook,Meta,Social networking,Guatemala,133.53,medium,False,2021-09-13,1811,old
U05363,Quora,Quora Inc.,Q&A knowledge sharing,Western Sahara,8.44,low,True,2019-02-24,2743,old
U05364,WeChat,Tencent,Messaging and social media,Uruguay,73.76,medium,True,2021-08-05,1850,old
U05365,TikTok,ByteDance,Short-form videos,South Georgia and the South Sandwich Islands,253.24,high,False,2017-10-01,3254,old
U05366,Snapchat,Snap Inc.,Multimedia messaging,Northern Mariana Islands,131.89,medium,False,2023-01-09,1328,old
U05367,Reddit,Reddit Inc.,Discussion forums and communities,Qatar,82.22,medium,False,2020-05-25,2287,old
U05368,TikTok,ByteDance,Short-form videos,Kazakhstan,48.85,low,True,2020-08-18,2202,old
U05369,Snapchat,Snap Inc.,Multimedia messaging,Georgia,120.7,medium,False,2019-05-04,2674,old
U05370,TikTok,ByteDance,Short-form videos,Mayotte,200.35,high,True,2017-12-13,3181,old
U05371,Reddit,Reddit Inc.,Discussion forums and communities,Angola,23.16,low,True,2016-04-03,3800,old
U05372,X (formerly Twitter),X Corp.,Microblogging,Mauritania,37.45,low,False,2019-08-28,2558,old
U05373,Threads,Meta,Text-based social networking,Bhutan,49.45,low,True,2019-09-09,2546,old
U05374,Pinterest,Pinterest Inc.,Visual discovery and bookmarking,Niger,195.68,high,True,2016-06-06,3736,old
U05375,X (formerly Twitter),X Corp.,Microblogging,Micronesia,127.23,medium,False,2020-08-04,2216,old
U05376,LinkedIn,Microsoft,Professional networking,Madagascar,186.68,high,False,2020-04-08,2334,old
U05377,YouTube,Google,Video sharing,United Kingdom,187.93,high,False,2024-12-31,606,established
U05378,WeChat,Tencent,Messaging and social media,Holy See (Vatican City State),187.49,high,False,2025-03-14,533,established
U05379,LinkedIn,Microsoft,Professional networking,Cocos (Keeling) Islands,270.34,high,True,2024-04-29,852,old
U05380,YouTube,Google,Video sharing,Australia,128.73,medium,False,2020-06-09,2272,old
U05381,Instagram,Meta,Photo and video sharing,Ghana,171.54,medium,False,2026-04-21,130,new
U05382,WhatsApp,Meta,Messaging,Lebanon,121.91,medium,False,2019-03-16,2723,old
U05383,TikTok,ByteDance,Short-form videos,Dominica,229.16,high,True,2024-02-07,934,old
U05384,Threads,Meta,Text-based social networking,Malawi,290.3,high,False,2023-12-04,999,old
U05385,Quora,Quora Inc.,Q&A knowledge sharing,Congo,48.09,low,True,2015-08-29,4018,old
U05386,Instagram,Meta,Photo and video sharing,Portugal,110.53,medium,False,2023-07-05,1151,old
U05387,Instagram,Meta,Photo and video sharing,Switzerland,108.76,medium,True,2023-02-26,1280,old
U05388,Threads,Meta,Text-based social networking,Malaysia,32.16,low,True,2026-03-30,152,new
U05389,Telegram,Telegram FZ LLC,Messaging,Cote d'Ivoire,75.99,medium,False,2018-10-18,2872,old
U05390,Reddit,Reddit Inc.,Discussion forums and communities,Guinea-Bissau,134.0,medium,True,2026-04-30,121,new
U05391,Quora,Quora Inc.,Q&A knowledge sharing,Greece,18.76,low,False,2018-03-16,3088,old
U05392,Threads,Meta,Text-based social networking,Antigua and Barbuda,136.18,medium,False,2018-11-23,2836,old
U05393,Snapchat,Snap Inc.,Multimedia messaging,Qatar,82.76,medium,False,2024-03-19,893,old
U05394,X (formerly Twitter),X Corp.,Microblogging,Bolivia,171.33,medium,True,2018-05-29,3014,old
U05395,Facebook,Meta,Social networking,British Indian Ocean Territory (Chagos Archipelago),13.96,low,True,2026-05-13,108,new
U05396,WeChat,Tencent,Messaging and social media,Monaco,38.18,low,False,2018-11-13,2846,old
U05397,TikTok,ByteDance,Short-form videos,Uganda,97.73,medium,False,2020-07-14,2237,old
U05398,WhatsApp,Meta,Messaging,Cuba,151.56,medium,False,2024-05-26,825,old
U05399,TikTok,ByteDance,Short-form videos,Nauru,50.11,low,False,2026-08-18,11,very_new
U05400,TikTok,ByteDance,Short-form videos,Argentina,25.32,low,True,2026-03-05,177,new
U05401,WeChat,Tencent,Messaging and social media,Honduras,66.89,medium,True,2026-05-15,106,new
U05402,Snapchat,Snap Inc.,Multimedia messaging,American Samoa,89.78,medium,False,2016-09-02,3648,old
U05403,WhatsApp,Meta,Messaging,Chad,70.46,medium,False,2019-03-30,2709,old
U05404,WeChat,Tencent,Messaging and social media,Saint Vincent and the Grenadines,167.47,medium,False,2017-08-24,3292,old
U05405,Snapchat,Snap Inc.,Multimedia messaging,Cook Islands,112.82,medium,True,2023-02-27,1279,old
U05406,TikTok,ByteDance,Short-form videos,Russian Federation,160.3,medium,True,2018-08-24,2927,old
U05407,LinkedIn,Microsoft,Professional networking,New Caledonia,85.02,medium,True,2015-07-15,4063,old
U05408,Quora,Quora Inc.,Q&A knowledge sharing,Brunei Darussalam,242.36,high,True,2026-08-06,23,very_new
U05409,Quora,Quora Inc.,Q&A knowledge sharing,New Caledonia,291.77,high,True,2026-03-14,168,new
U05410,TikTok,ByteDance,Short-form videos,Lithuania,211.07,high,True,2020-10-13,2146,old
U05411,WeChat,Tencent,Messaging and social media,Afghanistan,290.37,high,False,2022-09-02,1457,old
U05412,Pinterest,Pinterest Inc.,Visual discovery and bookmarking,Guam,144.67,medium,True,2026-07-05,55,new
U05413,Instagram,Meta,Photo and video sharing,New Caledonia,59.35,low,False,2021-05-07,1940,old
U05414,Threads,Meta,Text-based social networking,Slovenia,85.07,medium,True,2023-04-26,1221,old
U05415,Instagram,Meta,Photo and video sharing,Estonia,284.2,high,False,2017-05-05,3403,old
U05416,Facebook,Meta,Social networking,Tokelau,242.01,high,False,2019-04-15,2693,old
U05417,Instagram,Meta,Photo and video sharing,Philippines,108.77,medium,True,2018-07-20,2962,old
U05418,Snapchat,Snap Inc.,Multimedia messaging,Luxembourg,172.09,medium,True,2023-10-09,1055,old
U05419,WhatsApp,Meta,Messaging,Guadeloupe,80.63,medium,True,2017-04-04,3434,old
U05420,X (formerly Twitter),X Corp.,Microblogging,Bolivia,117.74,medium,False,2021-09-19,1805,old
U05421,Facebook,Meta,Social networking,Equatorial Guinea,70.59,medium,True,2019-07-21,2596,old
U05422,TikTok,ByteDance,Short-form videos,Samoa,198.43,high,False,2025-04-01,515,established
U05423,Threads,Meta,Text-based social networking,British Virgin Islands,51.01,low,False,2016-11-20,3569,old
U05424,Threads,Meta,Text-based social networking,Libyan Arab Jamahiriya,94.51,medium,False,2020-01-05,2428,old
U05425,Reddit,Reddit Inc.,Discussion forums and communities,Tokelau,55.78,low,True,2015-09-26,3990,old
U05426,Pinterest,Pinterest Inc.,Visual discovery and bookmarking,British Indian Ocean Territory (Chagos Archipelago),236.07,high,False,2017-03-30,3439,old
U05427,TikTok,ByteDance,Short-form videos,Ethiopia,79.02,medium,False,2026-08-10,19,very_new
U05428,Snapchat,Snap Inc.,Multimedia messaging,Guernsey,148.16,medium,False,2022-04-30,1582,old
U05429,Instagram,Meta,Photo and video sharing,Cote d'Ivoire,162.24,medium,True,2024-10-08,690,established
U05430,Facebook,Meta,Social networking,Moldova,211.81,high,True,2026-05-31,90,new
U05431,LinkedIn,Microsoft,Professional networking,Niue,21.59,low,False,2021-10-22,1772,old
U05432,Instagram,Meta,Photo and video sharing,Oman,32.56,low,False,2023-01-18,1319,old
U05433,Telegram,Telegram FZ LLC,Messaging,Myanmar,210.04,high,True,2016-11-05,3584,old
U05434,Threads,Meta,Text-based social networking,Cote d'Ivoire,297.21,high,False,2024-11-23,644,established
U05435,YouTube,Google,Video sharing,Lesotho,62.17,medium,True,2020-10-18,2141,old
U05436,Threads,Meta,Text-based social networking,Christmas Island,126.5,medium,False,2015-11-04,3951,old
U05437,Reddit,Reddit Inc.,Discussion forums and communities,Bouvet Island (Bouvetoya),138.33,medium,False,2022-10-05,1424,old
U05438,TikTok,ByteDance,Short-form videos,Gambia,21.69,low,True,2021-07-12,1874,old
U05439,Pinterest,Pinterest Inc.,Visual discovery and bookmarking,Wallis and Futuna,187.51,high,True,2017-12-10,3184,old
U05440,Instagram,Meta,Photo and video sharing,Kazakhstan,109.55,medium,True,2017-12-27,3167,old
U05441,Instagram,Meta,Photo and video sharing,Cocos (Keeling) Islands,209.09,high,True,2018-12-21,2808,old
U05442,LinkedIn,Microsoft,Professional networking,Svalbard & Jan Mayen Islands,66.39,medium,True,2026-08-05,24,very_new
U05443,Facebook,Meta,Social networking,Ecuador,286.38,high,True,2026-08-07,22,very_new
U05444,Threads,Meta,Text-based social networking,Indonesia,203.53,high,False,2023-09-11,1083,old
U05445,TikTok,ByteDance,Short-form videos,Turkmenistan,86.42,medium,False,2022-05-01,1581,old
U05446,Facebook,Meta,Social networking,Vietnam,167.59,medium,False,2024-05-02,849,old
U05447,WhatsApp,Meta,Messaging,Sri Lanka,239.1,high,False,2020-06-12,2269,old
U05448,Instagram,Meta,Photo and video sharing,Lebanon,243.53,high,True,2026-08-07,22,very_new
U05449,Facebook,Meta,Social networking,Barbados,199.31,high,True,2020-04-08,2334,old
U05450,TikTok,ByteDance,Short-form videos,Jersey,153.5,medium,True,2026-04-01,150,new
U05451,LinkedIn,Microsoft,Professional networking,Serbia,49.02,low,True,2016-02-01,3862,old
U05452,WhatsApp,Meta,Messaging,Eritrea,85.15,medium,True,2026-03-10,172,new
U05453,Facebook,Meta,Social networking,Holy See (Vatican City State),250.82,high,True,2019-01-16,2782,old
U05454,Pinterest,Pinterest Inc.,Visual discovery and bookmarking,Bahrain,102.51,medium,False,2018-05-19,3024,old
U05455,WeChat,Tencent,Messaging and social media,Australia,105.77,medium,False,2026-03-14,168,new
U05456,LinkedIn,Microsoft,Professional networking,Argentina,99.45,medium,False,2022-10-29,1400,old
U05457,Instagram,Meta,Photo and video sharing,Mozambique,191.02,high,True,2017-12-03,3191,old
U05458,X (formerly Twitter),X Corp.,Microblogging,Kyrgyz Republic,253.08,high,False,2023-08-11,1114,old
U05459,Quora,Quora Inc.,Q&A knowledge sharing,Marshall Islands,181.74,high,False,2019-01-09,2789,old
U05460,TikTok,ByteDance,Short-form videos,Brunei Darussalam,54.12,low,True,2022-06-07,1544,old
U05461,Snapchat,Snap Inc.,Multimedia messaging,Spain,274.3,high,True,2021-11-25,1738,old
U05462,Pinterest,Pinterest Inc.,Visual discovery and bookmarking,Niue,47.56,low,True,2018-05-24,3019,old
U05463,WeChat,Tencent,Messaging and social media,Macao,69.0,medium,True,2019-07-12,2605,old
U05464,TikTok,ByteDance,Short-form videos,Burkina Faso,237.59,high,False,2023-05-05,1212,old
U05465,X (formerly Twitter),X Corp.,Microblogging,Western Sahara,178.59,medium,True,2018-06-30,2982,old
U05466,TikTok,ByteDance,Short-form videos,Bosnia and Herzegovina,39.95,low,False,2023-11-06,1027,old
U05467,TikTok,ByteDance,Short-form videos,Congo,66.6,medium,False,2022-08-06,1484,old
U05468,Telegram,Telegram FZ LLC,Messaging,Nigeria,88.96,medium,False,2026-07-14,46,new
U05469,Threads,Meta,Text-based social networking,Morocco,131.21,medium,True,2024-06-24,796,old
U05470,YouTube,Google,Video sharing,Madagascar,163.7,medium,False,2024-02-20,921,old
U05471,Facebook,Meta,Social networking,British Virgin Islands,102.59,medium,False,2023-11-06,1027,old
U05472,WhatsApp,Meta,Messaging,Georgia,211.85,high,False,2020-05-09,2303,old
U05473,TikTok,ByteDance,Short-form videos,San Marino,32.7,low,False,2017-06-10,3367,old
U05474,Facebook,Meta,Social networking,Saint Lucia,284.5,high,False,2021-05-19,1928,old
U05475,TikTok,ByteDance,Short-form videos,Samoa,114.24,medium,False,2017-12-30,3164,old
U05476,Snapchat,Snap Inc.,Multimedia messaging,Armenia,127.77,medium,False,2026-03-14,168,new
U05477,WeChat,Tencent,Messaging and social media,Saint Lucia,72.23,medium,True,2021-04-08,1969,old
U05478,Reddit,Reddit Inc.,Discussion forums and communities,Angola,200.21,high,False,2025-03-01,546,established
U05479,YouTube,Google,Video sharing,Anguilla,248.61,high,True,2015-09-13,4003,old
U05480,LinkedIn,Microsoft,Professional networking,Ireland,88.16,medium,True,2021-10-18,1776,old
U05481,Instagram,Meta,Photo and video sharing,Yemen,33.28,low,True,2016-08-27,3654,old
U05482,Pinterest,Pinterest Inc.,Visual discovery and bookmarking,Egypt,196.69,high,False,2026-06-29,61,new
U05483,Snapchat,Snap Inc.,Multimedia messaging,Togo,194.29,high,True,2026-08-23,6,very_new
U05484,WhatsApp,Meta,Messaging,Liechtenstein,214.6,high,True,2019-02-26,2741,old
U05485,Telegram,Telegram FZ LLC,Messaging,Samoa,57.37,low,True,2026-04-18,133,new
U05486,WhatsApp,Meta,Messaging,Heard Island and McDonald Islands,168.02,medium,True,2026-07-14,46,new
U05487,WhatsApp,Meta,Messaging,Nicaragua,203.43,high,True,2016-12-03,3556,old
U05488,X (formerly Twitter),X Corp.,Microblogging,Cayman Islands,114.33,medium,False,2026-05-27,94,new
U05489,Snapchat,Snap Inc.,Multimedia messaging,Guadeloupe,29.43,low,True,2020-11-14,2114,old
U05490,Threads,Meta,Text-based social networking,Liberia,286.32,high,False,2023-08-21,1104,old
U05491,Snapchat,Snap Inc.,Multimedia messaging,Saint Pierre and Miquelon,248.76,high,False,2016-12-07,3552,old
U05492,Instagram,Meta,Photo and video sharing,Trinidad and Tobago,56.06,low,True,2024-10-09,689,established
U05493,Reddit,Reddit Inc.,Discussion forums and communities,Sao Tome and Principe,225.58,high,True,2023-08-07,1118,old
U05494,Pinterest,Pinterest Inc.,Visual discovery and bookmarking,Bulgaria,30.76,low,False,2017-12-12,3182,old
U05495,Facebook,Meta,Social networking,Jersey,156.46,medium,False,2017-11-30,3194,old
U05496,Quora,Quora Inc.,Q&A knowledge sharing,China,25.05,low,False,2016-05-10,3763,old
U05497,Reddit,Reddit Inc.,Discussion forums and communities,Bangladesh,266.37,high,True,2017-01-26,3502,old
U05498,Threads,Meta,Text-based social networking,Cape Verde,285.59,high,False,2015-08-08,4039,old
U05499,YouTube,Google,Video sharing,Guinea-Bissau,123.91,medium,True,2025-03-31,516,established
U05500,YouTube,Google,Video sharing,Saint Helena,235.21,high,False,2019-09-25,2530,old
U05501,Pinterest,Pinterest Inc.,Visual discovery and bookmarking,United States Minor Outlying Islands,24.05,low,False,2016-01-28,3866,old
U05502,Snapchat,Snap Inc.,Multimedia messaging,Pitcairn Islands,284.87,high,False,2026-07-16,44,new
U05503,Threads,Meta,Text-based social networking,Congo,175.1,medium,True,2025-01-19,587,established
U05504,Threads,Meta,Text-based social networking,Somalia,207.53,high,False,2025-03-20,527,established
U05505,Facebook,Meta,Social networking,North Macedonia,192.18,high,False,2020-02-19,2383,old
U05506,Snapchat,Snap Inc.,Multimedia messaging,Eritrea,249.58,high,True,2017-06-10,3367,old
U05507,WeChat,Tencent,Messaging and social media,Canada,265.52,high,False,2022-06-16,1535,old
U05508,WeChat,Tencent,Messaging and social media,Swaziland,67.92,medium,False,2019-09-05,2550,old
U05509,Instagram,Meta,Photo and video sharing,Taiwan,25.22,low,False,2016-04-06,3797,old
U05510,X (formerly Twitter),X Corp.,Microblogging,Sweden,24.75,low,False,2023-02-26,1280,old
U05511,Pinterest,Pinterest Inc.,Visual discovery and bookmarking,Uganda,254.16,high,True,2023-11-25,1008,old
U05512,X (formerly Twitter),X Corp.,Microblogging,Namibia,209.88,high,True,2017-07-24,3323,old
U05513,Quora,Quora Inc.,Q&A knowledge sharing,Hungary,46.54,low,False,2016-07-25,3687,old
U05514,Telegram,Telegram FZ LLC,Messaging,Congo,208.9,high,False,2020-12-14,2084,old
U05515,Pinterest,Pinterest Inc.,Visual discovery and bookmarking,Jordan,176.99,medium,False,2021-01-01,2066,old
U05516,TikTok,ByteDance,Short-form videos,Colombia,28.01,low,True,2021-11-08,1755,old
U05517,WeChat,Tencent,Messaging and social media,Bahamas,170.46,medium,False,2019-01-04,2794,old
U05518,WeChat,Tencent,Messaging and social media,Kenya,57.59,low,False,2015-06-14,4094,old
U05519,Snapchat,Snap Inc.,Multimedia messaging,Burundi,40.9,low,True,2022-09-01,1458,old
U05520,Telegram,Telegram FZ LLC,Messaging,Suriname,200.76,high,False,2020-05-07,2305,old
U05521,WhatsApp,Meta,Messaging,Serbia,118.87,medium,True,2026-04-03,148,new
U05522,TikTok,ByteDance,Short-form videos,French Southern Territories,126.13,medium,True,2019-07-20,2597,old
U05523,WhatsApp,Meta,Messaging,Maldives,281.82,high,False,2024-07-07,783,old
U05524,TikTok,ByteDance,Short-form videos,Tajikistan,172.23,medium,False,2026-07-25,35,new
U05525,TikTok,ByteDance,Short-form videos,Kazakhstan,49.92,low,True,2026-05-03,118,new
U05526,WeChat,Tencent,Messaging and social media,Bahamas,37.37,low,False,2018-06-21,2991,old
U05527,Instagram,Meta,Photo and video sharing,Northern Mariana Islands,21.14,low,False,2023-10-30,1034,old
U05528,Facebook,Meta,Social networking,Paraguay,15.94,low,True,2022-04-06,1606,old
U05529,Quora,Quora Inc.,Q&A knowledge sharing,Kenya,147.78,medium,True,2022-08-01,1489,old
U05530,Telegram,Telegram FZ LLC,Messaging,Tonga,110.91,medium,True,2021-09-23,1801,old
U05531,YouTube,Google,Video sharing,Saint Vincent and the Grenadines,224.0,high,False,2023-06-17,1169,old
U05532,Facebook,Meta,Social networking,Bosnia and Herzegovina,299.82,high,False,2017-11-29,3195,old
U05533,Pinterest,Pinterest Inc.,Visual discovery and bookmarking,Rwanda,134.26,medium,True,2021-02-04,2032,old
U05534,Facebook,Meta,Social networking,Argentina,46.71,low,True,2025-01-20,586,established
U05535,LinkedIn,Microsoft,Professional networking,Netherlands Antilles,182.58,high,True,2019-09-04,2551,old
U05536,Telegram,Telegram FZ LLC,Messaging,Netherlands Antilles,240.85,high,True,2026-04-03,148,new
U05537,Quora,Quora Inc.,Q&A knowledge sharing,Poland,101.89,medium,True,2023-02-01,1305,old
U05538,Pinterest,Pinterest Inc.,Visual discovery and bookmarking,Turks and Caicos Islands,293.39,high,True,2021-01-25,2042,old
U05539,WhatsApp,Meta,Messaging,Tanzania,65.47,medium,True,2016-06-04,3738,old
U05540,YouTube,Google,Video sharing,Tunisia,239.21,high,True,2022-05-15,1567,old
U05541,Reddit,Reddit Inc.,Discussion forums and communities,Suriname,104.29,medium,True,2019-02-25,2742,old
U05542,Snapchat,Snap Inc.,Multimedia messaging,Azerbaijan,161.83,medium,False,2020-05-21,2291,old
U05543,TikTok,ByteDance,Short-form videos,Singapore,167.94,medium,False,2019-07-18,2599,old
U05544,Quora,Quora Inc.,Q&A knowledge sharing,Brazil,20.25,low,True,2019-07-30,2587,old
U05545,Facebook,Meta,Social networking,Guyana,245.34,high,True,2023-03-26,1252,old
U05546,Instagram,Meta,Photo and video sharing,Mozambique,186.34,high,True,2022-06-15,1536,old
U05547,Threads,Meta,Text-based social networking,Namibia,235.67,high,False,2015-10-01,3985,old
U05548,Threads,Meta,Text-based social networking,New Zealand,181.32,high,True,2016-12-06,3553,old
U05549,Reddit,Reddit Inc.,Discussion forums and communities,Portugal,270.13,high,False,2019-07-10,2607,old
U05550,Pinterest,Pinterest Inc.,Visual discovery and bookmarking,Oman,56.76,low,True,2023-01-27,1310,old
U05551,LinkedIn,Microsoft,Professional networking,Vanuatu,251.79,high,False,2026-05-19,102,new
U05552,X (formerly Twitter),X Corp.,Microblogging,Saint Lucia,31.35,low,False,2019-08-18,2568,old
U05553,Reddit,Reddit Inc.,Discussion forums and communities,Guadeloupe,253.75,high,False,2019-11-26,2468,old
U05554,Telegram,Telegram FZ LLC,Messaging,South Georgia and the South Sandwich Islands,54.87,low,False,2016-12-08,3551,old
U05555,Instagram,Meta,Photo and video sharing,New Zealand,95.34,medium,True,2026-08-17,12,very_new
U05556,LinkedIn,Microsoft,Professional networking,Tuvalu,80.27,medium,False,2022-09-15,1444,old
U05557,Telegram,Telegram FZ LLC,Messaging,Equatorial Guinea,52.19,low,False,2026-04-08,143,new
U05558,Telegram,Telegram FZ LLC,Messaging,Bosnia and Herzegovina,126.36,medium,False,2026-03-07,175,new
U05559,YouTube,Google,Video sharing,Philippines,229.97,high,True,2021-03-22,1986,old
U05560,Facebook,Meta,Social networking,Latvia,169.76,medium,True,2026-06-25,65,new
U05561,Threads,Meta,Text-based social networking,Montserrat,131.34,medium,True,2019-12-10,2454,old
U05562,Facebook,Meta,Social networking,Albania,86.3,medium,False,2024-12-02,635,established
U05563,WhatsApp,Meta,Messaging,Guinea,161.25,medium,False,2020-11-22,2106,old
U05564,TikTok,ByteDance,Short-form videos,Turkmenistan,114.29,medium,True,2022-11-16,1382,old
U05565,Instagram,Meta,Photo and video sharing,Anguilla,43.58,low,True,2018-08-20,2931,old
U05566,YouTube,Google,Video sharing,French Southern Territories,153.92,medium,True,2021-05-15,1932,old
U05567,Snapchat,Snap Inc.,Multimedia messaging,Austria,180.81,high,True,2016-05-02,3771,old
U05568,WeChat,Tencent,Messaging and social media,Anguilla,7.02,low,True,2026-04-05,146,new
U05569,Pinterest,Pinterest Inc.,Visual discovery and bookmarking,Isle of Man,125.02,medium,False,2020-01-05,2428,old
U05570,Facebook,Meta,Social networking,Panama,138.75,medium,False,2020-11-24,2104,old
U05571,Threads,Meta,Text-based social networking,Brunei Darussalam,242.17,high,True,2016-02-09,3854,old
U05572,Threads,Meta,Text-based social networking,South Africa,62.86,medium,True,2018-01-27,3136,old
U05573,Telegram,Telegram FZ LLC,Messaging,Kiribati,69.56,medium,True,2015-08-25,4022,old
U05574,Threads,Meta,Text-based social networking,El Salvador,204.72,high,True,2018-02-18,3114,old
U05575,Reddit,Reddit Inc.,Discussion forums and communities,American Samoa,230.29,high,False,2026-07-03,57,new
U05576,YouTube,Google,Video sharing,Mozambique,39.74,low,False,2015-10-28,3958,old
U05577,TikTok,ByteDance,Short-form videos,Chad,263.52,high,True,2025-01-21,585,established
U05578,Telegram,Telegram FZ LLC,Messaging,Chile,185.9,high,False,2015-12-26,3899,old
U05579,LinkedIn,Microsoft,Professional networking,Singapore,164.17,medium,True,2026-03-12,170,new
U05580,WeChat,Tencent,Messaging and social media,Saint Helena,259.09,high,False,2016-11-19,3570,old
U05581,WeChat,Tencent,Messaging and social media,United States Virgin Islands,194.08,high,True,2026-08-03,26,very_new
U05582,WeChat,Tencent,Messaging and social media,Central African Republic,226.03,high,True,2016-12-21,3538,old
U05583,Threads,Meta,Text-based social networking,South Georgia and the South Sandwich Islands,216.38,high,True,2024-08-02,757,old
U05584,TikTok,ByteDance,Short-form videos,Norfolk Island,199.04,high,False,2015-11-27,3928,old
U05585,LinkedIn,Microsoft,Professional networking,Israel,109.09,medium,False,2015-06-21,4087,old
U05586,Snapchat,Snap Inc.,Multimedia messaging,Dominica,190.33,high,True,2026-08-11,18,very_new
U05587,LinkedIn,Microsoft,Professional networking,Cook Islands,280.89,high,False,2024-05-30,821,old
U05588,Telegram,Telegram FZ LLC,Messaging,Gambia,20.42,low,False,2017-10-17,3238,old
U05589,Pinterest,Pinterest Inc.,Visual discovery and bookmarking,Equatorial Guinea,225.28,high,False,2019-03-26,2713,old
U05590,WeChat,Tencent,Messaging and social media,Eritrea,159.36,medium,True,2020-06-29,2252,old
U05591,Facebook,Meta,Social networking,Guinea,292.18,high,False,2019-02-16,2751,old
U05592,Facebook,Meta,Social networking,Armenia,133.07,medium,False,2020-02-05,2397,old
U05593,Telegram,Telegram FZ LLC,Messaging,Burundi,222.11,high,False,2016-03-16,3818,old
U05594,Reddit,Reddit Inc.,Discussion forums and communities,Brunei Darussalam,285.95,high,True,2018-09-16,2904,old
U05595,Telegram,Telegram FZ LLC,Messaging,Czech Republic,34.01,low,True,2020-02-05,2397,old
U05596,WeChat,Tencent,Messaging and social media,Pitcairn Islands,20.01,low,True,2018-07-12,2970,old
U05597,Reddit,Reddit Inc.,Discussion forums and communities,Wallis and Futuna,276.77,high,True,2018-04-18,3055,old
U05598,Telegram,Telegram FZ LLC,Messaging,Chad,253.93,high,True,2020-09-12,2177,old
U05599,LinkedIn,Microsoft,Professional networking,Switzerland,222.78,high,True,2020-04-11,2331,old
U05600,YouTube,Google,Video sharing,Haiti,177.06,medium,True,2018-07-05,2977,old
U05601,WeChat,Tencent,Messaging and social media,Serbia,144.48,medium,False,2024-04-16,865,old
U05602,Snapchat,Snap Inc.,Multimedia messaging,Martinique,178.44,medium,False,2017-04-21,3417,old
U05603,Instagram,Meta,Photo and video sharing,Liberia,113.43,medium,True,2016-10-11,3609,old
U05604,Threads,Meta,Text-based social networking,Nauru,222.38,high,True,2018-10-06,2884,old
U05605,Reddit,Reddit Inc.,Discussion forums and communities,Venezuela,148.22,medium,False,2023-07-27,1129,old
U05606,Facebook,Meta,Social networking,Pitcairn Islands,238.21,high,False,2016-08-23,3658,old
U05607,LinkedIn,Microsoft,Professional networking,Micronesia,8.63,low,True,2026-04-05,146,new
U05608,Reddit,Reddit Inc.,Discussion forums and communities,Canada,163.19,medium,False,2017-12-21,3173,old
U05609,Telegram,Telegram FZ LLC,Messaging,Romania,148.28,medium,True,2017-07-05,3342,old
U05610,X (formerly Twitter),X Corp.,Microblogging,Uganda,210.42,high,False,2020-05-27,2285,old
U05611,YouTube,Google,Video sharing,Iceland,137.81,medium,True,2019-05-29,2649,old
U05612,Snapchat,Snap Inc.,Multimedia messaging,Philippines,102.11,medium,False,2026-05-27,94,new
U05613,Telegram,Telegram FZ LLC,Messaging,American Samoa,285.26,high,True,2018-10-05,2885,old
U05614,Pinterest,Pinterest Inc.,Visual discovery and bookmarking,Western Sahara,159.11,medium,False,2022-05-07,1575,old
U05615,Reddit,Reddit Inc.,Discussion forums and communities,Trinidad and Tobago,236.29,high,True,2017-06-19,3358,old
U05616,Reddit,Reddit Inc.,Discussion forums and communities,French Southern Territories,68.1,medium,True,2016-11-19,3570,old
U05617,Pinterest,Pinterest Inc.,Visual discovery and bookmarking,Belgium,252.42,high,False,2026-03-07,175,new
U05618,WeChat,Tencent,Messaging and social media,Maldives,179.7,medium,False,2017-07-06,3341,old
U05619,Snapchat,Snap Inc.,Multimedia messaging,Ecuador,240.45,high,True,2015-10-30,3956,old
U05620,Reddit,Reddit Inc.,Discussion forums and communities,Honduras,244.15,high,False,2019-05-15,2663,old
U05621,LinkedIn,Microsoft,Professional networking,Nepal,275.2,high,False,2016-01-22,3872,old
U05622,Reddit,Reddit Inc.,Discussion forums and communities,Cambodia,113.72,medium,True,2016-01-17,3877,old
U05623,Quora,Quora Inc.,Q&A knowledge sharing,New Zealand,219.94,high,True,2019-11-16,2478,old
U05624,Pinterest,Pinterest Inc.,Visual discovery and bookmarking,Grenada,293.95,high,True,2020-03-28,2345,old
U05625,Pinterest,Pinterest Inc.,Visual discovery and bookmarking,Cook Islands,45.98,low,False,2023-12-16,987,old
U05626,Reddit,Reddit Inc.,Discussion forums and communities,Kazakhstan,122.04,medium,False,2019-05-13,2665,old
U05627,X (formerly Twitter),X Corp.,Microblogging,Afghanistan,14.01,low,True,2016-01-02,3892,old
U05628,Threads,Meta,Text-based social networking,Swaziland,211.49,high,True,2022-01-02,1700,old
U05629,X (formerly Twitter),X Corp.,Microblogging,Bhutan,71.19,medium,True,2026-08-06,23,very_new
U05630,Facebook,Meta,Social networking,Uganda,100.45,medium,False,2026-06-30,60,new
U05631,LinkedIn,Microsoft,Professional networking,Norfolk Island,203.92,high,True,2019-10-19,2506,old
U05632,Facebook,Meta,Social networking,Bulgaria,106.45,medium,True,2026-08-21,8,very_new
U05633,Pinterest,Pinterest Inc.,Visual discovery and bookmarking,Mexico,142.33,medium,False,2016-03-31,3803,old
U05634,Instagram,Meta,Photo and video sharing,Vanuatu,124.73,medium,False,2018-04-24,3049,old
U05635,YouTube,Google,Video sharing,Cook Islands,239.14,high,False,2024-01-18,954,old
U05636,WhatsApp,Meta,Messaging,Jersey,254.49,high,True,2026-05-31,90,new
U05637,Quora,Quora Inc.,Q&A knowledge sharing,Guyana,240.25,high,True,2021-07-29,1857,old
U05638,Facebook,Meta,Social networking,Jordan,147.68,medium,True,2021-07-07,1879,old
U05639,Instagram,Meta,Photo and video sharing,Estonia,192.2,high,False,2016-06-10,3732,old
U05640,Facebook,Meta,Social networking,Finland,27.7,low,False,2026-08-27,2,very_new
U05641,Facebook,Meta,Social networking,Uruguay,79.51,medium,True,2026-03-06,176,new
U05642,Telegram,Telegram FZ LLC,Messaging,Germany,56.89,low,True,2026-08-12,17,very_new
U05643,Reddit,Reddit Inc.,Discussion forums and communities,Tuvalu,69.98,medium,False,2022-11-24,1374,old
U05644,X (formerly Twitter),X Corp.,Microblogging,Belgium,275.45,high,False,2021-06-01,1915,old
U05645,TikTok,ByteDance,Short-form videos,Nigeria,182.43,high,True,2026-06-18,72,new
U05646,WeChat,Tencent,Messaging and social media,Pakistan,248.99,high,True,2022-04-29,1583,old
U05647,Threads,Meta,Text-based social networking,Timor-Leste,172.61,medium,False,2016-04-29,3774,old
U05648,Facebook,Meta,Social networking,Palau,88.23,medium,True,2024-08-17,742,old
U05649,Facebook,Meta,Social networking,Netherlands Antilles,79.58,medium,True,2017-02-09,3488,old
U05650,YouTube,Google,Video sharing,Namibia,41.55,low,False,2018-04-07,3066,old
U05651,Facebook,Meta,Social networking,Saint Kitts and Nevis,214.22,high,True,2024-12-31,606,established
U05652,X (formerly Twitter),X Corp.,Microblogging,Western Sahara,19.02,low,True,2026-03-21,161,new
U05653,Threads,Meta,Text-based social networking,Namibia,19.31,low,False,2020-04-21,2321,old
U05654,Facebook,Meta,Social networking,Congo,247.33,high,True,2026-03-31,151,new
U05655,X (formerly Twitter),X Corp.,Microblogging,Thailand,270.1,high,False,2026-07-22,38,new
U05656,Instagram,Meta,Photo and video sharing,Venezuela,74.26,medium,False,2026-03-04,178,new
U05657,Quora,Quora Inc.,Q&A knowledge sharing,India,250.95,high,False,2022-06-25,1526,old
U05658,Reddit,Reddit Inc.,Discussion forums and communities,San Marino,134.59,medium,True,2016-04-24,3779,old
U05659,Telegram,Telegram FZ LLC,Messaging,Samoa,49.85,low,True,2015-05-20,4119,old
U05660,Quora,Quora Inc.,Q&A knowledge sharing,Rwanda,89.99,medium,True,2015-11-28,3927,old
U05661,TikTok,ByteDance,Short-form videos,Switzerland,222.41,high,True,2020-08-12,2208,old
U05662,Pinterest,Pinterest Inc.,Visual discovery and bookmarking,Western Sahara,151.74,medium,False,2023-03-18,1260,old
U05663,X (formerly Twitter),X Corp.,Microblogging,Syrian Arab Republic,103.96,medium,True,2024-04-12,869,old
U05664,Facebook,Meta,Social networking,Heard Island and McDonald Islands,218.24,high,False,2020-11-30,2098,old
U05665,Pinterest,Pinterest Inc.,Visual discovery and bookmarking,Niue,28.34,low,True,2022-10-20,1409,old
U05666,Facebook,Meta,Social networking,British Virgin Islands,20.6,low,False,2026-07-15,45,new
U05667,Pinterest,Pinterest Inc.,Visual discovery and bookmarking,Dominican Republic,87.79,medium,True,2019-08-15,2571,old
U05668,Facebook,Meta,Social networking,Bouvet Island (Bouvetoya),180.85,high,True,2024-05-28,823,old
U05669,Pinterest,Pinterest Inc.,Visual discovery and bookmarking,Jamaica,279.38,high,True,2019-08-14,2572,old
U05670,X (formerly Twitter),X Corp.,Microblogging,Malta,228.79,high,True,2020-04-07,2335,old
U05671,YouTube,Google,Video sharing,Turks and Caicos Islands,27.06,low,True,2025-02-24,551,established
U05672,Quora,Quora Inc.,Q&A knowledge sharing,China,286.66,high,False,2015-06-04,4104,old
U05673,WhatsApp,Meta,Messaging,Tajikistan,144.84,medium,False,2026-04-24,127,new
U05674,Telegram,Telegram FZ LLC,Messaging,Nepal,44.87,low,True,2022-07-08,1513,old
U05675,LinkedIn,Microsoft,Professional networking,Belize,292.26,high,True,2017-07-29,3318,old
U05676,X (formerly Twitter),X Corp.,Microblogging,Malaysia,11.24,low,True,2026-05-16,105,new
U05677,Telegram,Telegram FZ LLC,Messaging,Falkland Islands (Malvinas),194.54,high,True,2021-03-21,1987,old
U05678,TikTok,ByteDance,Short-form videos,Singapore,293.11,high,True,2024-05-23,828,old
U05679,Instagram,Meta,Photo and video sharing,Saudi Arabia,44.16,low,False,2021-08-18,1837,old
U05680,Pinterest,Pinterest Inc.,Visual discovery and bookmarking,Niger,18.46,low,False,2024-10-18,680,established
U05681,Telegram,Telegram FZ LLC,Messaging,Indonesia,41.26,low,True,2023-07-06,1150,old
U05682,YouTube,Google,Video sharing,Colombia,181.98,high,False,2021-12-19,1714,old
U05683,WhatsApp,Meta,Messaging,Romania,219.3,high,True,2026-03-26,156,new
U05684,YouTube,Google,Video sharing,Ecuador,131.01,medium,False,2026-03-15,167,new
U05685,Telegram,Telegram FZ LLC,Messaging,Sierra Leone,109.93,medium,True,2020-09-12,2177,old
U05686,Reddit,Reddit Inc.,Discussion forums and communities,French Polynesia,114.55,medium,True,2021-05-07,1940,old
U05687,Quora,Quora Inc.,Q&A knowledge sharing,Canada,76.97,medium,True,2017-06-09,3368,old
U05688,Pinterest,Pinterest Inc.,Visual discovery and bookmarking,Egypt,277.49,high,False,2017-01-18,3510,old
U05689,X (formerly Twitter),X Corp.,Microblogging,Uruguay,240.41,high,True,2018-10-27,2863,old
U05690,WhatsApp,Meta,Messaging,Chile,72.81,medium,True,2017-05-29,3379,old
U05691,LinkedIn,Microsoft,Professional networking,Solomon Islands,106.42,medium,True,2019-01-29,2769,old
U05692,Snapchat,Snap Inc.,Multimedia messaging,Norfolk Island,106.19,medium,False,2019-10-16,2509,old
U05693,LinkedIn,Microsoft,Professional networking,Faroe Islands,299.77,high,True,2024-11-30,637,established
U05694,X (formerly Twitter),X Corp.,Microblogging,Denmark,179.02,medium,False,2025-02-17,558,established
U05695,Pinterest,Pinterest Inc.,Visual discovery and bookmarking,Malaysia,204.89,high,True,2022-06-03,1548,old
U05696,Quora,Quora Inc.,Q&A knowledge sharing,Saint Pierre and Miquelon,178.9,medium,True,2020-05-03,2309,old
U05697,WhatsApp,Meta,Messaging,Nauru,269.25,high,True,2026-08-20,9,very_new
U05698,Facebook,Meta,Social networking,Palestinian Territory,237.35,high,False,2016-02-16,3847,old
U05699,WeChat,Tencent,Messaging and social media,Mauritius,12.02,low,False,2021-08-23,1832,old
U05700,Threads,Meta,Text-based social networking,Slovakia (Slovak Republic),106.28,medium,False,2026-07-09,51,new
U05701,Facebook,Meta,Social networking,Chad,279.15,high,False,2015-12-07,3918,old
U05702,Snapchat,Snap Inc.,Multimedia messaging,Congo,121.63,medium,True,2016-08-14,3667,old
U05703,TikTok,ByteDance,Short-form videos,Hungary,133.44,medium,True,2021-12-15,1718,old
U05704,Snapchat,Snap Inc.,Multimedia messaging,Moldova,205.98,high,False,2023-10-31,1033,old
U05705,Snapchat,Snap Inc.,Multimedia messaging,Uganda,39.32,low,False,2026-08-20,9,very_new
U05706,Facebook,Meta,Social networking,India,180.8,high,False,2022-01-31,1671,old
U05707,Pinterest,Pinterest Inc.,Visual discovery and bookmarking,Korea,247.51,high,False,2022-06-07,1544,old
U05708,X (formerly Twitter),X Corp.,Microblogging,Svalbard & Jan Mayen Islands,175.2,medium,True,2015-07-24,4054,old
U05709,WeChat,Tencent,Messaging and social media,Ghana,26.2,low,True,2020-02-25,2377,old
U05710,LinkedIn,Microsoft,Professional networking,Antigua and Barbuda,156.62,medium,True,2016-12-14,3545,old
U05711,Instagram,Meta,Photo and video sharing,Cayman Islands,51.56,low,False,2019-01-27,2771,old
U05712,Facebook,Meta,Social networking,Bosnia and Herzegovina,134.71,medium,False,2022-03-04,1639,old
U05713,Threads,Meta,Text-based social networking,Czech Republic,210.98,high,False,2025-04-14,502,established
U05714,Snapchat,Snap Inc.,Multimedia messaging,Christmas Island,266.42,high,False,2016-09-04,3646,old
U05715,WhatsApp,Meta,Messaging,Belize,11.79,low,True,2022-06-05,1546,old
U05716,TikTok,ByteDance,Short-form videos,Chad,182.17,high,False,2019-06-04,2643,old
U05717,Facebook,Meta,Social networking,Philippines,186.5,high,True,2015-08-30,4017,old
U05718,TikTok,ByteDance,Short-form videos,Costa Rica,141.43,medium,False,2024-03-26,886,old
U05719,Facebook,Meta,Social networking,Ukraine,22.91,low,True,2026-08-19,10,very_new
U05720,Quora,Quora Inc.,Q&A knowledge sharing,Puerto Rico,118.12,medium,True,2020-09-04,2185,old
U05721,TikTok,ByteDance,Short-form videos,Madagascar,282.55,high,True,2015-10-25,3961,old
U05722,Pinterest,Pinterest Inc.,Visual discovery and bookmarking,Bosnia and Herzegovina,100.01,medium,False,2020-08-27,2193,old
U05723,WeChat,Tencent,Messaging and social media,Netherlands,100.78,medium,True,2018-09-19,2901,old
U05724,WhatsApp,Meta,Messaging,Ethiopia,17.09,low,False,2023-04-14,1233,old
U05725,Instagram,Meta,Photo and video sharing,China,109.08,medium,False,2020-10-23,2136,old
U05726,Snapchat,Snap Inc.,Multimedia messaging,Slovenia,185.67,high,False,2019-10-04,2521,old
U05727,Reddit,Reddit Inc.,Discussion forums and communities,Iran,105.96,medium,False,2024-01-11,961,old
U05728,Quora,Quora Inc.,Q&A knowledge sharing,Canada,152.21,medium,False,2023-05-31,1186,old
U05729,Telegram,Telegram FZ LLC,Messaging,Malta,74.51,medium,True,2020-03-03,2370,old
U05730,LinkedIn,Microsoft,Professional networking,Austria,196.4,high,True,2023-02-12,1294,old
U05731,WhatsApp,Meta,Messaging,Mauritius,44.48,low,False,2024-12-19,618,established
U05732,Pinterest,Pinterest Inc.,Visual discovery and bookmarking,Bangladesh,160.14,medium,False,2017-01-17,3511,old
U05733,WhatsApp,Meta,Messaging,Chad,268.74,high,True,2017-05-03,3405,old
U05734,Snapchat,Snap Inc.,Multimedia messaging,Zimbabwe,173.84,medium,False,2021-04-06,1971,old
U05735,LinkedIn,Microsoft,Professional networking,Wallis and Futuna,99.4,medium,True,2018-07-28,2954,old
U05736,Pinterest,Pinterest Inc.,Visual discovery and bookmarking,Germany,196.25,high,True,2020-08-17,2203,old
U05737,Telegram,Telegram FZ LLC,Messaging,Seychelles,278.34,high,False,2021-06-12,1904,old
U05738,Reddit,Reddit Inc.,Discussion forums and communities,Antarctica (the territory South of 60 deg S),189.13,high,True,2024-10-25,673,established
U05739,Quora,Quora Inc.,Q&A knowledge sharing,Belarus,185.13,high,False,2026-07-24,36,new
U05740,Telegram,Telegram FZ LLC,Messaging,Tajikistan,292.01,high,True,2022-04-12,1600,old
U05741,Pinterest,Pinterest Inc.,Visual discovery and bookmarking,Ukraine,88.36,medium,False,2026-04-28,123,new
U05742,Telegram,Telegram FZ LLC,Messaging,Mongolia,52.22,low,True,2022-12-04,1364,old
U05743,Telegram,Telegram FZ LLC,Messaging,Faroe Islands,69.08,medium,False,2023-01-19,1318,old
U05744,YouTube,Google,Video sharing,Morocco,275.52,high,False,2018-10-05,2885,old
U05745,WhatsApp,Meta,Messaging,Poland,71.63,medium,False,2026-04-14,137,new
U05746,Threads,Meta,Text-based social networking,Saint Pierre and Miquelon,163.06,medium,True,2024-04-27,854,old
U05747,Reddit,Reddit Inc.,Discussion forums and communities,Turkey,53.34,low,False,2021-08-29,1826,old
U05748,Threads,Meta,Text-based social networking,Turks and Caicos Islands,55.41,low,True,2026-08-18,11,very_new
U05749,Quora,Quora Inc.,Q&A knowledge sharing,Nicaragua,122.28,medium,True,2026-07-13,47,new
U05750,YouTube,Google,Video sharing,Liberia,80.09,medium,False,2021-03-12,1996,old
U05751,Snapchat,Snap Inc.,Multimedia messaging,Bhutan,176.7,medium,False,2026-03-29,153,new
U05752,Facebook,Meta,Social networking,Uganda,132.41,medium,False,2015-10-22,3964,old
U05753,Instagram,Meta,Photo and video sharing,Saint Lucia,284.73,high,True,2024-12-16,621,established
U05754,Snapchat,Snap Inc.,Multimedia messaging,Cambodia,101.94,medium,False,2016-08-06,3675,old
U05755,Quora,Quora Inc.,Q&A knowledge sharing,Grenada,173.98,medium,False,2019-11-18,2476,old
U05756,TikTok,ByteDance,Short-form videos,Dominica,13.48,low,False,2022-08-15,1475,old
U05757,LinkedIn,Microsoft,Professional networking,Bahrain,212.12,high,False,2023-01-13,1324,old
U05758,Telegram,Telegram FZ LLC,Messaging,Fiji,285.81,high,True,2019-03-27,2712,old
U05759,Facebook,Meta,Social networking,Bermuda,159.38,medium,False,2019-06-23,2624,old
U05760,Quora,Quora Inc.,Q&A knowledge sharing,Fiji,106.18,medium,True,2016-05-05,3768,old
U05761,Reddit,Reddit Inc.,Discussion forums and communities,Saint Helena,160.35,medium,True,2022-12-17,1351,old
U05762,Telegram,Telegram FZ LLC,Messaging,Bahrain,54.69,low,True,2025-04-15,501,established
U05763,Threads,Meta,Text-based social networking,Tonga,191.21,high,True,2026-07-04,56,new
U05764,Facebook,Meta,Social networking,Bosnia and Herzegovina,136.85,medium,False,2018-03-01,3103,old
U05765,Facebook,Meta,Social networking,Cocos (Keeling) Islands,228.97,high,True,2023-01-23,1314,old
U05766,LinkedIn,Microsoft,Professional networking,Niger,157.35,medium,True,2016-11-11,3578,old
U05767,WeChat,Tencent,Messaging and social media,Guam,280.34,high,False,2024-04-18,863,old
U05768,YouTube,Google,Video sharing,Congo,75.84,medium,False,2026-06-08,82,new
U05769,Pinterest,Pinterest Inc.,Visual discovery and bookmarking,Korea,114.74,medium,False,2020-04-27,2315,old
U05770,TikTok,ByteDance,Short-form videos,Moldova,264.11,high,False,2022-04-20,1592,old
U05771,Pinterest,Pinterest Inc.,Visual discovery and bookmarking,British Virgin Islands,63.61,medium,True,2018-09-13,2907,old
U05772,YouTube,Google,Video sharing,Cambodia,209.86,high,False,2021-12-08,1725,old
U05773,Reddit,Reddit Inc.,Discussion forums and communities,Pitcairn Islands,267.6,high,False,2018-07-24,2958,old
U05774,WeChat,Tencent,Messaging and social media,Switzerland,38.22,low,False,2015-10-19,3967,old
U05775,Snapchat,Snap Inc.,Multimedia messaging,Pitcairn Islands,205.52,high,True,2015-12-02,3923,old
U05776,WeChat,Tencent,Messaging and social media,Angola,13.1,low,False,2023-11-02,1031,old
U05777,Reddit,Reddit Inc.,Discussion forums and communities,United Kingdom,285.43,high,False,2019-07-15,2602,old
U05778,Telegram,Telegram FZ LLC,Messaging,Sudan,111.06,medium,False,2026-07-31,29,very_new
U05779,Telegram,Telegram FZ LLC,Messaging,Trinidad and Tobago,167.27,medium,True,2020-09-21,2168,old
U05780,Instagram,Meta,Photo and video sharing,Niue,252.33,high,False,2022-09-26,1433,old
U05781,Quora,Quora Inc.,Q&A knowledge sharing,Paraguay,240.64,high,True,2017-11-18,3206,old
U05782,YouTube,Google,Video sharing,Thailand,161.42,medium,False,2022-05-31,1551,old
U05783,Threads,Meta,Text-based social networking,Spain,272.01,high,True,2021-07-06,1880,old
U05784,LinkedIn,Microsoft,Professional networking,Yemen,110.37,medium,False,2026-08-18,11,very_new
U05785,Telegram,Telegram FZ LLC,Messaging,Antigua and Barbuda,170.2,medium,True,2019-02-17,2750,old
U05786,Telegram,Telegram FZ LLC,Messaging,Isle of Man,283.92,high,False,2018-09-16,2904,old
U05787,Telegram,Telegram FZ LLC,Messaging,Spain,288.07,high,True,2017-10-16,3239,old
U05788,WhatsApp,Meta,Messaging,Lao People's Democratic Republic,24.49,low,False,2017-02-18,3479,old
U05789,Pinterest,Pinterest Inc.,Visual discovery and bookmarking,Lesotho,250.12,high,True,2025-02-14,561,established
U05790,Threads,Meta,Text-based social networking,Gambia,216.05,high,False,2017-02-08,3489,old
U05791,TikTok,ByteDance,Short-form videos,Indonesia,194.95,high,True,2016-12-20,3539,old
U05792,LinkedIn,Microsoft,Professional networking,Mali,24.24,low,False,2016-03-17,3817,old
U05793,LinkedIn,Microsoft,Professional networking,Panama,98.85,medium,True,2018-08-10,2941,old
U05794,Telegram,Telegram FZ LLC,Messaging,Uganda,85.77,medium,True,2026-08-05,24,very_new
U05795,WhatsApp,Meta,Messaging,New Caledonia,246.15,high,True,2017-11-04,3220,old
U05796,TikTok,ByteDance,Short-form videos,Cayman Islands,83.61,medium,False,2022-10-06,1423,old
U05797,TikTok,ByteDance,Short-form videos,Denmark,83.88,medium,True,2026-08-22,7,very_new
U05798,Instagram,Meta,Photo and video sharing,Montserrat,102.14,medium,False,2026-04-05,146,new
U05799,Threads,Meta,Text-based social networking,Pakistan,215.58,high,False,2016-03-22,3812,old
U05800,Instagram,Meta,Photo and video sharing,Sao Tome and Principe,204.91,high,True,2019-02-17,2750,old
U05801,Quora,Quora Inc.,Q&A knowledge sharing,Northern Mariana Islands,110.23,medium,True,2016-10-19,3601,old
U05802,Pinterest,Pinterest Inc.,Visual discovery and bookmarking,Seychelles,269.84,high,False,2018-08-02,2949,old
U05803,Telegram,Telegram FZ LLC,Messaging,Saint Barthelemy,21.72,low,True,2020-01-10,2423,old
U05804,LinkedIn,Microsoft,Professional networking,Liberia,185.68,high,True,2024-11-14,653,established
U05805,WeChat,Tencent,Messaging and social media,India,112.27,medium,True,2026-08-19,10,very_new
U05806,Facebook,Meta,Social networking,Mexico,42.37,low,False,2019-05-22,2656,old
U05807,Snapchat,Snap Inc.,Multimedia messaging,Slovenia,232.76,high,False,2024-07-15,775,old
U05808,Reddit,Reddit Inc.,Discussion forums and communities,Zambia,97.36,medium,False,2024-02-26,915,old
U05809,WeChat,Tencent,Messaging and social media,Mauritania,245.68,high,True,2024-07-24,766,old
U05810,Quora,Quora Inc.,Q&A knowledge sharing,Lesotho,30.62,low,False,2024-01-16,956,old
U05811,TikTok,ByteDance,Short-form videos,Guinea,181.31,high,False,2026-08-23,6,very_new
U05812,Quora,Quora Inc.,Q&A knowledge sharing,United Kingdom,236.1,high,True,2022-09-01,1458,old
U05813,Pinterest,Pinterest Inc.,Visual discovery and bookmarking,United Arab Emirates,93.89,medium,True,2017-06-08,3369,old
U05814,X (formerly Twitter),X Corp.,Microblogging,Zambia,132.07,medium,True,2020-10-16,2143,old
U05815,WeChat,Tencent,Messaging and social media,Norfolk Island,167.62,medium,False,2015-12-08,3917,old
U05816,LinkedIn,Microsoft,Professional networking,British Indian Ocean Territory (Chagos Archipelago),151.09,medium,True,2015-11-25,3930,old
U05817,Telegram,Telegram FZ LLC,Messaging,Switzerland,225.88,high,False,2020-07-25,2226,old
U05818,Pinterest,Pinterest Inc.,Visual discovery and bookmarking,Jordan,149.03,medium,False,2023-06-01,1185,old
U05819,WeChat,Tencent,Messaging and social media,Chile,267.11,high,False,2020-02-03,2399,old
U05820,WeChat,Tencent,Messaging and social media,Lithuania,87.1,medium,False,2018-12-16,2813,old
U05821,Facebook,Meta,Social networking,Barbados,105.79,medium,True,2020-01-13,2420,old
U05822,X (formerly Twitter),X Corp.,Microblogging,Ethiopia,155.77,medium,True,2024-01-07,965,old
U05823,Quora,Quora Inc.,Q&A knowledge sharing,Tokelau,244.7,high,False,2016-12-31,3528,old
U05824,WhatsApp,Meta,Messaging,Botswana,148.2,medium,False,2016-07-05,3707,old
U05825,Quora,Quora Inc.,Q&A knowledge sharing,Iraq,70.67,medium,False,2018-09-05,2915,old
U05826,Pinterest,Pinterest Inc.,Visual discovery and bookmarking,Bolivia,35.55,low,True,2021-11-07,1756,old
U05827,X (formerly Twitter),X Corp.,Microblogging,Bulgaria,178.42,medium,False,2016-10-12,3608,old
U05828,Instagram,Meta,Photo and video sharing,Pitcairn Islands,225.29,high,False,2021-06-27,1889,old
U05829,WhatsApp,Meta,Messaging,Philippines,77.93,medium,True,2025-03-20,527,established
U05830,WeChat,Tencent,Messaging and social media,Italy,31.31,low,True,2016-04-08,3795,old
U05831,Instagram,Meta,Photo and video sharing,Taiwan,182.19,high,True,2019-09-28,2527,old
U05832,TikTok,ByteDance,Short-form videos,Sweden,153.48,medium,False,2020-11-02,2126,old
U05833,Telegram,Telegram FZ LLC,Messaging,Suriname,213.55,high,True,2026-08-25,4,very_new
U05834,Quora,Quora Inc.,Q&A knowledge sharing,Yemen,41.36,low,True,2020-12-21,2077,old
U05835,Pinterest,Pinterest Inc.,Visual discovery and bookmarking,Senegal,9.88,low,True,2025-03-10,537,established
U05836,YouTube,Google,Video sharing,Thailand,126.38,medium,False,2020-01-15,2418,old
U05837,Reddit,Reddit Inc.,Discussion forums and communities,Yemen,253.98,high,True,2023-07-21,1135,old
U05838,Instagram,Meta,Photo and video sharing,Sierra Leone,133.91,medium,True,2017-03-25,3444,old
U05839,YouTube,Google,Video sharing,Finland,183.15,high,False,2023-04-14,1233,old
U05840,X (formerly Twitter),X Corp.,Microblogging,Kyrgyz Republic,201.94,high,False,2022-04-17,1595,old
U05841,Threads,Meta,Text-based social networking,Jordan,154.41,medium,True,2023-09-18,1076,old
U05842,Reddit,Reddit Inc.,Discussion forums and communities,New Caledonia,141.92,medium,True,2021-08-17,1838,old
U05843,Reddit,Reddit Inc.,Discussion forums and communities,Cyprus,297.03,high,False,2016-07-31,3681,old
U05844,Pinterest,Pinterest Inc.,Visual discovery and bookmarking,Fiji,137.58,medium,True,2022-01-06,1696,old
U05845,YouTube,Google,Video sharing,Libyan Arab Jamahiriya,252.92,high,True,2019-05-04,2674,old
U05846,Snapchat,Snap Inc.,Multimedia messaging,Cote d'Ivoire,295.78,high,False,2022-07-11,1510,old
U05847,YouTube,Google,Video sharing,Angola,19.4,low,False,2020-11-15,2113,old
U05848,Threads,Meta,Text-based social networking,Pakistan,172.07,medium,False,2018-01-09,3154,old
U05849,WeChat,Tencent,Messaging and social media,Anguilla,197.9,high,True,2024-05-25,826,old
U05850,X (formerly Twitter),X Corp.,Microblogging,Saint Vincent and the Grenadines,221.99,high,False,2021-04-04,1973,old
U05851,Threads,Meta,Text-based social networking,Saudi Arabia,249.26,high,False,2018-11-19,2840,old
U05852,WeChat,Tencent,Messaging and social media,Somalia,108.82,medium,False,2022-01-28,1674,old
U05853,Threads,Meta,Text-based social networking,Kenya,59.48,low,True,2017-03-05,3464,old
U05854,Pinterest,Pinterest Inc.,Visual discovery and bookmarking,Norway,237.17,high,False,2016-03-05,3829,old
U05855,WeChat,Tencent,Messaging and social media,United States of America,57.62,low,True,2019-06-02,2645,old
U05856,WeChat,Tencent,Messaging and social media,Saint Kitts and Nevis,49.76,low,True,2020-07-02,2249,old
U05857,Reddit,Reddit Inc.,Discussion forums and communities,Greece,143.28,medium,False,2016-12-01,3558,old
U05858,Snapchat,Snap Inc.,Multimedia messaging,Indonesia,238.85,high,False,2024-05-29,822,old
U05859,WeChat,Tencent,Messaging and social media,Sao Tome and Principe,229.45,high,True,2024-01-06,966,old
U05860,LinkedIn,Microsoft,Professional networking,El Salvador,163.84,medium,False,2022-04-27,1585,old
U05861,Instagram,Meta,Photo and video sharing,Canada,189.0,high,True,2025-05-03,483,established
U05862,Reddit,Reddit Inc.,Discussion forums and communities,Andorra,163.86,medium,True,2020-03-18,2355,old
U05863,Facebook,Meta,Social networking,Belarus,251.36,high,True,2020-06-19,2262,old
U05864,X (formerly Twitter),X Corp.,Microblogging,Guam,165.88,medium,True,2019-01-22,2776,old
U05865,Snapchat,Snap Inc.,Multimedia messaging,Ethiopia,83.49,medium,True,2021-02-08,2028,old
U05866,Reddit,Reddit Inc.,Discussion forums and communities,Belize,225.29,high,True,2023-05-18,1199,old
U05867,Instagram,Meta,Photo and video sharing,Saint Kitts and Nevis,254.23,high,False,2026-06-05,85,new
U05868,WhatsApp,Meta,Messaging,Sri Lanka,202.03,high,True,2019-04-01,2707,old
U05869,LinkedIn,Microsoft,Professional networking,Congo,34.66,low,False,2022-05-29,1553,old
U05870,Quora,Quora Inc.,Q&A knowledge sharing,Kazakhstan,55.5,low,False,2020-09-04,2185,old
U05871,TikTok,ByteDance,Short-form videos,Jersey,19.34,low,True,2026-08-06,23,very_new
U05872,WeChat,Tencent,Messaging and social media,Bulgaria,190.87,high,True,2022-07-19,1502,old
U05873,Instagram,Meta,Photo and video sharing,Western Sahara,114.6,medium,True,2022-08-14,1476,old
U05874,Instagram,Meta,Photo and video sharing,Burkina Faso,105.42,medium,False,2016-12-13,3546,old
U05875,Instagram,Meta,Photo and video sharing,Cyprus,216.24,high,False,2026-03-16,166,new
U05876,TikTok,ByteDance,Short-form videos,Korea,222.64,high,True,2019-11-22,2472,old
U05877,Threads,Meta,Text-based social networking,Central African Republic,219.46,high,False,2019-05-26,2652,old
U05878,Telegram,Telegram FZ LLC,Messaging,Sudan,162.88,medium,True,2026-03-21,161,new
U05879,LinkedIn,Microsoft,Professional networking,Nepal,56.72,low,True,2026-07-08,52,new
U05880,Telegram,Telegram FZ LLC,Messaging,Barbados,53.02,low,True,2021-09-28,1796,old
U05881,Threads,Meta,Text-based social networking,Turks and Caicos Islands,24.59,low,True,2020-05-22,2290,old
U05882,Facebook,Meta,Social networking,Norfolk Island,98.72,medium,False,2019-10-30,2495,old
U05883,Quora,Quora Inc.,Q&A knowledge sharing,Morocco,277.55,high,True,2018-06-04,3008,old
U05884,Facebook,Meta,Social networking,Azerbaijan,278.19,high,False,2020-06-27,2254,old
U05885,Snapchat,Snap Inc.,Multimedia messaging,Nepal,90.16,medium,True,2018-01-26,3137,old
U05886,Reddit,Reddit Inc.,Discussion forums and communities,Suriname,281.46,high,False,2020-01-16,2417,old
U05887,Instagram,Meta,Photo and video sharing,Pitcairn Islands,167.59,medium,False,2020-01-13,2420,old
U05888,Telegram,Telegram FZ LLC,Messaging,Bhutan,164.74,medium,True,2018-08-06,2945,old
U05889,YouTube,Google,Video sharing,Rwanda,156.74,medium,True,2026-04-22,129,new
U05890,Snapchat,Snap Inc.,Multimedia messaging,Nigeria,28.63,low,False,2016-02-05,3858,old
U05891,Pinterest,Pinterest Inc.,Visual discovery and bookmarking,Cuba,142.4,medium,False,2022-10-26,1403,old
U05892,Facebook,Meta,Social networking,Nepal,251.6,high,True,2026-04-04,147,new
U05893,Facebook,Meta,Social networking,Bosnia and Herzegovina,104.61,medium,True,2025-02-03,572,established
U05894,Snapchat,Snap Inc.,Multimedia messaging,Brunei Darussalam,194.03,high,False,2017-04-29,3409,old
U05895,TikTok,ByteDance,Short-form videos,Congo,238.32,high,False,2026-08-12,17,very_new
U05896,LinkedIn,Microsoft,Professional networking,Guam,123.01,medium,True,2023-02-18,1288,old
U05897,Threads,Meta,Text-based social networking,Czech Republic,146.52,medium,True,2017-05-27,3381,old
U05898,Facebook,Meta,Social networking,Angola,80.73,medium,False,2024-01-19,953,old
U05899,Instagram,Meta,Photo and video sharing,Cyprus,61.45,medium,True,2021-06-22,1894,old
U05900,WhatsApp,Meta,Messaging,Cuba,6.08,low,True,2018-04-04,3069,old
U05901,YouTube,Google,Video sharing,Solomon Islands,216.48,high,False,2015-07-09,4069,old
U05902,YouTube,Google,Video sharing,Croatia,99.04,medium,False,2020-05-31,2281,old
U05903,Facebook,Meta,Social networking,Guadeloupe,73.55,medium,True,2017-12-15,3179,old
U05904,Reddit,Reddit Inc.,Discussion forums and communities,Nigeria,125.57,medium,True,2015-09-09,4007,old
U05905,X (formerly Twitter),X Corp.,Microblogging,Slovakia (Slovak Republic),202.75,high,True,2018-06-18,2994,old
U05906,Snapchat,Snap Inc.,Multimedia messaging,American Samoa,124.53,medium,True,2020-03-25,2348,old
U05907,Threads,Meta,Text-based social networking,Portugal,246.18,high,True,2021-03-19,1989,old
U05908,WeChat,Tencent,Messaging and social media,Senegal,161.77,medium,False,2016-06-15,3727,old
U05909,Threads,Meta,Text-based social networking,Jamaica,58.36,low,False,2019-10-15,2510,old
U05910,Threads,Meta,Text-based social networking,New Caledonia,199.18,high,True,2026-05-31,90,new
U05911,WeChat,Tencent,Messaging and social media,Suriname,54.71,low,True,2017-01-12,3516,old
U05912,Pinterest,Pinterest Inc.,Visual discovery and bookmarking,South Georgia and the South Sandwich Islands,133.36,medium,True,2019-08-03,2583,old
U05913,WeChat,Tencent,Messaging and social media,El Salvador,97.18,medium,False,2026-06-01,89,new
U05914,WeChat,Tencent,Messaging and social media,Martinique,202.55,high,True,2018-09-05,2915,old
U05915,Instagram,Meta,Photo and video sharing,Peru,81.4,medium,False,2019-01-06,2792,old
U05916,Telegram,Telegram FZ LLC,Messaging,Italy,127.29,medium,True,2023-11-18,1015,old
U05917,Facebook,Meta,Social networking,Ukraine,246.28,high,True,2019-10-28,2497,old
U05918,TikTok,ByteDance,Short-form videos,Equatorial Guinea,206.59,high,False,2019-06-23,2624,old
U05919,YouTube,Google,Video sharing,Bahrain,200.73,high,False,2026-05-11,110,new
U05920,YouTube,Google,Video sharing,Iraq,104.41,medium,False,2018-10-09,2881,old
U05921,Instagram,Meta,Photo and video sharing,Serbia,154.78,medium,False,2019-09-17,2538,old
U05922,LinkedIn,Microsoft,Professional networking,Reunion,279.27,high,True,2026-04-22,129,new
U05923,LinkedIn,Microsoft,Professional networking,Panama,44.69,low,True,2024-04-07,874,old
U05924,TikTok,ByteDance,Short-form videos,Niue,282.45,high,True,2026-08-17,12,very_new
U05925,Facebook,Meta,Social networking,Finland,85.53,medium,True,2022-02-12,1659,old
U05926,Quora,Quora Inc.,Q&A knowledge sharing,Mauritius,76.23,medium,True,2015-08-13,4034,old
U05927,YouTube,Google,Video sharing,Timor-Leste,162.23,medium,False,2017-08-22,3294,old
U05928,Snapchat,Snap Inc.,Multimedia messaging,Botswana,30.27,low,True,2016-12-12,3547,old
U05929,Telegram,Telegram FZ LLC,Messaging,Ghana,219.71,high,True,2015-08-13,4034,old
U05930,YouTube,Google,Video sharing,Guatemala,187.75,high,True,2015-08-15,4032,old
U05931,Threads,Meta,Text-based social networking,Namibia,136.06,medium,True,2025-02-02,573,established
U05932,Facebook,Meta,Social networking,Liechtenstein,129.6,medium,False,2018-05-15,3028,old
U05933,WhatsApp,Meta,Messaging,Trinidad and Tobago,286.04,high,False,2016-10-13,3607,old
U05934,TikTok,ByteDance,Short-form videos,Holy See (Vatican City State),236.85,high,False,2020-02-26,2376,old
U05935,TikTok,ByteDance,Short-form videos,Sao Tome and Principe,147.14,medium,False,2026-04-04,147,new
U05936,Reddit,Reddit Inc.,Discussion forums and communities,Timor-Leste,21.13,low,True,2018-12-22,2807,old
U05937,Telegram,Telegram FZ LLC,Messaging,El Salvador,133.71,medium,False,2017-08-01,3315,old
U05938,Snapchat,Snap Inc.,Multimedia messaging,Pakistan,101.97,medium,True,2026-08-07,22,very_new
U05939,Quora,Quora Inc.,Q&A knowledge sharing,Latvia,12.8,low,True,2019-06-30,2617,old
U05940,X (formerly Twitter),X Corp.,Microblogging,Nepal,78.89,medium,False,2022-12-20,1348,old
U05941,LinkedIn,Microsoft,Professional networking,Samoa,171.33,medium,True,2026-08-25,4,very_new
U05942,Instagram,Meta,Photo and video sharing,Fiji,56.64,low,True,2026-03-27,155,new
U05943,WhatsApp,Meta,Messaging,Saudi Arabia,258.46,high,False,2020-10-17,2142,old
U05944,Quora,Quora Inc.,Q&A knowledge sharing,Micronesia,213.0,high,False,2026-03-11,171,new
U05945,Quora,Quora Inc.,Q&A knowledge sharing,Bolivia,248.12,high,False,2018-01-07,3156,old
U05946,Facebook,Meta,Social networking,Montenegro,26.75,low,False,2017-02-19,3478,old
U05947,WhatsApp,Meta,Messaging,Lithuania,47.87,low,True,2025-02-03,572,established
U05948,WeChat,Tencent,Messaging and social media,Haiti,259.1,high,True,2025-03-07,540,established
U05949,LinkedIn,Microsoft,Professional networking,Mongolia,97.71,medium,False,2021-11-22,1741,old
U05950,Snapchat,Snap Inc.,Multimedia messaging,Morocco,81.3,medium,True,2024-11-11,656,established
U05951,X (formerly Twitter),X Corp.,Microblogging,Guinea-Bissau,18.18,low,True,2026-08-18,11,very_new
U05952,Telegram,Telegram FZ LLC,Messaging,Finland,138.44,medium,False,2022-10-17,1412,old
U05953,X (formerly Twitter),X Corp.,Microblogging,Haiti,24.39,low,True,2016-06-05,3737,old
U05954,Quora,Quora Inc.,Q&A knowledge sharing,Mexico,151.24,medium,False,2022-01-10,1692,old
U05955,YouTube,Google,Video sharing,Jersey,129.1,medium,False,2021-12-25,1708,old
U05956,YouTube,Google,Video sharing,Zambia,165.1,medium,True,2018-04-27,3046,old
U05957,Pinterest,Pinterest Inc.,Visual discovery and bookmarking,Taiwan,85.22,medium,False,2020-04-09,2333,old
U05958,YouTube,Google,Video sharing,Paraguay,57.03,low,True,2021-11-29,1734,old
U05959,Telegram,Telegram FZ LLC,Messaging,Isle of Man,17.41,low,False,2021-06-06,1910,old
U05960,TikTok,ByteDance,Short-form videos,Lebanon,256.38,high,True,2018-02-20,3112,old
U05961,Snapchat,Snap Inc.,Multimedia messaging,New Zealand,39.6,low,True,2016-08-03,3678,old
U05962,Instagram,Meta,Photo and video sharing,Portugal,245.89,high,False,2021-10-07,1787,old
U05963,Snapchat,Snap Inc.,Multimedia messaging,Guinea,249.72,high,True,2021-08-05,1850,old
U05964,Telegram,Telegram FZ LLC,Messaging,Greece,243.6,high,False,2024-10-12,686,established
U05965,Facebook,Meta,Social networking,Myanmar,129.66,medium,True,2019-07-20,2597,old
U05966,TikTok,ByteDance,Short-form videos,Israel,39.38,low,False,2026-03-20,162,new
U05967,WhatsApp,Meta,Messaging,Nigeria,254.26,high,True,2015-12-03,3922,old
U05968,Reddit,Reddit Inc.,Discussion forums and communities,Chad,171.57,medium,True,2019-09-26,2529,old
U05969,LinkedIn,Microsoft,Professional networking,Saint Martin,232.67,high,False,2016-09-13,3637,old
U05970,Threads,Meta,Text-based social networking,Argentina,70.11,medium,False,2018-03-11,3093,old
U05971,WhatsApp,Meta,Messaging,Australia,97.67,medium,True,2019-05-27,2651,old
U05972,WhatsApp,Meta,Messaging,Saint Martin,283.98,high,False,2024-08-02,757,old
U05973,TikTok,ByteDance,Short-form videos,Zambia,158.96,medium,False,2020-09-26,2163,old
U05974,LinkedIn,Microsoft,Professional networking,Philippines,214.03,high,False,2026-08-15,14,very_new
U05975,Reddit,Reddit Inc.,Discussion forums and communities,Japan,127.77,medium,False,2023-07-27,1129,old
U05976,TikTok,ByteDance,Short-form videos,Czech Republic,133.11,medium,True,2018-12-05,2824,old
U05977,Reddit,Reddit Inc.,Discussion forums and communities,Cambodia,104.94,medium,False,2017-01-19,3509,old
U05978,WhatsApp,Meta,Messaging,New Zealand,35.88,low,False,2023-11-01,1032,old
U05979,LinkedIn,Microsoft,Professional networking,Costa Rica,233.73,high,False,2026-04-28,123,new
U05980,Instagram,Meta,Photo and video sharing,Australia,85.75,medium,True,2021-11-19,1744,old
U05981,Quora,Quora Inc.,Q&A knowledge sharing,Botswana,41.45,low,True,2019-04-17,2691,old
U05982,LinkedIn,Microsoft,Professional networking,Tonga,152.18,medium,False,2015-05-12,4127,old
U05983,WeChat,Tencent,Messaging and social media,Saint Kitts and Nevis,185.14,high,False,2026-07-26,34,new
U05984,Quora,Quora Inc.,Q&A knowledge sharing,Bermuda,208.08,high,True,2017-06-25,3352,old
U05985,YouTube,Google,Video sharing,Kyrgyz Republic,63.72,medium,False,2026-05-22,99,new
U05986,X (formerly Twitter),X Corp.,Microblogging,Germany,272.66,high,True,2024-01-07,965,old
U05987,Facebook,Meta,Social networking,Sweden,197.2,high,False,2024-01-24,948,old
U05988,X (formerly Twitter),X Corp.,Microblogging,Bolivia,125.11,medium,True,2018-05-20,3023,old
U05989,Threads,Meta,Text-based social networking,Guam,185.51,high,True,2023-02-27,1279,old
U05990,LinkedIn,Microsoft,Professional networking,Saint Martin,205.61,high,False,2018-08-27,2924,old
U05991,Instagram,Meta,Photo and video sharing,French Guiana,181.37,high,True,2021-03-27,1981,old
U05992,Facebook,Meta,Social networking,Belgium,45.92,low,False,2024-12-18,619,established
U05993,Threads,Meta,Text-based social networking,Netherlands,51.4,low,False,2022-07-12,1509,old
U05994,Quora,Quora Inc.,Q&A knowledge sharing,Niue,143.55,medium,False,2023-09-23,1071,old
U05995,WhatsApp,Meta,Messaging,Uzbekistan,264.99,high,False,2026-05-05,116,new
U05996,X (formerly Twitter),X Corp.,Microblogging,Suriname,197.65,high,True,2021-03-01,2007,old
U05997,Reddit,Reddit Inc.,Discussion forums and communities,Martinique,15.13,low,True,2018-12-17,2812,old
U05998,Threads,Meta,Text-based social networking,Saint Lucia,247.02,high,False,2019-02-14,2753,old
U05999,Threads,Meta,Text-based social networking,Ghana,151.25,medium,True,2016-03-30,3804,old
U06000,Telegram,Telegram FZ LLC,Messaging,Thailand,258.41,high,False,2022-04-29,1583,old
U06001,Pinterest,Pinterest Inc.,Visual discovery and bookmarking,Russian Federation,14.57,low,True,2024-06-18,802,old
U06002,Instagram,Meta,Photo and video sharing,Ecuador,54.82,low,True,2026-04-02,149,new
U06003,WhatsApp,Meta,Messaging,Oman,261.33,high,False,2026-03-06,176,new
U06004,WeChat,Tencent,Messaging and social media,Somalia,197.77,high,True,2022-03-08,1635,old
U06005,Instagram,Meta,Photo and video sharing,Greece,153.82,medium,False,2026-04-11,140,new
U06006,Quora,Quora Inc.,Q&A knowledge sharing,Saint Pierre and Miquelon,176.62,medium,False,2021-10-03,1791,old
U06007,Snapchat,Snap Inc.,Multimedia messaging,United States of America,272.44,high,True,2026-03-11,171,new
U06008,WhatsApp,Meta,Messaging,Bahrain,105.96,medium,True,2015-05-27,4112,old
U06009,Instagram,Meta,Photo and video sharing,British Indian Ocean Territory (Chagos Archipelago),200.7,high,True,2022-08-31,1459,old
U06010,Facebook,Meta,Social networking,Congo,88.37,medium,False,2020-07-08,2243,old
U06011,WhatsApp,Meta,Messaging,Sri Lanka,298.93,high,False,2026-08-04,25,very_new
U06012,Facebook,Meta,Social networking,United Arab Emirates,83.87,medium,False,2018-04-06,3067,old
U06013,Threads,Meta,Text-based social networking,Bermuda,181.54,high,False,2019-10-11,2514,old
U06014,Telegram,Telegram FZ LLC,Messaging,United States Minor Outlying Islands,110.97,medium,True,2023-06-26,1160,old
U06015,Facebook,Meta,Social networking,Angola,231.61,high,False,2021-09-13,1811,old
U06016,YouTube,Google,Video sharing,Botswana,296.87,high,False,2026-08-12,17,very_new
U06017,Threads,Meta,Text-based social networking,Nauru,39.68,low,True,2018-12-22,2807,old
U06018,Telegram,Telegram FZ LLC,Messaging,Bermuda,145.87,medium,True,2022-07-22,1499,old
U06019,LinkedIn,Microsoft,Professional networking,Argentina,101.14,medium,True,2017-06-09,3368,old
U06020,LinkedIn,Microsoft,Professional networking,Mali,52.28,low,True,2016-07-21,3691,old
U06021,YouTube,Google,Video sharing,Macao,263.53,high,True,2021-02-15,2021,old
U06022,LinkedIn,Microsoft,Professional networking,Azerbaijan,187.54,high,True,2022-05-28,1554,old
U06023,WeChat,Tencent,Messaging and social media,Iran,254.41,high,True,2022-09-02,1457,old
U06024,Snapchat,Snap Inc.,Multimedia messaging,Turkmenistan,166.2,medium,False,2016-04-07,3796,old
U06025,WeChat,Tencent,Messaging and social media,Suriname,279.25,high,False,2021-02-13,2023,old
U06026,Reddit,Reddit Inc.,Discussion forums and communities,Portugal,177.41,medium,False,2021-06-02,1914,old
U06027,Facebook,Meta,Social networking,Morocco,61.95,medium,False,2024-01-10,962,old
U06028,Facebook,Meta,Social networking,Equatorial Guinea,122.17,medium,False,2023-10-05,1059,old
U06029,X (formerly Twitter),X Corp.,Microblogging,Latvia,114.99,medium,True,2016-05-15,3758,old
U06030,Pinterest,Pinterest Inc.,Visual discovery and bookmarking,Suriname,123.26,medium,True,2021-10-03,1791,old
U06031,Reddit,Reddit Inc.,Discussion forums and communities,United States of America,269.27,high,False,2024-09-07,721,established
U06032,TikTok,ByteDance,Short-form videos,Andorra,134.92,medium,True,2024-10-08,690,established
U06033,Reddit,Reddit Inc.,Discussion forums and communities,Armenia,281.09,high,False,2026-06-13,77,new
U06034,Snapchat,Snap Inc.,Multimedia messaging,Sudan,218.26,high,False,2026-08-18,11,very_new
U06035,Quora,Quora Inc.,Q&A knowledge sharing,Tanzania,213.29,high,True,2019-04-07,2701,old
U06036,WhatsApp,Meta,Messaging,Jersey,77.7,medium,True,2018-02-16,3116,old
U06037,Reddit,Reddit Inc.,Discussion forums and communities,North Macedonia,224.22,high,False,2026-03-04,178,new
U06038,Threads,Meta,Text-based social networking,Christmas Island,134.03,medium,True,2018-01-20,3143,old
U06039,Quora,Quora Inc.,Q&A knowledge sharing,Madagascar,27.64,low,False,2018-11-12,2847,old
U06040,Facebook,Meta,Social networking,Mexico,66.6,medium,True,2024-05-20,831,old
U06041,TikTok,ByteDance,Short-form videos,Papua New Guinea,25.54,low,True,2022-02-12,1659,old
U06042,Reddit,Reddit Inc.,Discussion forums and communities,Cocos (Keeling) Islands,41.19,low,True,2023-01-08,1329,old
U06043,Instagram,Meta,Photo and video sharing,Estonia,107.33,medium,True,2024-03-25,887,old
U06044,LinkedIn,Microsoft,Professional networking,Liberia,271.14,high,True,2021-04-17,1960,old
U06045,WhatsApp,Meta,Messaging,Portugal,182.88,high,True,2026-07-30,30,new
U06046,WhatsApp,Meta,Messaging,Hungary,242.68,high,True,2017-06-01,3376,old
U06047,TikTok,ByteDance,Short-form videos,Honduras,27.13,low,False,2016-05-07,3766,old
U06048,Snapchat,Snap Inc.,Multimedia messaging,Marshall Islands,132.67,medium,False,2015-06-24,4084,old
U06049,X (formerly Twitter),X Corp.,Microblogging,Portugal,136.63,medium,False,2026-08-05,24,very_new
U06050,YouTube,Google,Video sharing,Suriname,58.87,low,False,2016-09-09,3641,old
U06051,X (formerly Twitter),X Corp.,Microblogging,Kazakhstan,261.36,high,False,2017-08-03,3313,old
U06052,Telegram,Telegram FZ LLC,Messaging,Senegal,269.31,high,True,2018-02-20,3112,old
U06053,WhatsApp,Meta,Messaging,Montenegro,138.78,medium,False,2021-03-05,2003,old
U06054,X (formerly Twitter),X Corp.,Microblogging,Djibouti,251.03,high,True,2021-04-21,1956,old
U06055,Quora,Quora Inc.,Q&A knowledge sharing,Somalia,95.84,medium,False,2019-04-10,2698,old
U06056,LinkedIn,Microsoft,Professional networking,North Macedonia,95.33,medium,False,2024-05-09,842,old
U06057,LinkedIn,Microsoft,Professional networking,Guinea,276.91,high,False,2016-04-05,3798,old
U06058,WeChat,Tencent,Messaging and social media,Norway,53.13,low,True,2024-07-25,765,old
U06059,TikTok,ByteDance,Short-form videos,Turkmenistan,15.51,low,True,2019-09-01,2554,old
U06060,Pinterest,Pinterest Inc.,Visual discovery and bookmarking,Bhutan,70.91,medium,False,2020-03-10,2363,old
U06061,X (formerly Twitter),X Corp.,Microblogging,Latvia,204.09,high,False,2021-03-11,1997,old
U06062,Snapchat,Snap Inc.,Multimedia messaging,Cook Islands,253.03,high,True,2026-08-05,24,very_new
U06063,TikTok,ByteDance,Short-form videos,Maldives,265.19,high,False,2017-02-19,3478,old
U06064,Quora,Quora Inc.,Q&A knowledge sharing,Antarctica (the territory South of 60 deg S),69.86,medium,False,2021-12-30,1703,old
U06065,Reddit,Reddit Inc.,Discussion forums and communities,Cocos (Keeling) Islands,51.97,low,True,2022-06-05,1546,old
U06066,Quora,Quora Inc.,Q&A knowledge sharing,Egypt,141.99,medium,False,2017-02-13,3484,old
U06067,Reddit,Reddit Inc.,Discussion forums and communities,Nicaragua,79.1,medium,False,2023-05-26,1191,old
U06068,YouTube,Google,Video sharing,Australia,291.87,high,True,2015-07-25,4053,old
U06069,LinkedIn,Microsoft,Professional networking,Kiribati,120.73,medium,True,2026-07-02,58,new
U06070,Threads,Meta,Text-based social networking,Italy,15.36,low,False,2021-12-16,1717,old
U06071,Threads,Meta,Text-based social networking,Togo,162.86,medium,False,2015-11-25,3930,old
U06072,YouTube,Google,Video sharing,Palau,48.03,low,False,2024-08-12,747,old
U06073,TikTok,ByteDance,Short-form videos,Guam,43.66,low,False,2023-01-13,1324,old
U06074,TikTok,ByteDance,Short-form videos,Isle of Man,195.39,high,True,2016-08-28,3653,old
U06075,Telegram,Telegram FZ LLC,Messaging,Bhutan,46.03,low,False,2017-05-17,3391,old
U06076,LinkedIn,Microsoft,Professional networking,Japan,178.58,medium,True,2022-05-17,1565,old
U06077,Pinterest,Pinterest Inc.,Visual discovery and bookmarking,Luxembourg,75.96,medium,False,2026-08-11,18,very_new
U06078,WeChat,Tencent,Messaging and social media,Macao,128.66,medium,True,2026-03-12,170,new
U06079,Instagram,Meta,Photo and video sharing,Bolivia,246.26,high,False,2019-12-23,2441,old
U06080,X (formerly Twitter),X Corp.,Microblogging,Saint Pierre and Miquelon,236.46,high,False,2015-09-13,4003,old
U06081,TikTok,ByteDance,Short-form videos,Ghana,238.78,high,False,2019-01-25,2773,old
U06082,Pinterest,Pinterest Inc.,Visual discovery and bookmarking,Latvia,291.43,high,True,2018-01-02,3161,old
U06083,Quora,Quora Inc.,Q&A knowledge sharing,Spain,176.3,medium,False,2022-01-29,1673,old
U06084,Facebook,Meta,Social networking,Lesotho,203.04,high,False,2026-08-17,12,very_new
U06085,Threads,Meta,Text-based social networking,Saint Lucia,124.43,medium,True,2024-07-05,785,old
U06086,X (formerly Twitter),X Corp.,Microblogging,Tajikistan,6.02,low,False,2026-03-29,153,new
U06087,Facebook,Meta,Social networking,Macao,245.27,high,True,2015-10-29,3957,old
U06088,Threads,Meta,Text-based social networking,Zambia,225.05,high,False,2020-11-12,2116,old
U06089,Reddit,Reddit Inc.,Discussion forums and communities,Mongolia,223.36,high,False,2022-04-15,1597,old
U06090,Pinterest,Pinterest Inc.,Visual discovery and bookmarking,Uruguay,119.23,medium,True,2021-09-19,1805,old
U06091,Telegram,Telegram FZ LLC,Messaging,Samoa,230.62,high,True,2022-06-19,1532,old
U06092,WeChat,Tencent,Messaging and social media,Turks and Caicos Islands,24.27,low,True,2023-02-12,1294,old
U06093,Reddit,Reddit Inc.,Discussion forums and communities,Senegal,125.84,medium,False,2019-12-17,2447,old
U06094,YouTube,Google,Video sharing,Nepal,94.53,medium,False,2020-07-15,2236,old
U06095,Facebook,Meta,Social networking,Azerbaijan,72.49,medium,True,2020-06-22,2259,old
U06096,WhatsApp,Meta,Messaging,Chad,258.52,high,True,2015-06-25,4083,old
U06097,X (formerly Twitter),X Corp.,Microblogging,Heard Island and McDonald Islands,113.56,medium,False,2018-05-26,3017,old
U06098,WhatsApp,Meta,Messaging,Puerto Rico,183.07,high,False,2018-08-21,2930,old
U06099,TikTok,ByteDance,Short-form videos,Tanzania,120.85,medium,False,2023-08-04,1121,old
U06100,LinkedIn,Microsoft,Professional networking,Solomon Islands,134.3,medium,True,2024-08-06,753,old
U06101,Facebook,Meta,Social networking,Canada,293.04,high,False,2023-06-02,1184,old
U06102,WeChat,Tencent,Messaging and social media,Central African Republic,287.98,high,True,2016-11-18,3571,old
U06103,Telegram,Telegram FZ LLC,Messaging,Norway,162.16,medium,True,2026-03-19,163,new
U06104,Quora,Quora Inc.,Q&A knowledge sharing,Thailand,157.91,medium,False,2026-07-23,37,new
U06105,Snapchat,Snap Inc.,Multimedia messaging,Armenia,269.25,high,False,2021-11-23,1740,old
U06106,Telegram,Telegram FZ LLC,Messaging,Kenya,280.43,high,False,2022-02-28,1643,old
U06107,Snapchat,Snap Inc.,Multimedia messaging,Mozambique,181.73,high,False,2022-02-26,1645,old
U06108,Quora,Quora Inc.,Q&A knowledge sharing,Venezuela,49.33,low,True,2026-06-09,81,new
U06109,WeChat,Tencent,Messaging and social media,Barbados,281.11,high,False,2024-09-24,704,established
U06110,Reddit,Reddit Inc.,Discussion forums and communities,Togo,116.33,medium,True,2026-08-01,28,very_new
U06111,Snapchat,Snap Inc.,Multimedia messaging,American Samoa,261.51,high,True,2018-11-13,2846,old
U06112,WeChat,Tencent,Messaging and social media,Tokelau,193.02,high,True,2024-10-04,694,established
U06113,WeChat,Tencent,Messaging and social media,Saint Pierre and Miquelon,14.22,low,False,2026-04-30,121,new
U06114,YouTube,Google,Video sharing,Northern Mariana Islands,118.06,medium,True,2020-02-07,2395,old
U06115,Quora,Quora Inc.,Q&A knowledge sharing,Ghana,50.91,low,True,2018-10-27,2863,old
U06116,Reddit,Reddit Inc.,Discussion forums and communities,Poland,291.89,high,True,2022-02-01,1670,old
U06117,X (formerly Twitter),X Corp.,Microblogging,Jordan,121.06,medium,True,2015-11-03,3952,old
U06118,TikTok,ByteDance,Short-form videos,Barbados,113.15,medium,True,2016-08-08,3673,old
U06119,WhatsApp,Meta,Messaging,Iceland,39.26,low,True,2021-04-28,1949,old
U06120,Threads,Meta,Text-based social networking,Falkland Islands (Malvinas),211.61,high,True,2017-03-12,3457,old
U06121,WeChat,Tencent,Messaging and social media,Guernsey,14.64,low,True,2017-07-09,3338,old
U06122,YouTube,Google,Video sharing,Albania,197.52,high,True,2026-07-10,50,new
U06123,Pinterest,Pinterest Inc.,Visual discovery and bookmarking,Bhutan,246.4,high,True,2024-08-28,731,old
U06124,LinkedIn,Microsoft,Professional networking,El Salvador,214.62,high,True,2026-06-29,61,new
U06125,Quora,Quora Inc.,Q&A knowledge sharing,Hong Kong,42.59,low,False,2017-01-21,3507,old
U06126,LinkedIn,Microsoft,Professional networking,Turkmenistan,173.08,medium,True,2026-07-19,41,new
U06127,Pinterest,Pinterest Inc.,Visual discovery and bookmarking,Uganda,50.56,low,True,2015-05-14,4125,old
U06128,WeChat,Tencent,Messaging and social media,Indonesia,119.76,medium,True,2026-08-10,19,very_new
U06129,YouTube,Google,Video sharing,Afghanistan,130.89,medium,True,2020-09-30,2159,old
U06130,Pinterest,Pinterest Inc.,Visual discovery and bookmarking,Serbia,167.98,medium,True,2023-10-20,1044,old
U06131,YouTube,Google,Video sharing,Dominica,227.26,high,True,2017-10-29,3226,old
U06132,Reddit,Reddit Inc.,Discussion forums and communities,India,181.2,high,False,2016-01-03,3891,old
U06133,Reddit,Reddit Inc.,Discussion forums and communities,Nepal,22.29,low,True,2018-08-05,2946,old
U06134,Instagram,Meta,Photo and video sharing,Denmark,56.14,low,False,2019-04-19,2689,old
U06135,WhatsApp,Meta,Messaging,Malta,293.9,high,True,2020-06-22,2259,old
U06136,Threads,Meta,Text-based social networking,Bhutan,236.02,high,True,2026-04-22,129,new
U06137,Instagram,Meta,Photo and video sharing,Tuvalu,53.25,low,True,2020-02-23,2379,old
U06138,TikTok,ByteDance,Short-form videos,French Guiana,267.09,high,True,2020-03-25,2348,old
U06139,LinkedIn,Microsoft,Professional networking,Jordan,219.89,high,True,2018-06-18,2994,old
U06140,Snapchat,Snap Inc.,Multimedia messaging,Wallis and Futuna,92.16,medium,False,2023-02-06,1300,old
U06141,TikTok,ByteDance,Short-form videos,Antigua and Barbuda,130.25,medium,False,2026-04-13,138,new
U06142,Reddit,Reddit Inc.,Discussion forums and communities,Equatorial Guinea,7.17,low,True,2026-07-10,50,new
U06143,Facebook,Meta,Social networking,Gibraltar,5.71,low,False,2023-06-29,1157,old
U06144,TikTok,ByteDance,Short-form videos,Swaziland,187.22,high,True,2026-07-08,52,new
U06145,WhatsApp,Meta,Messaging,Togo,282.02,high,True,2022-08-26,1464,old
U06146,Instagram,Meta,Photo and video sharing,Georgia,179.06,medium,False,2023-01-19,1318,old
U06147,Threads,Meta,Text-based social networking,Dominica,236.82,high,False,2024-08-17,742,old
U06148,Reddit,Reddit Inc.,Discussion forums and communities,Russian Federation,52.63,low,False,2018-08-02,2949,old
U06149,Pinterest,Pinterest Inc.,Visual discovery and bookmarking,Estonia,146.72,medium,False,2024-12-17,620,established
U06150,Snapchat,Snap Inc.,Multimedia messaging,Botswana,147.1,medium,True,2019-11-18,2476,old
U06151,YouTube,Google,Video sharing,United States of America,243.3,high,False,2018-10-13,2877,old
U06152,WeChat,Tencent,Messaging and social media,Luxembourg,271.34,high,False,2023-03-30,1248,old
U06153,WeChat,Tencent,Messaging and social media,Kuwait,33.66,low,True,2017-06-04,3373,old
U06154,Reddit,Reddit Inc.,Discussion forums and communities,Denmark,78.01,medium,False,2019-09-09,2546,old
U06155,Telegram,Telegram FZ LLC,Messaging,Wallis and Futuna,143.3,medium,False,2016-02-28,3835,old
U06156,Reddit,Reddit Inc.,Discussion forums and communities,Jamaica,27.77,low,True,2020-01-26,2407,old
U06157,LinkedIn,Microsoft,Professional networking,Qatar,161.96,medium,False,2017-08-18,3298,old
U06158,WeChat,Tencent,Messaging and social media,New Caledonia,113.66,medium,True,2018-03-13,3091,old
U06159,WeChat,Tencent,Messaging and social media,Czech Republic,61.58,medium,False,2026-08-18,11,very_new
U06160,Snapchat,Snap Inc.,Multimedia messaging,Taiwan,228.51,high,True,2025-01-02,604,established
U06161,Threads,Meta,Text-based social networking,Qatar,113.78,medium,True,2022-05-02,1580,old
U06162,Quora,Quora Inc.,Q&A knowledge sharing,Moldova,105.62,medium,False,2024-10-17,681,established
U06163,Snapchat,Snap Inc.,Multimedia messaging,Macao,86.98,medium,True,2017-03-05,3464,old
U06164,X (formerly Twitter),X Corp.,Microblogging,Guyana,116.25,medium,True,2026-08-14,15,very_new
U06165,WeChat,Tencent,Messaging and social media,Congo,26.31,low,True,2016-08-23,3658,old
U06166,Threads,Meta,Text-based social networking,Morocco,214.22,high,False,2017-02-01,3496,old
U06167,WhatsApp,Meta,Messaging,Egypt,57.29,low,True,2021-09-20,1804,old
U06168,Reddit,Reddit Inc.,Discussion forums and communities,Saint Pierre and Miquelon,88.33,medium,True,2024-08-24,735,old
U06169,Instagram,Meta,Photo and video sharing,Senegal,118.79,medium,False,2017-05-02,3406,old
U06170,Quora,Quora Inc.,Q&A knowledge sharing,Cape Verde,285.52,high,False,2017-07-23,3324,old
U06171,WhatsApp,Meta,Messaging,Papua New Guinea,50.84,low,True,2020-05-08,2304,old
U06172,Instagram,Meta,Photo and video sharing,South Georgia and the South Sandwich Islands,65.62,medium,True,2018-01-15,3148,old
U06173,Snapchat,Snap Inc.,Multimedia messaging,Armenia,51.96,low,True,2021-09-25,1799,old
U06174,WeChat,Tencent,Messaging and social media,Antigua and Barbuda,173.74,medium,True,2020-02-20,2382,old
U06175,Snapchat,Snap Inc.,Multimedia messaging,Micronesia,119.2,medium,True,2023-10-31,1033,old
U06176,Reddit,Reddit Inc.,Discussion forums and communities,Aruba,188.68,high,True,2026-05-06,115,new
U06177,Reddit,Reddit Inc.,Discussion forums and communities,Kazakhstan,174.94,medium,True,2024-06-28,792,old
U06178,Telegram,Telegram FZ LLC,Messaging,Turkmenistan,77.07,medium,False,2022-07-19,1502,old
U06179,X (formerly Twitter),X Corp.,Microblogging,Niger,177.94,medium,True,2022-06-27,1524,old
U06180,Telegram,Telegram FZ LLC,Messaging,Cyprus,196.27,high,False,2016-09-04,3646,old
U06181,Quora,Quora Inc.,Q&A knowledge sharing,Kenya,249.65,high,False,2022-08-27,1463,old
U06182,Reddit,Reddit Inc.,Discussion forums and communities,Saint Helena,76.0,medium,False,2021-03-03,2005,old
U06183,Snapchat,Snap Inc.,Multimedia messaging,Norway,270.25,high,False,2017-03-23,3446,old
U06184,YouTube,Google,Video sharing,Netherlands,31.61,low,True,2017-06-06,3371,old
U06185,WeChat,Tencent,Messaging and social media,San Marino,18.86,low,False,2026-06-03,87,new
U06186,YouTube,Google,Video sharing,Kuwait,178.85,medium,True,2024-12-09,628,established
U06187,Pinterest,Pinterest Inc.,Visual discovery and bookmarking,Central African Republic,24.63,low,False,2020-11-13,2115,old
U06188,YouTube,Google,Video sharing,Tajikistan,291.21,high,True,2024-11-30,637,established
U06189,Facebook,Meta,Social networking,Saint Barthelemy,86.66,medium,True,2017-04-02,3436,old
U06190,Facebook,Meta,Social networking,Liechtenstein,215.53,high,True,2019-08-13,2573,old
U06191,Reddit,Reddit Inc.,Discussion forums and communities,Saint Pierre and Miquelon,147.12,medium,True,2025-02-10,565,established
U06192,Threads,Meta,Text-based social networking,Iran,67.56,medium,True,2026-03-06,176,new
U06193,Reddit,Reddit Inc.,Discussion forums and communities,Tanzania,67.04,medium,False,2016-01-01,3893,old
U06194,WeChat,Tencent,Messaging and social media,Western Sahara,92.31,medium,False,2019-02-11,2756,old
U06195,X (formerly Twitter),X Corp.,Microblogging,Niger,104.59,medium,False,2018-10-31,2859,old
U06196,Pinterest,Pinterest Inc.,Visual discovery and bookmarking,Jordan,125.96,medium,False,2023-08-11,1114,old
U06197,Facebook,Meta,Social networking,Bolivia,87.16,medium,True,2026-08-03,26,very_new
U06198,Threads,Meta,Text-based social networking,Cambodia,33.56,low,False,2026-08-20,9,very_new
U06199,Instagram,Meta,Photo and video sharing,Hungary,253.07,high,True,2017-03-01,3468,old
U06200,X (formerly Twitter),X Corp.,Microblogging,Sweden,214.16,high,True,2026-07-11,49,new
U06201,WeChat,Tencent,Messaging and social media,Liechtenstein,203.67,high,True,2022-08-25,1465,old
U06202,Threads,Meta,Text-based social networking,Namibia,79.16,medium,False,2017-01-07,3521,old
U06203,Telegram,Telegram FZ LLC,Messaging,Monaco,156.96,medium,False,2026-07-14,46,new
U06204,Pinterest,Pinterest Inc.,Visual discovery and bookmarking,Togo,240.51,high,False,2022-09-04,1455,old
U06205,WeChat,Tencent,Messaging and social media,Reunion,280.72,high,False,2026-08-21,8,very_new
U06206,WeChat,Tencent,Messaging and social media,Sweden,172.73,medium,True,2015-08-25,4022,old
U06207,Reddit,Reddit Inc.,Discussion forums and communities,Guernsey,15.45,low,False,2024-09-02,726,established
U06208,Pinterest,Pinterest Inc.,Visual discovery and bookmarking,Marshall Islands,53.55,low,True,2026-06-13,77,new
U06209,Reddit,Reddit Inc.,Discussion forums and communities,Lebanon,266.36,high,False,2026-08-27,2,very_new
U06210,Threads,Meta,Text-based social networking,Estonia,265.68,high,True,2022-07-22,1499,old
U06211,Threads,Meta,Text-based social networking,Mongolia,237.27,high,False,2023-03-12,1266,old
U06212,WhatsApp,Meta,Messaging,Saint Helena,98.26,medium,True,2023-03-22,1256,old
U06213,WeChat,Tencent,Messaging and social media,Anguilla,208.83,high,False,2026-04-28,123,new
U06214,Quora,Quora Inc.,Q&A knowledge sharing,Chile,176.66,medium,True,2016-07-31,3681,old
U06215,Threads,Meta,Text-based social networking,Mayotte,187.84,high,True,2023-07-23,1133,old
U06216,YouTube,Google,Video sharing,Greece,101.43,medium,False,2018-12-11,2818,old
U06217,WhatsApp,Meta,Messaging,Cayman Islands,154.39,medium,True,2023-03-16,1262,old
U06218,Telegram,Telegram FZ LLC,Messaging,Peru,106.49,medium,True,2024-06-29,791,old
U06219,Reddit,Reddit Inc.,Discussion forums and communities,Peru,184.5,high,True,2016-07-11,3701,old
U06220,Quora,Quora Inc.,Q&A knowledge sharing,Jersey,14.35,low,False,2024-01-11,961,old
U06221,WeChat,Tencent,Messaging and social media,Niger,68.42,medium,False,2026-05-10,111,new
U06222,LinkedIn,Microsoft,Professional networking,Italy,187.31,high,False,2021-04-13,1964,old
U06223,Pinterest,Pinterest Inc.,Visual discovery and bookmarking,Kiribati,55.13,low,True,2026-08-15,14,very_new
U06224,TikTok,ByteDance,Short-form videos,Angola,261.74,high,False,2022-03-13,1630,old
U06225,Instagram,Meta,Photo and video sharing,French Polynesia,29.2,low,False,2015-12-24,3901,old
U06226,X (formerly Twitter),X Corp.,Microblogging,Albania,257.18,high,False,2026-04-01,150,new
U06227,TikTok,ByteDance,Short-form videos,Bhutan,289.84,high,False,2026-08-27,2,very_new
U06228,WeChat,Tencent,Messaging and social media,Gabon,181.97,high,True,2026-03-15,167,new
U06229,Threads,Meta,Text-based social networking,Libyan Arab Jamahiriya,221.67,high,False,2026-08-05,24,very_new
U06230,YouTube,Google,Video sharing,Samoa,278.49,high,False,2018-06-06,3006,old
U06231,WhatsApp,Meta,Messaging,United States Minor Outlying Islands,142.26,medium,False,2020-08-29,2191,old
U06232,YouTube,Google,Video sharing,Pitcairn Islands,205.6,high,True,2022-02-02,1669,old
U06233,Telegram,Telegram FZ LLC,Messaging,Australia,167.32,medium,False,2026-03-03,179,new
U06234,Quora,Quora Inc.,Q&A knowledge sharing,Ghana,259.11,high,True,2026-06-12,78,new
U06235,TikTok,ByteDance,Short-form videos,American Samoa,115.13,medium,True,2018-07-17,2965,old
U06236,X (formerly Twitter),X Corp.,Microblogging,Brunei Darussalam,173.75,medium,True,2026-08-10,19,very_new
U06237,X (formerly Twitter),X Corp.,Microblogging,Korea,115.53,medium,False,2022-12-23,1345,old
U06238,TikTok,ByteDance,Short-form videos,Bahrain,14.97,low,True,2016-04-16,3787,old
U06239,Threads,Meta,Text-based social networking,Heard Island and McDonald Islands,71.25,medium,True,2021-03-20,1988,old
U06240,YouTube,Google,Video sharing,Ghana,250.88,high,True,2022-09-28,1431,old
U06241,TikTok,ByteDance,Short-form videos,Saint Pierre and Miquelon,244.44,high,True,2020-09-14,2175,old
U06242,TikTok,ByteDance,Short-form videos,Saint Helena,116.63,medium,True,2018-06-30,2982,old
U06243,WhatsApp,Meta,Messaging,Palestinian Territory,262.83,high,True,2015-07-27,4051,old
U06244,Quora,Quora Inc.,Q&A knowledge sharing,Tajikistan,69.78,medium,True,2021-09-19,1805,old
U06245,Snapchat,Snap Inc.,Multimedia messaging,Palestinian Territory,161.58,medium,True,2020-06-14,2267,old
U06246,Reddit,Reddit Inc.,Discussion forums and communities,Thailand,62.63,medium,True,2017-05-16,3392,old
U06247,Pinterest,Pinterest Inc.,Visual discovery and bookmarking,Libyan Arab Jamahiriya,179.61,medium,True,2020-01-01,2432,old
U06248,Pinterest,Pinterest Inc.,Visual discovery and bookmarking,Monaco,232.69,high,False,2020-11-20,2108,old
U06249,TikTok,ByteDance,Short-form videos,Norway,249.36,high,False,2016-02-06,3857,old
U06250,Pinterest,Pinterest Inc.,Visual discovery and bookmarking,Holy See (Vatican City State),163.75,medium,False,2019-09-09,2546,old
U06251,Snapchat,Snap Inc.,Multimedia messaging,British Indian Ocean Territory (Chagos Archipelago),174.75,medium,False,2018-03-07,3097,old
U06252,Snapchat,Snap Inc.,Multimedia messaging,Algeria,202.06,high,False,2024-08-08,751,old
U06253,LinkedIn,Microsoft,Professional networking,Norway,276.46,high,False,2023-01-01,1336,old
U06254,LinkedIn,Microsoft,Professional networking,Barbados,125.53,medium,True,2026-07-31,29,very_new
U06255,Facebook,Meta,Social networking,Gabon,214.54,high,False,2017-10-12,3243,old
U06256,LinkedIn,Microsoft,Professional networking,Peru,167.05,medium,True,2023-06-11,1175,old
U06257,Snapchat,Snap Inc.,Multimedia messaging,Tuvalu,98.23,medium,False,2019-03-30,2709,old
U06258,WhatsApp,Meta,Messaging,Sweden,65.16,medium,True,2026-07-16,44,new
U06259,Snapchat,Snap Inc.,Multimedia messaging,Morocco,292.39,high,True,2018-04-03,3070,old
U06260,Telegram,Telegram FZ LLC,Messaging,Palau,16.94,low,True,2016-12-22,3537,old
U06261,Pinterest,Pinterest Inc.,Visual discovery and bookmarking,Armenia,109.98,medium,True,2019-12-19,2445,old
U06262,Instagram,Meta,Photo and video sharing,Montserrat,65.85,medium,True,2019-02-16,2751,old
U06263,LinkedIn,Microsoft,Professional networking,Falkland Islands (Malvinas),79.23,medium,True,2018-12-21,2808,old
U06264,Threads,Meta,Text-based social networking,Madagascar,16.99,low,False,2024-06-01,819,old
U06265,Pinterest,Pinterest Inc.,Visual discovery and bookmarking,Belgium,158.53,medium,False,2019-12-29,2435,old
U06266,Instagram,Meta,Photo and video sharing,Armenia,286.28,high,False,2020-04-06,2336,old
U06267,Pinterest,Pinterest Inc.,Visual discovery and bookmarking,Puerto Rico,246.39,high,False,2016-02-15,3848,old
U06268,Quora,Quora Inc.,Q&A knowledge sharing,Central African Republic,61.55,medium,False,2019-05-17,2661,old
U06269,Snapchat,Snap Inc.,Multimedia messaging,Tuvalu,48.68,low,True,2023-12-08,995,old
U06270,X (formerly Twitter),X Corp.,Microblogging,Swaziland,147.49,medium,False,2026-03-07,175,new
U06271,Facebook,Meta,Social networking,Guinea-Bissau,278.19,high,True,2018-09-14,2906,old
U06272,Pinterest,Pinterest Inc.,Visual discovery and bookmarking,Sweden,166.24,medium,True,2022-06-18,1533,old
U06273,WhatsApp,Meta,Messaging,United Arab Emirates,18.24,low,True,2018-04-25,3048,old
U06274,Instagram,Meta,Photo and video sharing,Falkland Islands (Malvinas),160.54,medium,True,2021-11-05,1758,old
U06275,Telegram,Telegram FZ LLC,Messaging,Djibouti,116.33,medium,False,2026-08-13,16,very_new
U06276,Telegram,Telegram FZ LLC,Messaging,Central African Republic,221.5,high,False,2024-05-29,822,old
U06277,Pinterest,Pinterest Inc.,Visual discovery and bookmarking,Uruguay,65.85,medium,True,2024-05-04,847,old
U06278,Facebook,Meta,Social networking,Nigeria,246.46,high,True,2024-01-29,943,old
U06279,Pinterest,Pinterest Inc.,Visual discovery and bookmarking,Azerbaijan,50.23,low,False,2018-12-02,2827,old
U06280,Threads,Meta,Text-based social networking,Botswana,263.28,high,False,2019-05-06,2672,old
U06281,Pinterest,Pinterest Inc.,Visual discovery and bookmarking,Oman,82.78,medium,True,2026-06-24,66,new
U06282,Quora,Quora Inc.,Q&A knowledge sharing,Kiribati,235.09,high,True,2018-09-11,2909,old
U06283,Quora,Quora Inc.,Q&A knowledge sharing,Angola,81.86,medium,False,2024-10-03,695,established
U06284,Pinterest,Pinterest Inc.,Visual discovery and bookmarking,Samoa,184.31,high,False,2026-04-23,128,new
U06285,Telegram,Telegram FZ LLC,Messaging,Jamaica,45.81,low,True,2025-01-13,593,established
U06286,Snapchat,Snap Inc.,Multimedia messaging,Sierra Leone,290.71,high,False,2016-01-12,3882,old
U06287,Pinterest,Pinterest Inc.,Visual discovery and bookmarking,Ecuador,284.78,high,True,2024-03-12,900,old
U06288,WeChat,Tencent,Messaging and social media,Guatemala,29.62,low,False,2026-05-16,105,new
U06289,LinkedIn,Microsoft,Professional networking,Equatorial Guinea,206.87,high,True,2026-05-21,100,new
U06290,TikTok,ByteDance,Short-form videos,South Africa,29.77,low,True,2020-08-16,2204,old
U06291,Threads,Meta,Text-based social networking,Belize,276.57,high,False,2021-09-08,1816,old
U06292,Facebook,Meta,Social networking,Guernsey,134.96,medium,True,2020-03-08,2365,old
U06293,YouTube,Google,Video sharing,Reunion,204.64,high,True,2021-10-05,1789,old
U06294,Instagram,Meta,Photo and video sharing,Saint Pierre and Miquelon,249.1,high,False,2024-11-08,659,established
U06295,Facebook,Meta,Social networking,Syrian Arab Republic,292.35,high,False,2022-04-14,1598,old
U06296,Quora,Quora Inc.,Q&A knowledge sharing,India,42.41,low,True,2016-03-19,3815,old
U06297,X (formerly Twitter),X Corp.,Microblogging,Sierra Leone,82.46,medium,True,2022-04-15,1597,old
U06298,WhatsApp,Meta,Messaging,Sri Lanka,46.85,low,False,2018-06-06,3006,old
U06299,YouTube,Google,Video sharing,Albania,154.97,medium,False,2022-10-10,1419,old
U06300,Quora,Quora Inc.,Q&A knowledge sharing,Monaco,188.11,high,True,2017-01-27,3501,old
U06301,LinkedIn,Microsoft,Professional networking,Norway,111.22,medium,True,2021-07-22,1864,old
U06302,Quora,Quora Inc.,Q&A knowledge sharing,Congo,243.07,high,False,2018-01-04,3159,old
U06303,Pinterest,Pinterest Inc.,Visual discovery and bookmarking,Yemen,259.07,high,True,2026-08-07,22,very_new
U06304,Threads,Meta,Text-based social networking,Uganda,119.65,medium,True,2021-10-30,1764,old
U06305,Reddit,Reddit Inc.,Discussion forums and communities,Macao,154.46,medium,False,2016-05-14,3759,old
U06306,Facebook,Meta,Social networking,Mongolia,26.62,low,False,2017-12-25,3169,old
U06307,Threads,Meta,Text-based social networking,Bulgaria,198.09,high,True,2024-05-31,820,old
U06308,LinkedIn,Microsoft,Professional networking,Libyan Arab Jamahiriya,155.87,medium,True,2020-08-12,2208,old
U06309,Pinterest,Pinterest Inc.,Visual discovery and bookmarking,Spain,93.8,medium,True,2018-11-04,2855,old
U06310,TikTok,ByteDance,Short-form videos,Northern Mariana Islands,266.5,high,False,2024-12-26,611,established
U06311,WhatsApp,Meta,Messaging,Bosnia and Herzegovina,26.94,low,False,2023-04-04,1243,old
U06312,Snapchat,Snap Inc.,Multimedia messaging,Qatar,232.98,high,False,2024-01-24,948,old
U06313,Quora,Quora Inc.,Q&A knowledge sharing,Iceland,23.27,low,True,2018-01-19,3144,old
U06314,Instagram,Meta,Photo and video sharing,Palestinian Territory,273.9,high,False,2017-06-21,3356,old
U06315,Threads,Meta,Text-based social networking,Greenland,154.91,medium,True,2024-07-26,764,old
U06316,Threads,Meta,Text-based social networking,Chile,32.68,low,True,2024-09-20,708,established
U06317,Telegram,Telegram FZ LLC,Messaging,France,245.17,high,False,2023-07-28,1128,old
U06318,X (formerly Twitter),X Corp.,Microblogging,Oman,79.45,medium,True,2015-12-23,3902,old
U06319,Quora,Quora Inc.,Q&A knowledge sharing,Montserrat,46.08,low,True,2018-03-09,3095,old
U06320,TikTok,ByteDance,Short-form videos,Martinique,238.72,high,True,2018-09-13,2907,old
U06321,Telegram,Telegram FZ LLC,Messaging,French Polynesia,72.44,medium,True,2021-11-16,1747,old
U06322,LinkedIn,Microsoft,Professional networking,Eritrea,252.93,high,False,2024-02-25,916,old
U06323,Pinterest,Pinterest Inc.,Visual discovery and bookmarking,South Africa,260.57,high,False,2026-07-05,55,new
U06324,Instagram,Meta,Photo and video sharing,Bouvet Island (Bouvetoya),189.6,high,False,2022-05-18,1564,old
U06325,LinkedIn,Microsoft,Professional networking,Denmark,238.53,high,False,2024-07-06,784,old
U06326,LinkedIn,Microsoft,Professional networking,China,129.67,medium,True,2025-02-13,562,established
U06327,Quora,Quora Inc.,Q&A knowledge sharing,Oman,37.35,low,False,2020-12-19,2079,old
U06328,TikTok,ByteDance,Short-form videos,Bahrain,239.71,high,False,2015-10-28,3958,old
U06329,Quora,Quora Inc.,Q&A knowledge sharing,Turks and Caicos Islands,214.42,high,False,2023-01-19,1318,old
U06330,Threads,Meta,Text-based social networking,Luxembourg,255.05,high,True,2021-09-21,1803,old
U06331,WeChat,Tencent,Messaging and social media,Mongolia,216.45,high,True,2021-04-23,1954,old
U06332,Telegram,Telegram FZ LLC,Messaging,Ireland,49.53,low,False,2017-03-08,3461,old
U06333,Threads,Meta,Text-based social networking,Uzbekistan,273.07,high,True,2023-08-26,1099,old
U06334,Facebook,Meta,Social networking,Gambia,116.53,medium,False,2024-10-11,687,established
U06335,Reddit,Reddit Inc.,Discussion forums and communities,Jamaica,286.05,high,True,2021-11-02,1761,old
U06336,Quora,Quora Inc.,Q&A knowledge sharing,North Macedonia,193.8,high,False,2024-03-18,894,old
U06337,Quora,Quora Inc.,Q&A knowledge sharing,Kiribati,214.02,high,True,2026-04-07,144,new
U06338,Instagram,Meta,Photo and video sharing,Albania,164.25,medium,False,2024-08-21,738,old
U06339,LinkedIn,Microsoft,Professional networking,Anguilla,162.04,medium,True,2016-08-12,3669,old
U06340,Telegram,Telegram FZ LLC,Messaging,Pakistan,125.3,medium,True,2019-03-20,2719,old
U06341,Facebook,Meta,Social networking,Puerto Rico,39.29,low,True,2026-04-28,123,new
U06342,Threads,Meta,Text-based social networking,Spain,66.2,medium,False,2025-01-13,593,established
U06343,Snapchat,Snap Inc.,Multimedia messaging,Tanzania,76.67,medium,True,2023-09-11,1083,old
U06344,Telegram,Telegram FZ LLC,Messaging,French Guiana,118.53,medium,True,2015-05-19,4120,old
U06345,Threads,Meta,Text-based social networking,Somalia,228.06,high,False,2020-09-13,2176,old
U06346,Telegram,Telegram FZ LLC,Messaging,Japan,268.36,high,False,2020-09-24,2165,old
U06347,Reddit,Reddit Inc.,Discussion forums and communities,Kiribati,144.15,medium,True,2025-01-27,579,established
U06348,LinkedIn,Microsoft,Professional networking,Micronesia,255.24,high,True,2016-10-31,3589,old
U06349,Reddit,Reddit Inc.,Discussion forums and communities,Seychelles,280.5,high,True,2016-04-10,3793,old
U06350,LinkedIn,Microsoft,Professional networking,Angola,126.48,medium,True,2024-01-11,961,old
U06351,WeChat,Tencent,Messaging and social media,Guadeloupe,156.1,medium,True,2024-04-29,852,old
U06352,YouTube,Google,Video sharing,Iceland,66.47,medium,True,2026-08-25,4,very_new
U06353,Reddit,Reddit Inc.,Discussion forums and communities,Senegal,140.61,medium,True,2018-02-28,3104,old
U06354,Instagram,Meta,Photo and video sharing,Oman,197.85,high,True,2021-04-16,1961,old
U06355,TikTok,ByteDance,Short-form videos,Saint Lucia,62.04,medium,False,2026-08-19,10,very_new
U06356,X (formerly Twitter),X Corp.,Microblogging,Burkina Faso,152.78,medium,False,2017-05-11,3397,old
U06357,TikTok,ByteDance,Short-form videos,French Polynesia,80.28,medium,False,2019-12-27,2437,old
U06358,LinkedIn,Microsoft,Professional networking,Belgium,27.97,low,False,2023-11-18,1015,old
U06359,WhatsApp,Meta,Messaging,Reunion,64.54,medium,False,2024-01-29,943,old
U06360,TikTok,ByteDance,Short-form videos,Germany,58.71,low,True,2023-02-03,1303,old
U06361,YouTube,Google,Video sharing,Ecuador,58.19,low,False,2025-03-20,527,established
U06362,X (formerly Twitter),X Corp.,Microblogging,United Arab Emirates,178.62,medium,False,2026-04-15,136,new
U06363,TikTok,ByteDance,Short-form videos,Andorra,244.86,high,True,2022-11-23,1375,old
U06364,X (formerly Twitter),X Corp.,Microblogging,Norway,245.92,high,False,2023-12-16,987,old
U06365,Snapchat,Snap Inc.,Multimedia messaging,Serbia,126.87,medium,True,2024-08-16,743,old
U06366,Instagram,Meta,Photo and video sharing,Bahrain,167.84,medium,False,2026-05-18,103,new
U06367,WhatsApp,Meta,Messaging,Iran,263.56,high,False,2023-10-27,1037,old
U06368,WhatsApp,Meta,Messaging,Burkina Faso,168.99,medium,True,2020-04-15,2327,old
U06369,Threads,Meta,Text-based social networking,Armenia,41.51,low,False,2019-05-04,2674,old
U06370,Snapchat,Snap Inc.,Multimedia messaging,Sudan,256.32,high,True,2024-09-19,709,established
U06371,Telegram,Telegram FZ LLC,Messaging,Namibia,205.42,high,True,2026-08-17,12,very_new
U06372,Reddit,Reddit Inc.,Discussion forums and communities,British Indian Ocean Territory (Chagos Archipelago),106.86,medium,False,2023-09-11,1083,old
U06373,Instagram,Meta,Photo and video sharing,Barbados,235.88,high,False,2018-12-28,2801,old
U06374,Threads,Meta,Text-based social networking,Qatar,150.2,medium,False,2026-08-03,26,very_new
U06375,TikTok,ByteDance,Short-form videos,Congo,272.96,high,False,2026-05-10,111,new
U06376,Snapchat,Snap Inc.,Multimedia messaging,Guyana,44.23,low,True,2024-06-13,807,old
U06377,Threads,Meta,Text-based social networking,Tokelau,224.69,high,False,2025-04-04,512,established
U06378,Reddit,Reddit Inc.,Discussion forums and communities,Brazil,226.56,high,False,2018-11-20,2839,old
U06379,Instagram,Meta,Photo and video sharing,Peru,6.19,low,False,2026-07-14,46,new
U06380,Pinterest,Pinterest Inc.,Visual discovery and bookmarking,Bouvet Island (Bouvetoya),217.02,high,False,2018-02-22,3110,old
U06381,LinkedIn,Microsoft,Professional networking,Cayman Islands,290.94,high,True,2015-10-30,3956,old
U06382,Snapchat,Snap Inc.,Multimedia messaging,United Kingdom,267.61,high,True,2021-12-21,1712,old
U06383,Threads,Meta,Text-based social networking,Lebanon,88.94,medium,False,2019-08-17,2569,old
U06384,Threads,Meta,Text-based social networking,Brazil,32.62,low,True,2022-03-28,1615,old
U06385,Quora,Quora Inc.,Q&A knowledge sharing,El Salvador,6.56,low,False,2022-07-23,1498,old
U06386,Telegram,Telegram FZ LLC,Messaging,Turkey,176.25,medium,True,2017-09-25,3260,old
U06387,Instagram,Meta,Photo and video sharing,Slovenia,155.77,medium,False,2024-08-17,742,old
U06388,Quora,Quora Inc.,Q&A knowledge sharing,Liberia,62.87,medium,True,2024-07-06,784,old
U06389,Reddit,Reddit Inc.,Discussion forums and communities,Costa Rica,184.83,high,False,2017-10-23,3232,old
U06390,WeChat,Tencent,Messaging and social media,Finland,252.05,high,False,2026-03-29,153,new
U06391,Pinterest,Pinterest Inc.,Visual discovery and bookmarking,Norway,33.33,low,True,2024-12-30,607,established
U06392,WhatsApp,Meta,Messaging,Tajikistan,53.41,low,True,2024-08-21,738,old
U06393,YouTube,Google,Video sharing,Niue,20.13,low,True,2021-11-19,1744,old
U06394,Instagram,Meta,Photo and video sharing,Paraguay,233.79,high,False,2016-12-29,3530,old
U06395,Facebook,Meta,Social networking,Gambia,252.52,high,False,2017-04-27,3411,old
U06396,Snapchat,Snap Inc.,Multimedia messaging,Spain,227.97,high,True,2026-08-19,10,very_new
U06397,WhatsApp,Meta,Messaging,Guernsey,126.86,medium,True,2018-12-09,2820,old
U06398,Snapchat,Snap Inc.,Multimedia messaging,Serbia,167.21,medium,True,2018-12-13,2816,old
U06399,Reddit,Reddit Inc.,Discussion forums and communities,China,231.76,high,True,2016-06-10,3732,old
U06400,WhatsApp,Meta,Messaging,Holy See (Vatican City State),110.39,medium,False,2022-01-28,1674,old
U06401,Pinterest,Pinterest Inc.,Visual discovery and bookmarking,Tunisia,96.97,medium,False,2015-05-16,4123,old
U06402,Facebook,Meta,Social networking,Tokelau,269.43,high,False,2024-03-04,908,old
U06403,WeChat,Tencent,Messaging and social media,Cocos (Keeling) Islands,202.49,high,False,2017-03-02,3467,old
U06404,Facebook,Meta,Social networking,Jamaica,32.07,low,False,2026-05-30,91,new
U06405,LinkedIn,Microsoft,Professional networking,Poland,278.49,high,False,2018-08-28,2923,old
U06406,WeChat,Tencent,Messaging and social media,Mongolia,126.72,medium,False,2020-12-12,2086,old
U06407,WhatsApp,Meta,Messaging,Georgia,215.06,high,False,2026-08-20,9,very_new
U06408,X (formerly Twitter),X Corp.,Microblogging,Swaziland,50.57,low,False,2024-07-15,775,old
U06409,Telegram,Telegram FZ LLC,Messaging,Italy,251.69,high,False,2018-10-27,2863,old
U06410,Quora,Quora Inc.,Q&A knowledge sharing,Cote d'Ivoire,216.58,high,True,2023-12-18,985,old
U06411,Telegram,Telegram FZ LLC,Messaging,United Kingdom,145.58,medium,True,2025-02-06,569,established
U06412,YouTube,Google,Video sharing,Qatar,191.23,high,False,2021-04-19,1958,old
U06413,Instagram,Meta,Photo and video sharing,Hong Kong,87.68,medium,True,2018-11-03,2856,old
U06414,Reddit,Reddit Inc.,Discussion forums and communities,Albania,261.52,high,False,2024-08-29,730,old
U06415,Snapchat,Snap Inc.,Multimedia messaging,Jordan,117.49,medium,False,2018-01-14,3149,old
U06416,TikTok,ByteDance,Short-form videos,Canada,23.7,low,True,2018-10-26,2864,old
U06417,Threads,Meta,Text-based social networking,Vietnam,176.23,medium,False,2026-08-05,24,very_new
U06418,Facebook,Meta,Social networking,Yemen,285.16,high,False,2026-03-28,154,new
U06419,Pinterest,Pinterest Inc.,Visual discovery and bookmarking,Swaziland,253.38,high,True,2022-06-10,1541,old
U06420,TikTok,ByteDance,Short-form videos,Tajikistan,247.31,high,True,2020-01-21,2412,old
U06421,Pinterest,Pinterest Inc.,Visual discovery and bookmarking,Honduras,266.66,high,False,2022-09-01,1458,old
U06422,WeChat,Tencent,Messaging and social media,Angola,154.86,medium,True,2017-07-13,3334,old
U06423,Pinterest,Pinterest Inc.,Visual discovery and bookmarking,Sweden,296.2,high,True,2021-06-24,1892,old
U06424,YouTube,Google,Video sharing,Liechtenstein,193.74,high,True,2019-01-08,2790,old
U06425,Quora,Quora Inc.,Q&A knowledge sharing,Italy,183.86,high,False,2026-08-14,15,very_new
U06426,WhatsApp,Meta,Messaging,Cayman Islands,269.34,high,True,2015-11-15,3940,old
U06427,YouTube,Google,Video sharing,Bulgaria,64.69,medium,False,2021-09-25,1799,old
U06428,YouTube,Google,Video sharing,Mongolia,100.71,medium,False,2026-08-24,5,very_new
U06429,WeChat,Tencent,Messaging and social media,Bulgaria,146.05,medium,False,2021-01-17,2050,old
U06430,Pinterest,Pinterest Inc.,Visual discovery and bookmarking,Indonesia,214.11,high,True,2017-08-20,3296,old
U06431,LinkedIn,Microsoft,Professional networking,Turks and Caicos Islands,83.7,medium,False,2017-06-02,3375,old
U06432,Instagram,Meta,Photo and video sharing,Hungary,251.78,high,True,2018-09-30,2890,old
U06433,WhatsApp,Meta,Messaging,Tuvalu,245.68,high,False,2025-04-17,499,established
U06434,Instagram,Meta,Photo and video sharing,Germany,16.89,low,False,2016-09-27,3623,old
U06435,WeChat,Tencent,Messaging and social media,Kenya,273.42,high,False,2026-08-05,24,very_new
U06436,WhatsApp,Meta,Messaging,Slovakia (Slovak Republic),81.27,medium,False,2019-04-03,2705,old
U06437,TikTok,ByteDance,Short-form videos,Colombia,97.2,medium,True,2024-02-11,930,old
U06438,Snapchat,Snap Inc.,Multimedia messaging,Senegal,142.27,medium,True,2021-03-03,2005,old
U06439,X (formerly Twitter),X Corp.,Microblogging,New Zealand,151.09,medium,True,2017-12-21,3173,old
U06440,YouTube,Google,Video sharing,Greenland,141.84,medium,False,2020-03-15,2358,old
U06441,Quora,Quora Inc.,Q&A knowledge sharing,Lithuania,177.64,medium,False,2026-08-27,2,very_new
U06442,Threads,Meta,Text-based social networking,Indonesia,52.56,low,False,2015-08-29,4018,old
U06443,X (formerly Twitter),X Corp.,Microblogging,Guam,101.12,medium,True,2017-05-19,3389,old
U06444,Snapchat,Snap Inc.,Multimedia messaging,Eritrea,268.69,high,True,2026-08-20,9,very_new
U06445,YouTube,Google,Video sharing,Nauru,296.45,high,False,2022-06-21,1530,old
U06446,Threads,Meta,Text-based social networking,Serbia,116.75,medium,True,2018-12-06,2823,old
U06447,Pinterest,Pinterest Inc.,Visual discovery and bookmarking,Mauritius,146.84,medium,False,2023-02-16,1290,old
U06448,TikTok,ByteDance,Short-form videos,Iran,8.75,low,True,2023-04-14,1233,old
U06449,Telegram,Telegram FZ LLC,Messaging,Kazakhstan,43.85,low,False,2019-12-19,2445,old
U06450,LinkedIn,Microsoft,Professional networking,Samoa,196.17,high,False,2025-04-18,498,established
U06451,X (formerly Twitter),X Corp.,Microblogging,Honduras,291.14,high,True,2015-06-11,4097,old
U06452,YouTube,Google,Video sharing,Zimbabwe,110.41,medium,False,2026-04-03,148,new
U06453,Quora,Quora Inc.,Q&A knowledge sharing,Mayotte,155.67,medium,False,2018-01-08,3155,old
U06454,Facebook,Meta,Social networking,Solomon Islands,96.45,medium,False,2024-03-10,902,old
U06455,Instagram,Meta,Photo and video sharing,Liechtenstein,179.2,medium,True,2017-03-20,3449,old
U06456,Facebook,Meta,Social networking,Tonga,148.14,medium,False,2024-11-09,658,established
U06457,Reddit,Reddit Inc.,Discussion forums and communities,Cape Verde,76.25,medium,True,2020-02-12,2390,old
U06458,Facebook,Meta,Social networking,Bahamas,185.24,high,False,2020-11-09,2119,old
U06459,Facebook,Meta,Social networking,Somalia,230.63,high,False,2026-05-01,120,new
U06460,WeChat,Tencent,Messaging and social media,Cote d'Ivoire,105.36,medium,False,2019-11-24,2470,old
U06461,WeChat,Tencent,Messaging and social media,Israel,291.28,high,False,2020-05-21,2291,old
U06462,Facebook,Meta,Social networking,Saint Pierre and Miquelon,219.51,high,True,2016-11-08,3581,old
U06463,Reddit,Reddit Inc.,Discussion forums and communities,Bangladesh,160.68,medium,True,2019-06-08,2639,old
U06464,LinkedIn,Microsoft,Professional networking,Palau,46.01,low,False,2021-07-26,1860,old
U06465,TikTok,ByteDance,Short-form videos,Aruba,208.34,high,False,2017-09-16,3269,old
U06466,Reddit,Reddit Inc.,Discussion forums and communities,Brazil,169.25,medium,True,2023-01-22,1315,old
U06467,Facebook,Meta,Social networking,Papua New Guinea,220.71,high,False,2024-10-18,680,established
U06468,X (formerly Twitter),X Corp.,Microblogging,Samoa,77.68,medium,True,2019-05-05,2673,old
U06469,Snapchat,Snap Inc.,Multimedia messaging,Georgia,72.65,medium,True,2018-02-07,3125,old
U06470,Quora,Quora Inc.,Q&A knowledge sharing,Taiwan,258.81,high,False,2017-12-29,3165,old
U06471,Snapchat,Snap Inc.,Multimedia messaging,French Polynesia,136.6,medium,False,2022-12-05,1363,old
U06472,X (formerly Twitter),X Corp.,Microblogging,Serbia,7.4,low,False,2018-03-06,3098,old
U06473,Snapchat,Snap Inc.,Multimedia messaging,Guyana,38.4,low,False,2017-03-27,3442,old
U06474,Pinterest,Pinterest Inc.,Visual discovery and bookmarking,Malawi,23.58,low,False,2020-02-20,2382,old
U06475,Snapchat,Snap Inc.,Multimedia messaging,Brunei Darussalam,80.19,medium,True,2019-11-18,2476,old
U06476,Snapchat,Snap Inc.,Multimedia messaging,Macao,276.45,high,True,2017-07-20,3327,old
U06477,Facebook,Meta,Social networking,Cote d'Ivoire,113.67,medium,True,2015-08-11,4036,old
U06478,Facebook,Meta,Social networking,Ireland,176.67,medium,False,2019-11-27,2467,old
U06479,TikTok,ByteDance,Short-form videos,Isle of Man,89.93,medium,False,2026-07-25,35,new
U06480,Facebook,Meta,Social networking,United Arab Emirates,226.2,high,True,2015-05-31,4108,old
U06481,Telegram,Telegram FZ LLC,Messaging,Belize,264.17,high,True,2023-04-04,1243,old
U06482,Pinterest,Pinterest Inc.,Visual discovery and bookmarking,Kiribati,14.39,low,False,2020-09-10,2179,old
U06483,YouTube,Google,Video sharing,Sudan,63.63,medium,False,2016-03-10,3824,old
U06484,X (formerly Twitter),X Corp.,Microblogging,Saint Lucia,229.08,high,False,2023-01-18,1319,old
U06485,Facebook,Meta,Social networking,Guinea,116.09,medium,False,2016-03-21,3813,old
U06486,Snapchat,Snap Inc.,Multimedia messaging,Australia,45.79,low,True,2022-11-09,1389,old
U06487,Instagram,Meta,Photo and video sharing,Iraq,87.7,medium,True,2026-08-18,11,very_new
U06488,YouTube,Google,Video sharing,Ethiopia,122.6,medium,True,2022-06-30,1521,old
U06489,Quora,Quora Inc.,Q&A knowledge sharing,Suriname,30.79,low,True,2017-09-27,3258,old
U06490,LinkedIn,Microsoft,Professional networking,Qatar,113.21,medium,False,2023-03-24,1254,old
U06491,Telegram,Telegram FZ LLC,Messaging,Latvia,205.58,high,True,2023-01-02,1335,old
U06492,Threads,Meta,Text-based social networking,Burkina Faso,126.39,medium,True,2026-08-22,7,very_new
U06493,Reddit,Reddit Inc.,Discussion forums and communities,Namibia,144.15,medium,True,2019-03-20,2719,old
U06494,WhatsApp,Meta,Messaging,Luxembourg,68.89,medium,True,2024-07-12,778,old
U06495,WhatsApp,Meta,Messaging,Bangladesh,163.93,medium,True,2017-11-19,3205,old
U06496,Pinterest,Pinterest Inc.,Visual discovery and bookmarking,Saint Helena,274.19,high,False,2015-09-19,3997,old
U06497,Instagram,Meta,Photo and video sharing,Singapore,104.26,medium,True,2026-08-15,14,very_new
U06498,TikTok,ByteDance,Short-form videos,China,234.78,high,False,2025-04-19,497,established
U06499,Telegram,Telegram FZ LLC,Messaging,Kiribati,258.12,high,True,2020-10-11,2148,old
U06500,Snapchat,Snap Inc.,Multimedia messaging,Ecuador,170.72,medium,True,2021-12-02,1731,old
U06501,Pinterest,Pinterest Inc.,Visual discovery and bookmarking,South Africa,188.6,high,True,2020-06-19,2262,old
U06502,TikTok,ByteDance,Short-form videos,Marshall Islands,67.31,medium,True,2017-03-07,3462,old
U06503,Reddit,Reddit Inc.,Discussion forums and communities,Guyana,229.92,high,False,2019-06-06,2641,old
U06504,WeChat,Tencent,Messaging and social media,Yemen,171.88,medium,False,2017-02-10,3487,old
U06505,Threads,Meta,Text-based social networking,Sao Tome and Principe,181.53,high,False,2022-10-16,1413,old
U06506,Facebook,Meta,Social networking,Christmas Island,191.06,high,False,2024-02-27,914,old
U06507,X (formerly Twitter),X Corp.,Microblogging,Ghana,44.31,low,False,2026-03-16,166,new
U06508,Pinterest,Pinterest Inc.,Visual discovery and bookmarking,Azerbaijan,162.56,medium,False,2024-01-25,947,old
U06509,YouTube,Google,Video sharing,Malaysia,110.25,medium,False,2021-12-29,1704,old
U06510,WeChat,Tencent,Messaging and social media,Pakistan,17.18,low,True,2019-08-03,2583,old
U06511,Telegram,Telegram FZ LLC,Messaging,Hong Kong,200.77,high,False,2016-04-10,3793,old
U06512,Snapchat,Snap Inc.,Multimedia messaging,Niger,291.61,high,True,2017-02-05,3492,old
U06513,Reddit,Reddit Inc.,Discussion forums and communities,Ghana,115.37,medium,True,2021-07-15,1871,old
U06514,Snapchat,Snap Inc.,Multimedia messaging,Spain,284.98,high,False,2021-02-21,2015,old
U06515,Reddit,Reddit Inc.,Discussion forums and communities,Netherlands,228.18,high,False,2026-08-09,20,very_new
U06516,X (formerly Twitter),X Corp.,Microblogging,Bangladesh,280.07,high,False,2022-01-14,1688,old
U06517,X (formerly Twitter),X Corp.,Microblogging,Mongolia,22.12,low,True,2021-06-20,1896,old
U06518,Threads,Meta,Text-based social networking,Madagascar,192.08,high,True,2016-10-22,3598,old
U06519,WeChat,Tencent,Messaging and social media,Kyrgyz Republic,160.7,medium,False,2026-05-28,93,new
U06520,WhatsApp,Meta,Messaging,Korea,129.05,medium,True,2024-06-26,794,old
U06521,Instagram,Meta,Photo and video sharing,Turkmenistan,132.54,medium,False,2024-12-30,607,established
U06522,LinkedIn,Microsoft,Professional networking,Cameroon,74.03,medium,True,2026-07-17,43,new
U06523,YouTube,Google,Video sharing,Sierra Leone,60.74,medium,True,2024-05-12,839,old
U06524,Threads,Meta,Text-based social networking,Gambia,44.2,low,True,2025-03-13,534,established
U06525,YouTube,Google,Video sharing,Anguilla,158.43,medium,False,2026-08-12,17,very_new
U06526,LinkedIn,Microsoft,Professional networking,Greece,33.07,low,False,2017-08-28,3288,old
U06527,Threads,Meta,Text-based social networking,Djibouti,234.31,high,True,2026-08-26,3,very_new
U06528,Reddit,Reddit Inc.,Discussion forums and communities,Cameroon,299.64,high,False,2020-09-24,2165,old
U06529,X (formerly Twitter),X Corp.,Microblogging,China,162.34,medium,True,2021-06-15,1901,old
U06530,Pinterest,Pinterest Inc.,Visual discovery and bookmarking,Georgia,15.67,low,False,2026-04-30,121,new
U06531,Threads,Meta,Text-based social networking,Tokelau,254.16,high,False,2020-11-23,2105,old
U06532,Facebook,Meta,Social networking,Israel,237.8,high,False,2016-03-12,3822,old
U06533,Telegram,Telegram FZ LLC,Messaging,Dominican Republic,282.63,high,False,2018-08-06,2945,old
U06534,Telegram,Telegram FZ LLC,Messaging,Djibouti,127.04,medium,True,2022-05-07,1575,old
U06535,Quora,Quora Inc.,Q&A knowledge sharing,Sri Lanka,14.94,low,True,2019-07-08,2609,old
U06536,Pinterest,Pinterest Inc.,Visual discovery and bookmarking,Palau,199.11,high,True,2016-09-18,3632,old
U06537,Facebook,Meta,Social networking,Martinique,192.03,high,True,2017-09-22,3263,old
U06538,WhatsApp,Meta,Messaging,Germany,126.79,medium,False,2021-03-13,1995,old
U06539,Instagram,Meta,Photo and video sharing,Martinique,15.58,low,False,2016-12-11,3548,old
U06540,Snapchat,Snap Inc.,Multimedia messaging,Mongolia,143.97,medium,False,2018-05-09,3034,old
U06541,Reddit,Reddit Inc.,Discussion forums and communities,Saint Martin,58.2,low,True,2015-07-15,4063,old
U06542,Reddit,Reddit Inc.,Discussion forums and communities,China,248.27,high,True,2026-07-25,35,new
U06543,TikTok,ByteDance,Short-form videos,Bahamas,161.51,medium,False,2024-03-12,900,old
U06544,LinkedIn,Microsoft,Professional networking,Bahrain,287.01,high,True,2024-05-10,841,old
U06545,Reddit,Reddit Inc.,Discussion forums and communities,Switzerland,6.24,low,False,2026-08-11,18,very_new
U06546,Threads,Meta,Text-based social networking,United States of America,238.52,high,True,2024-10-14,684,established
U06547,X (formerly Twitter),X Corp.,Microblogging,Liechtenstein,240.7,high,True,2023-09-22,1072,old
U06548,Reddit,Reddit Inc.,Discussion forums and communities,Sweden,250.99,high,True,2025-03-21,526,established
U06549,Snapchat,Snap Inc.,Multimedia messaging,Timor-Leste,208.41,high,False,2021-02-13,2023,old
U06550,Facebook,Meta,Social networking,Belgium,166.95,medium,True,2022-12-08,1360,old
U06551,Pinterest,Pinterest Inc.,Visual discovery and bookmarking,Martinique,111.62,medium,True,2026-03-17,165,new
U06552,TikTok,ByteDance,Short-form videos,Jamaica,67.29,medium,True,2026-08-25,4,very_new
U06553,Threads,Meta,Text-based social networking,Mexico,183.83,high,True,2026-03-11,171,new
U06554,Telegram,Telegram FZ LLC,Messaging,Colombia,186.45,high,True,2016-09-24,3626,old
U06555,Instagram,Meta,Photo and video sharing,South Africa,228.63,high,True,2026-07-26,34,new
U06556,Quora,Quora Inc.,Q&A knowledge sharing,Malta,144.9,medium,True,2016-05-04,3769,old
U06557,YouTube,Google,Video sharing,Faroe Islands,277.22,high,False,2023-04-19,1228,old
U06558,WeChat,Tencent,Messaging and social media,Paraguay,5.12,low,True,2017-05-13,3395,old
U06559,WeChat,Tencent,Messaging and social media,French Southern Territories,100.64,medium,True,2017-06-11,3366,old
U06560,TikTok,ByteDance,Short-form videos,Faroe Islands,118.56,medium,True,2025-03-09,538,established
U06561,WeChat,Tencent,Messaging and social media,Poland,130.79,medium,False,2026-06-02,88,new
U06562,LinkedIn,Microsoft,Professional networking,Cuba,29.23,low,False,2020-01-05,2428,old
U06563,YouTube,Google,Video sharing,Andorra,129.27,medium,True,2016-11-02,3587,old
U06564,Snapchat,Snap Inc.,Multimedia messaging,Austria,194.21,high,False,2017-06-08,3369,old
U06565,WhatsApp,Meta,Messaging,Bhutan,50.76,low,False,2024-02-14,927,old
U06566,Pinterest,Pinterest Inc.,Visual discovery and bookmarking,Tokelau,199.02,high,True,2016-12-01,3558,old
U06567,Reddit,Reddit Inc.,Discussion forums and communities,Heard Island and McDonald Islands,123.51,medium,False,2018-02-12,3120,old
U06568,Instagram,Meta,Photo and video sharing,Sudan,146.6,medium,False,2019-02-16,2751,old
U06569,YouTube,Google,Video sharing,Comoros,243.16,high,True,2021-11-29,1734,old
U06570,Threads,Meta,Text-based social networking,Guinea,60.42,medium,False,2023-03-31,1247,old
U06571,Instagram,Meta,Photo and video sharing,Myanmar,84.64,medium,True,2022-09-28,1431,old
U06572,Snapchat,Snap Inc.,Multimedia messaging,Egypt,193.48,high,False,2026-08-16,13,very_new
U06573,Instagram,Meta,Photo and video sharing,Iceland,22.94,low,False,2026-08-19,10,very_new
U06574,WeChat,Tencent,Messaging and social media,Saint Vincent and the Grenadines,66.49,medium,False,2026-08-17,12,very_new
U06575,YouTube,Google,Video sharing,Mexico,50.29,low,True,2016-12-07,3552,old
U06576,TikTok,ByteDance,Short-form videos,Argentina,42.27,low,True,2021-03-31,1977,old
U06577,Quora,Quora Inc.,Q&A knowledge sharing,Iraq,192.09,high,False,2020-02-26,2376,old
U06578,Facebook,Meta,Social networking,Romania,51.0,low,True,2016-03-03,3831,old
U06579,WhatsApp,Meta,Messaging,Central African Republic,101.2,medium,False,2020-12-30,2068,old
U06580,Instagram,Meta,Photo and video sharing,Poland,294.67,high,True,2016-03-30,3804,old
U06581,Telegram,Telegram FZ LLC,Messaging,Lesotho,177.35,medium,True,2020-10-15,2144,old
U06582,Facebook,Meta,Social networking,Turkey,20.71,low,False,2023-01-24,1313,old
U06583,Instagram,Meta,Photo and video sharing,Monaco,261.47,high,True,2018-01-13,3150,old
U06584,X (formerly Twitter),X Corp.,Microblogging,Holy See (Vatican City State),238.95,high,False,2021-07-26,1860,old
U06585,Pinterest,Pinterest Inc.,Visual discovery and bookmarking,Portugal,208.77,high,True,2015-11-27,3928,old
U06586,WhatsApp,Meta,Messaging,Colombia,213.55,high,True,2024-06-13,807,old
U06587,Instagram,Meta,Photo and video sharing,Micronesia,293.91,high,False,2020-12-03,2095,old
U06588,Reddit,Reddit Inc.,Discussion forums and communities,Saint Lucia,20.94,low,True,2016-12-23,3536,old
U06589,Threads,Meta,Text-based social networking,Greece,80.31,medium,False,2016-04-06,3797,old
U06590,YouTube,Google,Video sharing,Cocos (Keeling) Islands,33.33,low,True,2016-09-03,3647,old
U06591,WhatsApp,Meta,Messaging,Vietnam,36.39,low,False,2020-12-01,2097,old
U06592,Snapchat,Snap Inc.,Multimedia messaging,New Zealand,68.5,medium,False,2016-03-25,3809,old
U06593,Facebook,Meta,Social networking,Mongolia,69.36,medium,False,2019-06-28,2619,old
U06594,WhatsApp,Meta,Messaging,Malta,188.59,high,False,2016-04-05,3798,old
U06595,Facebook,Meta,Social networking,Greece,56.74,low,False,2023-11-02,1031,old
U06596,Instagram,Meta,Photo and video sharing,Kuwait,101.09,medium,True,2021-05-29,1918,old
U06597,Instagram,Meta,Photo and video sharing,Djibouti,254.56,high,True,2022-04-19,1593,old
U06598,Instagram,Meta,Photo and video sharing,United Kingdom,55.95,low,True,2026-08-04,25,very_new
U06599,Pinterest,Pinterest Inc.,Visual discovery and bookmarking,Estonia,38.49,low,False,2025-03-14,533,established
U06600,Pinterest,Pinterest Inc.,Visual discovery and bookmarking,Reunion,70.04,medium,True,2018-05-31,3012,old
U06601,Facebook,Meta,Social networking,Suriname,236.18,high,False,2016-02-27,3836,old
U06602,WhatsApp,Meta,Messaging,Greece,267.42,high,False,2026-06-24,66,new
U06603,Reddit,Reddit Inc.,Discussion forums and communities,Finland,168.27,medium,True,2021-08-21,1834,old
U06604,Reddit,Reddit Inc.,Discussion forums and communities,Grenada,86.09,medium,False,2025-01-19,587,established
U06605,Quora,Quora Inc.,Q&A knowledge sharing,Guinea,180.22,high,False,2021-10-06,1788,old
U06606,Threads,Meta,Text-based social networking,Moldova,81.26,medium,False,2024-01-15,957,old
U06607,Pinterest,Pinterest Inc.,Visual discovery and bookmarking,Jordan,41.43,low,False,2022-01-02,1700,old
U06608,X (formerly Twitter),X Corp.,Microblogging,Belgium,49.62,low,False,2026-08-08,21,very_new
U06609,TikTok,ByteDance,Short-form videos,Kyrgyz Republic,194.17,high,True,2015-10-06,3980,old
U06610,Pinterest,Pinterest Inc.,Visual discovery and bookmarking,Turks and Caicos Islands,283.68,high,False,2021-01-02,2065,old
U06611,YouTube,Google,Video sharing,French Guiana,278.22,high,False,2024-06-04,816,old
U06612,LinkedIn,Microsoft,Professional networking,Nigeria,127.2,medium,True,2023-05-12,1205,old
U06613,Facebook,Meta,Social networking,Lebanon,289.06,high,False,2018-01-17,3146,old
U06614,Telegram,Telegram FZ LLC,Messaging,Guatemala,260.01,high,True,2020-11-24,2104,old
U06615,Quora,Quora Inc.,Q&A knowledge sharing,Cocos (Keeling) Islands,85.57,medium,True,2019-02-19,2748,old
U06616,Snapchat,Snap Inc.,Multimedia messaging,Tuvalu,34.57,low,True,2026-08-08,21,very_new
U06617,YouTube,Google,Video sharing,Malta,48.31,low,False,2024-04-17,864,old
U06618,Threads,Meta,Text-based social networking,Mongolia,21.13,low,False,2024-03-26,886,old
U06619,YouTube,Google,Video sharing,Turks and Caicos Islands,19.75,low,True,2017-09-29,3256,old
U06620,Facebook,Meta,Social networking,Jamaica,169.34,medium,True,2023-05-19,1198,old
U06621,Quora,Quora Inc.,Q&A knowledge sharing,Malta,147.74,medium,False,2022-01-30,1672,old
U06622,X (formerly Twitter),X Corp.,Microblogging,Chad,171.51,medium,False,2024-05-22,829,old
U06623,Instagram,Meta,Photo and video sharing,Macao,97.97,medium,True,2017-09-10,3275,old
U06624,Threads,Meta,Text-based social networking,Zambia,89.05,medium,True,2016-05-31,3742,old
U06625,WeChat,Tencent,Messaging and social media,Malawi,284.52,high,False,2017-08-09,3307,old
U06626,Telegram,Telegram FZ LLC,Messaging,Cote d'Ivoire,203.37,high,False,2026-07-15,45,new
U06627,Snapchat,Snap Inc.,Multimedia messaging,Afghanistan,55.99,low,False,2022-09-28,1431,old
U06628,LinkedIn,Microsoft,Professional networking,Svalbard & Jan Mayen Islands,102.53,medium,False,2020-07-12,2239,old
U06629,Pinterest,Pinterest Inc.,Visual discovery and bookmarking,Venezuela,111.81,medium,True,2019-11-10,2484,old
U06630,Pinterest,Pinterest Inc.,Visual discovery and bookmarking,Sri Lanka,24.07,low,False,2022-11-28,1370,old
U06631,Reddit,Reddit Inc.,Discussion forums and communities,Equatorial Guinea,211.76,high,True,2016-12-24,3535,old
U06632,Quora,Quora Inc.,Q&A knowledge sharing,Libyan Arab Jamahiriya,142.11,medium,True,2017-08-16,3300,old
U06633,Pinterest,Pinterest Inc.,Visual discovery and bookmarking,Zimbabwe,78.59,medium,True,2020-04-30,2312,old
U06634,WhatsApp,Meta,Messaging,Samoa,175.29,medium,True,2018-05-01,3042,old
U06635,WeChat,Tencent,Messaging and social media,Russian Federation,10.48,low,False,2021-07-26,1860,old
U06636,WhatsApp,Meta,Messaging,Bolivia,215.51,high,False,2026-07-31,29,very_new
U06637,WhatsApp,Meta,Messaging,Chad,207.37,high,False,2018-05-12,3031,old
U06638,Reddit,Reddit Inc.,Discussion forums and communities,Panama,94.61,medium,False,2023-01-14,1323,old
U06639,LinkedIn,Microsoft,Professional networking,Gibraltar,175.58,medium,True,2015-06-28,4080,old
U06640,X (formerly Twitter),X Corp.,Microblogging,Korea,9.52,low,False,2019-04-02,2706,old
U06641,Reddit,Reddit Inc.,Discussion forums and communities,Guernsey,153.77,medium,False,2017-08-09,3307,old
U06642,Pinterest,Pinterest Inc.,Visual discovery and bookmarking,Turkey,88.98,medium,False,2024-06-04,816,old
U06643,Facebook,Meta,Social networking,Anguilla,115.13,medium,True,2017-09-01,3284,old
U06644,Snapchat,Snap Inc.,Multimedia messaging,Holy See (Vatican City State),67.67,medium,True,2022-03-13,1630,old
U06645,Quora,Quora Inc.,Q&A knowledge sharing,Seychelles,147.52,medium,True,2025-03-26,521,established
U06646,Telegram,Telegram FZ LLC,Messaging,Tanzania,150.93,medium,True,2021-05-27,1920,old
U06647,WhatsApp,Meta,Messaging,Iran,241.35,high,False,2018-09-14,2906,old
U06648,TikTok,ByteDance,Short-form videos,Gibraltar,219.2,high,True,2020-09-05,2184,old
U06649,Pinterest,Pinterest Inc.,Visual discovery and bookmarking,Cayman Islands,187.46,high,True,2016-01-26,3868,old
U06650,Reddit,Reddit Inc.,Discussion forums and communities,Croatia,283.78,high,False,2018-11-03,2856,old
U06651,X (formerly Twitter),X Corp.,Microblogging,Cocos (Keeling) Islands,220.11,high,True,2022-02-07,1664,old
U06652,LinkedIn,Microsoft,Professional networking,Cote d'Ivoire,200.62,high,True,2020-08-30,2190,old
U06653,Quora,Quora Inc.,Q&A knowledge sharing,Christmas Island,196.24,high,False,2016-11-07,3582,old
U06654,LinkedIn,Microsoft,Professional networking,Nepal,132.92,medium,True,2016-12-07,3552,old
U06655,WeChat,Tencent,Messaging and social media,Barbados,162.64,medium,True,2020-10-17,2142,old
U06656,TikTok,ByteDance,Short-form videos,Liechtenstein,157.87,medium,True,2020-01-22,2411,old
U06657,Pinterest,Pinterest Inc.,Visual discovery and bookmarking,Dominican Republic,49.34,low,False,2022-07-30,1491,old
U06658,Pinterest,Pinterest Inc.,Visual discovery and bookmarking,Rwanda,264.23,high,False,2018-05-09,3034,old
U06659,YouTube,Google,Video sharing,Australia,111.24,medium,False,2026-03-05,177,new
U06660,Reddit,Reddit Inc.,Discussion forums and communities,Argentina,26.82,low,False,2015-11-22,3933,old
U06661,LinkedIn,Microsoft,Professional networking,Slovakia (Slovak Republic),236.81,high,False,2018-04-29,3044,old
U06662,Pinterest,Pinterest Inc.,Visual discovery and bookmarking,Indonesia,196.41,high,False,2019-12-31,2433,old
U06663,Threads,Meta,Text-based social networking,Bahrain,247.99,high,False,2020-06-20,2261,old
U06664,WeChat,Tencent,Messaging and social media,Brazil,53.25,low,False,2018-12-23,2806,old
U06665,Pinterest,Pinterest Inc.,Visual discovery and bookmarking,Poland,248.44,high,True,2026-08-14,15,very_new
U06666,Quora,Quora Inc.,Q&A knowledge sharing,Bhutan,87.51,medium,True,2015-10-28,3958,old
U06667,Threads,Meta,Text-based social networking,Papua New Guinea,177.01,medium,False,2017-05-09,3399,old
U06668,Pinterest,Pinterest Inc.,Visual discovery and bookmarking,Kazakhstan,243.9,high,False,2018-11-09,2850,old
U06669,TikTok,ByteDance,Short-form videos,Latvia,237.42,high,True,2016-02-01,3862,old
U06670,Quora,Quora Inc.,Q&A knowledge sharing,Italy,72.96,medium,False,2022-01-12,1690,old
U06671,X (formerly Twitter),X Corp.,Microblogging,Vanuatu,244.12,high,True,2020-04-27,2315,old
U06672,X (formerly Twitter),X Corp.,Microblogging,Martinique,229.09,high,True,2019-10-29,2496,old
U06673,Facebook,Meta,Social networking,Gambia,185.22,high,True,2024-03-15,897,old
U06674,WhatsApp,Meta,Messaging,Saint Barthelemy,274.86,high,True,2020-11-01,2127,old
U06675,Quora,Quora Inc.,Q&A knowledge sharing,Central African Republic,260.71,high,False,2022-01-10,1692,old
U06676,Instagram,Meta,Photo and video sharing,Nigeria,69.67,medium,False,2016-02-04,3859,old
U06677,Snapchat,Snap Inc.,Multimedia messaging,Malta,259.71,high,False,2019-07-06,2611,old
U06678,YouTube,Google,Video sharing,Wallis and Futuna,209.28,high,True,2025-03-17,530,established
U06679,Quora,Quora Inc.,Q&A knowledge sharing,Chad,30.71,low,False,2019-03-03,2736,old
U06680,LinkedIn,Microsoft,Professional networking,Tonga,287.4,high,True,2024-12-10,627,established
U06681,Telegram,Telegram FZ LLC,Messaging,Lebanon,152.7,medium,False,2019-02-15,2752,old
U06682,YouTube,Google,Video sharing,Uganda,28.05,low,False,2022-06-04,1547,old
U06683,Pinterest,Pinterest Inc.,Visual discovery and bookmarking,Macao,232.13,high,False,2016-03-13,3821,old
U06684,TikTok,ByteDance,Short-form videos,Montenegro,232.15,high,False,2022-06-15,1536,old
U06685,YouTube,Google,Video sharing,Gambia,176.06,medium,True,2020-08-04,2216,old
U06686,WeChat,Tencent,Messaging and social media,Georgia,126.11,medium,True,2025-02-19,556,established
U06687,Snapchat,Snap Inc.,Multimedia messaging,Cambodia,39.08,low,True,2021-10-24,1770,old
U06688,Snapchat,Snap Inc.,Multimedia messaging,Peru,89.83,medium,True,2018-04-17,3056,old
U06689,LinkedIn,Microsoft,Professional networking,Germany,124.99,medium,False,2023-04-09,1238,old
U06690,X (formerly Twitter),X Corp.,Microblogging,Djibouti,115.97,medium,True,2025-01-20,586,established
U06691,Snapchat,Snap Inc.,Multimedia messaging,Austria,280.67,high,False,2018-12-12,2817,old
U06692,Instagram,Meta,Photo and video sharing,Bermuda,218.9,high,True,2023-05-04,1213,old
U06693,Reddit,Reddit Inc.,Discussion forums and communities,Eritrea,273.85,high,True,2016-07-03,3709,old
U06694,WeChat,Tencent,Messaging and social media,Zimbabwe,195.07,high,True,2022-02-08,1663,old
U06695,TikTok,ByteDance,Short-form videos,China,229.09,high,False,2018-12-23,2806,old
U06696,Telegram,Telegram FZ LLC,Messaging,Isle of Man,272.0,high,False,2019-02-07,2760,old
U06697,Pinterest,Pinterest Inc.,Visual discovery and bookmarking,Mexico,139.71,medium,True,2026-07-31,29,very_new
U06698,X (formerly Twitter),X Corp.,Microblogging,Italy,254.01,high,True,2019-10-25,2500,old
U06699,Snapchat,Snap Inc.,Multimedia messaging,British Virgin Islands,256.66,high,False,2026-08-12,17,very_new
U06700,WhatsApp,Meta,Messaging,Ghana,268.84,high,True,2016-01-15,3879,old
U06701,Quora,Quora Inc.,Q&A knowledge sharing,Cambodia,39.53,low,False,2016-10-02,3618,old
U06702,X (formerly Twitter),X Corp.,Microblogging,Ecuador,192.76,high,False,2023-03-23,1255,old
U06703,Telegram,Telegram FZ LLC,Messaging,Tajikistan,93.81,medium,True,2021-07-16,1870,old
U06704,Quora,Quora Inc.,Q&A knowledge sharing,Lesotho,233.35,high,False,2021-11-18,1745,old
U06705,TikTok,ByteDance,Short-form videos,Lao People's Democratic Republic,250.81,high,False,2022-08-17,1473,old
U06706,Threads,Meta,Text-based social networking,Costa Rica,278.77,high,True,2017-12-03,3191,old
U06707,Reddit,Reddit Inc.,Discussion forums and communities,Jersey,218.49,high,True,2018-10-25,2865,old
U06708,Pinterest,Pinterest Inc.,Visual discovery and bookmarking,Saint Pierre and Miquelon,56.88,low,True,2023-04-09,1238,old
U06709,Pinterest,Pinterest Inc.,Visual discovery and bookmarking,Albania,285.6,high,True,2016-03-13,3821,old
U06710,Facebook,Meta,Social networking,Estonia,254.82,high,True,2016-03-28,3806,old
U06711,Pinterest,Pinterest Inc.,Visual discovery and bookmarking,Anguilla,204.45,high,False,2026-08-03,26,very_new
U06712,Snapchat,Snap Inc.,Multimedia messaging,Algeria,263.52,high,False,2017-04-08,3430,old
U06713,Reddit,Reddit Inc.,Discussion forums and communities,Canada,67.91,medium,True,2016-06-21,3721,old
U06714,Facebook,Meta,Social networking,Bahamas,179.14,medium,True,2019-02-28,2739,old
U06715,Reddit,Reddit Inc.,Discussion forums and communities,Iraq,99.56,medium,True,2022-01-07,1695,old
U06716,WeChat,Tencent,Messaging and social media,Albania,76.78,medium,True,2018-12-30,2799,old
U06717,Telegram,Telegram FZ LLC,Messaging,Palau,101.15,medium,False,2018-02-28,3104,old
U06718,Threads,Meta,Text-based social networking,Nicaragua,233.09,high,True,2026-08-17,12,very_new
U06719,Pinterest,Pinterest Inc.,Visual discovery and bookmarking,Heard Island and McDonald Islands,223.31,high,False,2020-04-15,2327,old
U06720,LinkedIn,Microsoft,Professional networking,Morocco,124.61,medium,True,2022-10-01,1428,old
U06721,Reddit,Reddit Inc.,Discussion forums and communities,Burundi,25.12,low,True,2016-09-23,3627,old
U06722,TikTok,ByteDance,Short-form videos,Grenada,129.81,medium,True,2019-12-04,2460,old
U06723,Telegram,Telegram FZ LLC,Messaging,New Zealand,113.37,medium,True,2016-12-14,3545,old
U06724,Telegram,Telegram FZ LLC,Messaging,Mongolia,141.67,medium,True,2026-05-06,115,new
U06725,TikTok,ByteDance,Short-form videos,Malawi,167.7,medium,True,2021-06-06,1910,old
U06726,Telegram,Telegram FZ LLC,Messaging,Sudan,179.02,medium,True,2016-07-19,3693,old
U06727,Snapchat,Snap Inc.,Multimedia messaging,Greenland,109.22,medium,False,2017-02-06,3491,old
U06728,Reddit,Reddit Inc.,Discussion forums and communities,Norway,15.89,low,True,2020-06-29,2252,old
U06729,WhatsApp,Meta,Messaging,Panama,99.15,medium,True,2016-10-11,3609,old
U06730,Pinterest,Pinterest Inc.,Visual discovery and bookmarking,Monaco,126.7,medium,False,2015-07-23,4055,old
U06731,LinkedIn,Microsoft,Professional networking,United States Minor Outlying Islands,150.56,medium,False,2026-08-10,19,very_new
U06732,YouTube,Google,Video sharing,Austria,246.18,high,False,2026-08-20,9,very_new
U06733,Telegram,Telegram FZ LLC,Messaging,Burkina Faso,84.63,medium,True,2017-01-24,3504,old
U06734,TikTok,ByteDance,Short-form videos,Libyan Arab Jamahiriya,34.17,low,True,2018-10-03,2887,old
U06735,Reddit,Reddit Inc.,Discussion forums and communities,Botswana,42.81,low,False,2026-07-01,59,new
U06736,Reddit,Reddit Inc.,Discussion forums and communities,Bosnia and Herzegovina,19.07,low,False,2024-08-24,735,old
U06737,Threads,Meta,Text-based social networking,Kyrgyz Republic,173.35,medium,False,2020-02-03,2399,old
U06738,YouTube,Google,Video sharing,Monaco,238.62,high,True,2023-04-05,1242,old
U06739,WhatsApp,Meta,Messaging,Brazil,60.05,medium,False,2019-09-25,2530,old
U06740,WeChat,Tencent,Messaging and social media,Saudi Arabia,115.16,medium,False,2024-01-28,944,old
U06741,Quora,Quora Inc.,Q&A knowledge sharing,Pakistan,207.59,high,False,2020-07-31,2220,old
U06742,TikTok,ByteDance,Short-form videos,Poland,20.43,low,True,2026-07-23,37,new
U06743,Telegram,Telegram FZ LLC,Messaging,Pitcairn Islands,186.3,high,False,2016-04-25,3778,old
U06744,Snapchat,Snap Inc.,Multimedia messaging,South Georgia and the South Sandwich Islands,63.98,medium,False,2023-09-08,1086,old
U06745,Threads,Meta,Text-based social networking,Gambia,85.18,medium,False,2026-03-06,176,new
U06746,Reddit,Reddit Inc.,Discussion forums and communities,Canada,158.07,medium,True,2016-07-02,3710,old
U06747,Pinterest,Pinterest Inc.,Visual discovery and bookmarking,Gabon,262.28,high,True,2021-04-04,1973,old
U06748,LinkedIn,Microsoft,Professional networking,Saudi Arabia,13.81,low,True,2015-11-18,3937,old
U06749,Snapchat,Snap Inc.,Multimedia messaging,Cape Verde,270.46,high,False,2023-06-16,1170,old
U06750,LinkedIn,Microsoft,Professional networking,Taiwan,226.02,high,False,2024-08-22,737,old
U06751,YouTube,Google,Video sharing,Holy See (Vatican City State),88.55,medium,False,2019-05-26,2652,old
U06752,WhatsApp,Meta,Messaging,Kyrgyz Republic,294.1,high,False,2016-04-14,3789,old
U06753,Pinterest,Pinterest Inc.,Visual discovery and bookmarking,Sudan,226.92,high,False,2020-04-18,2324,old
U06754,Threads,Meta,Text-based social networking,Cote d'Ivoire,202.42,high,False,2022-03-08,1635,old
U06755,Reddit,Reddit Inc.,Discussion forums and communities,Suriname,231.61,high,False,2024-04-28,853,old
U06756,TikTok,ByteDance,Short-form videos,Bahamas,201.13,high,True,2022-01-29,1673,old
U06757,Threads,Meta,Text-based social networking,Guatemala,42.22,low,True,2026-03-05,177,new
U06758,Quora,Quora Inc.,Q&A knowledge sharing,Comoros,288.22,high,False,2026-05-27,94,new
U06759,WeChat,Tencent,Messaging and social media,Guinea,58.22,low,False,2026-05-18,103,new
U06760,Instagram,Meta,Photo and video sharing,North Macedonia,96.41,medium,True,2026-05-04,117,new
U06761,Quora,Quora Inc.,Q&A knowledge sharing,Angola,56.69,low,False,2020-02-08,2394,old
U06762,X (formerly Twitter),X Corp.,Microblogging,Iran,279.79,high,False,2018-02-04,3128,old
U06763,Reddit,Reddit Inc.,Discussion forums and communities,Brunei Darussalam,171.76,medium,False,2023-11-07,1026,old
U06764,WeChat,Tencent,Messaging and social media,Bahamas,225.64,high,False,2024-01-24,948,old
U06765,Facebook,Meta,Social networking,United States Minor Outlying Islands,213.88,high,True,2015-11-10,3945,old
U06766,X (formerly Twitter),X Corp.,Microblogging,Nicaragua,131.64,medium,True,2024-10-17,681,established
U06767,WeChat,Tencent,Messaging and social media,Czech Republic,125.69,medium,False,2026-08-25,4,very_new
U06768,WhatsApp,Meta,Messaging,Tonga,214.06,high,False,2018-11-20,2839,old
U06769,Instagram,Meta,Photo and video sharing,El Salvador,129.25,medium,False,2016-08-16,3665,old
U06770,WeChat,Tencent,Messaging and social media,Gabon,201.4,high,True,2015-12-23,3902,old
U06771,LinkedIn,Microsoft,Professional networking,Chad,177.31,medium,False,2021-03-15,1993,old
U06772,Telegram,Telegram FZ LLC,Messaging,Swaziland,258.91,high,False,2015-12-10,3915,old
U06773,Snapchat,Snap Inc.,Multimedia messaging,Indonesia,20.77,low,False,2019-06-16,2631,old
U06774,Quora,Quora Inc.,Q&A knowledge sharing,Iraq,103.26,medium,True,2026-07-01,59,new
U06775,Quora,Quora Inc.,Q&A knowledge sharing,Sudan,67.83,medium,True,2020-04-12,2330,old
U06776,Quora,Quora Inc.,Q&A knowledge sharing,Falkland Islands (Malvinas),186.04,high,False,2024-05-18,833,old
U06777,LinkedIn,Microsoft,Professional networking,Guam,90.8,medium,True,2022-08-02,1488,old
U06778,X (formerly Twitter),X Corp.,Microblogging,Heard Island and McDonald Islands,257.11,high,False,2022-03-18,1625,old
U06779,TikTok,ByteDance,Short-form videos,Uzbekistan,259.26,high,False,2018-08-28,2923,old
U06780,Snapchat,Snap Inc.,Multimedia messaging,Heard Island and McDonald Islands,130.14,medium,False,2026-04-02,149,new
U06781,Threads,Meta,Text-based social networking,Georgia,204.31,high,True,2023-01-24,1313,old
U06782,Instagram,Meta,Photo and video sharing,Cyprus,281.76,high,True,2026-08-23,6,very_new
U06783,WeChat,Tencent,Messaging and social media,Solomon Islands,73.1,medium,True,2018-01-13,3150,old
U06784,Pinterest,Pinterest Inc.,Visual discovery and bookmarking,Portugal,92.93,medium,True,2022-11-25,1373,old
U06785,Instagram,Meta,Photo and video sharing,Turkey,176.1,medium,True,2021-01-22,2045,old
U06786,WeChat,Tencent,Messaging and social media,Georgia,196.69,high,False,2021-06-22,1894,old
U06787,Snapchat,Snap Inc.,Multimedia messaging,Seychelles,137.09,medium,False,2026-08-13,16,very_new
U06788,Reddit,Reddit Inc.,Discussion forums and communities,Wallis and Futuna,267.64,high,False,2018-08-15,2936,old
U06789,Telegram,Telegram FZ LLC,Messaging,Guernsey,236.86,high,True,2026-03-19,163,new
U06790,WeChat,Tencent,Messaging and social media,New Caledonia,160.02,medium,True,2023-01-17,1320,old
U06791,X (formerly Twitter),X Corp.,Microblogging,Lao People's Democratic Republic,142.11,medium,True,2024-08-06,753,old
U06792,Quora,Quora Inc.,Q&A knowledge sharing,Serbia,219.27,high,True,2026-05-01,120,new
U06793,Reddit,Reddit Inc.,Discussion forums and communities,Macao,6.04,low,True,2024-02-19,922,old
U06794,WeChat,Tencent,Messaging and social media,Suriname,276.95,high,False,2016-03-11,3823,old
U06795,WeChat,Tencent,Messaging and social media,Papua New Guinea,155.34,medium,False,2026-08-01,28,very_new
U06796,Instagram,Meta,Photo and video sharing,Mauritania,67.81,medium,False,2015-12-18,3907,old
U06797,Threads,Meta,Text-based social networking,Lebanon,207.85,high,True,2026-04-18,133,new
U06798,Threads,Meta,Text-based social networking,British Indian Ocean Territory (Chagos Archipelago),263.52,high,True,2020-10-03,2156,old
U06799,Pinterest,Pinterest Inc.,Visual discovery and bookmarking,Guinea-Bissau,52.54,low,True,2015-07-17,4061,old
U06800,Instagram,Meta,Photo and video sharing,Bosnia and Herzegovina,9.98,low,False,2018-11-08,2851,old
U06801,WhatsApp,Meta,Messaging,Grenada,91.01,medium,True,2026-04-18,133,new
U06802,Instagram,Meta,Photo and video sharing,Cayman Islands,282.97,high,True,2020-06-20,2261,old
U06803,Reddit,Reddit Inc.,Discussion forums and communities,Guinea-Bissau,258.59,high,True,2017-03-31,3438,old
U06804,Threads,Meta,Text-based social networking,Slovakia (Slovak Republic),218.34,high,False,2024-10-12,686,established
U06805,Telegram,Telegram FZ LLC,Messaging,Czech Republic,257.32,high,True,2015-07-16,4062,old
U06806,Reddit,Reddit Inc.,Discussion forums and communities,Botswana,64.85,medium,False,2025-04-23,493,established
U06807,LinkedIn,Microsoft,Professional networking,Belize,155.43,medium,False,2023-01-13,1324,old
U06808,YouTube,Google,Video sharing,Haiti,264.59,high,False,2018-01-28,3135,old
U06809,Reddit,Reddit Inc.,Discussion forums and communities,British Virgin Islands,56.56,low,True,2015-08-18,4029,old
U06810,YouTube,Google,Video sharing,Myanmar,50.74,low,False,2016-11-03,3586,old
U06811,YouTube,Google,Video sharing,Liberia,180.99,high,False,2020-12-30,2068,old
U06812,X (formerly Twitter),X Corp.,Microblogging,United States of America,126.73,medium,False,2019-09-02,2553,old
U06813,Quora,Quora Inc.,Q&A knowledge sharing,Slovakia (Slovak Republic),187.7,high,True,2024-07-31,759,old
U06814,LinkedIn,Microsoft,Professional networking,Finland,241.86,high,True,2016-10-31,3589,old
U06815,X (formerly Twitter),X Corp.,Microblogging,Antarctica (the territory South of 60 deg S),65.01,medium,True,2021-10-30,1764,old
U06816,Snapchat,Snap Inc.,Multimedia messaging,Syrian Arab Republic,65.29,medium,True,2026-08-18,11,very_new
U06817,Pinterest,Pinterest Inc.,Visual discovery and bookmarking,Guam,288.21,high,True,2017-04-02,3436,old
U06818,Quora,Quora Inc.,Q&A knowledge sharing,Philippines,110.5,medium,False,2017-04-15,3423,old
U06819,Snapchat,Snap Inc.,Multimedia messaging,Bangladesh,43.24,low,False,2016-04-09,3794,old
U06820,WeChat,Tencent,Messaging and social media,Indonesia,299.36,high,False,2025-04-27,489,established
U06821,WeChat,Tencent,Messaging and social media,Korea,189.48,high,True,2019-04-04,2704,old
U06822,Instagram,Meta,Photo and video sharing,Cuba,54.66,low,True,2021-03-14,1994,old
U06823,Facebook,Meta,Social networking,Namibia,221.45,high,False,2023-12-23,980,old
U06824,Reddit,Reddit Inc.,Discussion forums and communities,United States of America,246.25,high,True,2021-06-22,1894,old
U06825,Telegram,Telegram FZ LLC,Messaging,Argentina,82.94,medium,False,2017-01-17,3511,old
U06826,Threads,Meta,Text-based social networking,Tanzania,210.82,high,True,2018-04-29,3044,old
U06827,YouTube,Google,Video sharing,Malawi,103.87,medium,True,2024-09-01,727,established
U06828,LinkedIn,Microsoft,Professional networking,Uganda,90.25,medium,False,2015-12-19,3906,old
U06829,Instagram,Meta,Photo and video sharing,Paraguay,111.74,medium,False,2023-11-21,1012,old
U06830,Quora,Quora Inc.,Q&A knowledge sharing,Mongolia,6.37,low,True,2016-05-16,3757,old
U06831,YouTube,Google,Video sharing,Rwanda,178.0,medium,False,2018-11-25,2834,old
U06832,X (formerly Twitter),X Corp.,Microblogging,Kenya,228.48,high,False,2018-05-18,3025,old
U06833,Facebook,Meta,Social networking,Burundi,276.05,high,False,2017-03-18,3451,old
U06834,Threads,Meta,Text-based social networking,Cyprus,243.59,high,True,2015-06-26,4082,old
U06835,Snapchat,Snap Inc.,Multimedia messaging,South Georgia and the South Sandwich Islands,153.58,medium,True,2020-03-13,2360,old
U06836,Pinterest,Pinterest Inc.,Visual discovery and bookmarking,Northern Mariana Islands,150.07,medium,False,2020-12-29,2069,old
U06837,YouTube,Google,Video sharing,French Guiana,12.84,low,False,2015-12-22,3903,old
U06838,Telegram,Telegram FZ LLC,Messaging,American Samoa,212.47,high,False,2016-07-22,3690,old
U06839,Reddit,Reddit Inc.,Discussion forums and communities,American Samoa,89.48,medium,True,2018-11-25,2834,old
U06840,Telegram,Telegram FZ LLC,Messaging,Germany,293.84,high,True,2021-03-31,1977,old
U06841,Pinterest,Pinterest Inc.,Visual discovery and bookmarking,Papua New Guinea,20.98,low,False,2024-12-14,623,established
U06842,WeChat,Tencent,Messaging and social media,Equatorial Guinea,227.87,high,False,2015-09-24,3992,old
U06843,Pinterest,Pinterest Inc.,Visual discovery and bookmarking,Anguilla,287.53,high,True,2026-03-06,176,new
U06844,Instagram,Meta,Photo and video sharing,Romania,63.28,medium,True,2025-03-14,533,established
U06845,Instagram,Meta,Photo and video sharing,Uruguay,59.0,low,True,2021-02-03,2033,old
U06846,WhatsApp,Meta,Messaging,Anguilla,95.98,medium,True,2018-06-29,2983,old
U06847,Snapchat,Snap Inc.,Multimedia messaging,Paraguay,256.02,high,True,2022-08-22,1468,old
U06848,Snapchat,Snap Inc.,Multimedia messaging,American Samoa,43.13,low,False,2022-01-28,1674,old
U06849,Facebook,Meta,Social networking,Kiribati,24.08,low,False,2021-06-15,1901,old
U06850,Telegram,Telegram FZ LLC,Messaging,Cote d'Ivoire,150.76,medium,True,2023-03-26,1252,old
U06851,Threads,Meta,Text-based social networking,Tanzania,107.07,medium,True,2023-04-02,1245,old
U06852,Telegram,Telegram FZ LLC,Messaging,Liberia,229.28,high,False,2022-10-24,1405,old
U06853,Quora,Quora Inc.,Q&A knowledge sharing,Lithuania,27.92,low,True,2018-02-07,3125,old
U06854,LinkedIn,Microsoft,Professional networking,Luxembourg,217.12,high,False,2015-10-01,3985,old
U06855,TikTok,ByteDance,Short-form videos,Mozambique,221.39,high,False,2023-08-03,1122,old
U06856,WhatsApp,Meta,Messaging,Malta,58.25,low,True,2026-05-08,113,new
U06857,Reddit,Reddit Inc.,Discussion forums and communities,Panama,206.47,high,True,2019-12-05,2459,old
U06858,WeChat,Tencent,Messaging and social media,Liechtenstein,205.71,high,False,2017-10-26,3229,old
U06859,Instagram,Meta,Photo and video sharing,Palestinian Territory,272.81,high,True,2018-12-31,2798,old
U06860,Quora,Quora Inc.,Q&A knowledge sharing,Morocco,130.41,medium,False,2018-04-03,3070,old
U06861,LinkedIn,Microsoft,Professional networking,Philippines,212.45,high,False,2024-01-20,952,old
U06862,Snapchat,Snap Inc.,Multimedia messaging,Saint Martin,268.05,high,False,2025-01-16,590,established
U06863,WhatsApp,Meta,Messaging,Jordan,165.44,medium,False,2020-01-17,2416,old
U06864,Instagram,Meta,Photo and video sharing,Bahrain,85.6,medium,False,2019-09-27,2528,old
U06865,Facebook,Meta,Social networking,Congo,57.57,low,True,2016-11-17,3572,old
U06866,TikTok,ByteDance,Short-form videos,Kuwait,267.95,high,True,2019-06-24,2623,old
U06867,X (formerly Twitter),X Corp.,Microblogging,Mayotte,280.59,high,True,2016-06-22,3720,old
U06868,YouTube,Google,Video sharing,French Southern Territories,75.28,medium,False,2017-05-10,3398,old
U06869,WeChat,Tencent,Messaging and social media,Rwanda,192.56,high,True,2016-10-07,3613,old
U06870,WhatsApp,Meta,Messaging,China,123.17,medium,False,2020-11-14,2114,old
U06871,Snapchat,Snap Inc.,Multimedia messaging,Germany,284.98,high,False,2015-08-11,4036,old
U06872,Reddit,Reddit Inc.,Discussion forums and communities,Taiwan,86.54,medium,True,2024-03-10,902,old
U06873,WeChat,Tencent,Messaging and social media,Ireland,22.92,low,False,2017-02-03,3494,old
U06874,Quora,Quora Inc.,Q&A knowledge sharing,Christmas Island,89.97,medium,False,2018-07-16,2966,old
U06875,Facebook,Meta,Social networking,Micronesia,112.03,medium,True,2024-10-01,697,established
U06876,WeChat,Tencent,Messaging and social media,Malta,89.19,medium,True,2026-08-25,4,very_new
U06877,Pinterest,Pinterest Inc.,Visual discovery and bookmarking,Cook Islands,61.96,medium,True,2026-07-30,30,new
U06878,Snapchat,Snap Inc.,Multimedia messaging,North Macedonia,22.45,low,False,2021-12-13,1720,old
U06879,Reddit,Reddit Inc.,Discussion forums and communities,Vietnam,296.26,high,False,2019-01-08,2790,old
U06880,X (formerly Twitter),X Corp.,Microblogging,Kazakhstan,65.05,medium,False,2017-08-29,3287,old
U06881,Facebook,Meta,Social networking,Denmark,292.41,high,True,2021-09-28,1796,old
U06882,Telegram,Telegram FZ LLC,Messaging,Macao,187.95,high,True,2019-12-09,2455,old
U06883,YouTube,Google,Video sharing,Vietnam,274.96,high,False,2016-03-15,3819,old
U06884,Snapchat,Snap Inc.,Multimedia messaging,Norfolk Island,148.33,medium,False,2019-05-03,2675,old
U06885,Reddit,Reddit Inc.,Discussion forums and communities,Guam,147.64,medium,False,2016-01-28,3866,old
U06886,Reddit,Reddit Inc.,Discussion forums and communities,Iran,33.83,low,False,2017-05-11,3397,old
U06887,Pinterest,Pinterest Inc.,Visual discovery and bookmarking,Belarus,219.08,high,False,2018-11-13,2846,old
U06888,LinkedIn,Microsoft,Professional networking,Switzerland,28.77,low,False,2015-09-23,3993,old
U06889,Quora,Quora Inc.,Q&A knowledge sharing,France,236.86,high,True,2026-07-31,29,very_new
U06890,TikTok,ByteDance,Short-form videos,Micronesia,84.94,medium,False,2021-11-16,1747,old
U06891,Facebook,Meta,Social networking,Indonesia,238.34,high,False,2023-12-09,994,old
U06892,WeChat,Tencent,Messaging and social media,Bhutan,153.61,medium,False,2020-05-18,2294,old
U06893,LinkedIn,Microsoft,Professional networking,United States of America,174.96,medium,False,2015-11-22,3933,old
U06894,Instagram,Meta,Photo and video sharing,Slovenia,161.83,medium,False,2015-09-19,3997,old
U06895,Snapchat,Snap Inc.,Multimedia messaging,Bolivia,46.33,low,True,2020-09-08,2181,old
U06896,WeChat,Tencent,Messaging and social media,Libyan Arab Jamahiriya,75.97,medium,False,2020-07-20,2231,old
U06897,WeChat,Tencent,Messaging and social media,Malawi,294.65,high,True,2018-12-18,2811,old
U06898,Snapchat,Snap Inc.,Multimedia messaging,Burkina Faso,10.13,low,False,2015-10-23,3963,old
U06899,Reddit,Reddit Inc.,Discussion forums and communities,Senegal,276.09,high,True,2023-06-24,1162,old
U06900,Telegram,Telegram FZ LLC,Messaging,Nauru,66.96,medium,False,2025-03-14,533,established
U06901,LinkedIn,Microsoft,Professional networking,Mali,260.0,high,False,2016-01-21,3873,old
U06902,Facebook,Meta,Social networking,Iraq,34.43,low,False,2025-02-22,553,established
U06903,WhatsApp,Meta,Messaging,Taiwan,99.39,medium,False,2025-01-16,590,established
U06904,Telegram,Telegram FZ LLC,Messaging,Croatia,281.88,high,False,2021-03-07,2001,old
U06905,Pinterest,Pinterest Inc.,Visual discovery and bookmarking,Sudan,40.57,low,True,2019-07-18,2599,old
U06906,Snapchat,Snap Inc.,Multimedia messaging,Afghanistan,5.02,low,False,2021-02-22,2014,old
U06907,Quora,Quora Inc.,Q&A knowledge sharing,Taiwan,217.84,high,False,2021-06-16,1900,old
U06908,Pinterest,Pinterest Inc.,Visual discovery and bookmarking,Uzbekistan,216.8,high,True,2018-04-22,3051,old
U06909,LinkedIn,Microsoft,Professional networking,Kazakhstan,158.16,medium,False,2017-08-24,3292,old
U06910,Pinterest,Pinterest Inc.,Visual discovery and bookmarking,Paraguay,13.57,low,True,2023-05-29,1188,old
U06911,Threads,Meta,Text-based social networking,Congo,261.6,high,True,2015-10-15,3971,old
U06912,Pinterest,Pinterest Inc.,Visual discovery and bookmarking,Rwanda,125.33,medium,True,2025-02-07,568,established
U06913,Instagram,Meta,Photo and video sharing,American Samoa,147.86,medium,False,2019-10-04,2521,old
U06914,Quora,Quora Inc.,Q&A knowledge sharing,Bangladesh,108.25,medium,True,2026-08-26,3,very_new
U06915,Facebook,Meta,Social networking,Niue,254.2,high,True,2022-01-26,1676,old
U06916,YouTube,Google,Video sharing,Lesotho,214.48,high,False,2026-07-11,49,new
U06917,Instagram,Meta,Photo and video sharing,Syrian Arab Republic,40.52,low,False,2022-08-06,1484,old
U06918,Quora,Quora Inc.,Q&A knowledge sharing,Pitcairn Islands,88.11,medium,False,2026-08-06,23,very_new
U06919,X (formerly Twitter),X Corp.,Microblogging,Trinidad and Tobago,102.87,medium,True,2023-10-03,1061,old
U06920,Quora,Quora Inc.,Q&A knowledge sharing,Suriname,82.55,medium,False,2019-12-28,2436,old
U06921,TikTok,ByteDance,Short-form videos,Palau,9.12,low,False,2017-03-18,3451,old
U06922,Facebook,Meta,Social networking,Greenland,283.05,high,True,2017-09-08,3277,old
U06923,YouTube,Google,Video sharing,French Southern Territories,199.18,high,True,2024-07-28,762,old
U06924,Instagram,Meta,Photo and video sharing,Chile,22.92,low,True,2024-04-23,858,old
U06925,WhatsApp,Meta,Messaging,Liechtenstein,89.59,medium,True,2018-11-03,2856,old
U06926,TikTok,ByteDance,Short-form videos,Saudi Arabia,297.12,high,False,2020-08-24,2196,old
U06927,Threads,Meta,Text-based social networking,Tunisia,166.56,medium,True,2022-01-12,1690,old
U06928,Instagram,Meta,Photo and video sharing,Palestinian Territory,198.76,high,False,2018-01-03,3160,old
U06929,YouTube,Google,Video sharing,Lesotho,159.09,medium,True,2024-10-07,691,established
U06930,YouTube,Google,Video sharing,Japan,185.57,high,False,2019-10-23,2502,old
U06931,Quora,Quora Inc.,Q&A knowledge sharing,Guinea,286.62,high,True,2016-04-29,3774,old
U06932,TikTok,ByteDance,Short-form videos,Isle of Man,13.77,low,False,2015-09-02,4014,old
U06933,Telegram,Telegram FZ LLC,Messaging,Svalbard & Jan Mayen Islands,90.77,medium,True,2022-01-13,1689,old
U06934,Instagram,Meta,Photo and video sharing,Iceland,130.43,medium,False,2016-02-27,3836,old
U06935,Facebook,Meta,Social networking,Grenada,35.82,low,False,2021-02-17,2019,old
U06936,WhatsApp,Meta,Messaging,Qatar,254.94,high,False,2022-09-11,1448,old
U06937,Snapchat,Snap Inc.,Multimedia messaging,Mayotte,106.95,medium,False,2024-03-18,894,old
U06938,Telegram,Telegram FZ LLC,Messaging,Zimbabwe,265.06,high,False,2021-08-18,1837,old
U06939,Instagram,Meta,Photo and video sharing,Saint Barthelemy,244.61,high,True,2023-08-24,1101,old
U06940,LinkedIn,Microsoft,Professional networking,Bahamas,36.39,low,True,2023-03-25,1253,old
U06941,Snapchat,Snap Inc.,Multimedia messaging,Tanzania,284.28,high,True,2020-08-13,2207,old
U06942,Telegram,Telegram FZ LLC,Messaging,American Samoa,297.91,high,False,2026-08-25,4,very_new
U06943,TikTok,ByteDance,Short-form videos,Reunion,86.82,medium,True,2019-06-24,2623,old
U06944,YouTube,Google,Video sharing,Jamaica,15.88,low,False,2025-01-31,575,established
U06945,Quora,Quora Inc.,Q&A knowledge sharing,Moldova,292.42,high,False,2019-05-08,2670,old
U06946,WhatsApp,Meta,Messaging,Tunisia,164.4,medium,True,2019-06-15,2632,old
U06947,TikTok,ByteDance,Short-form videos,United States Virgin Islands,174.19,medium,False,2024-06-04,816,old
U06948,Snapchat,Snap Inc.,Multimedia messaging,Solomon Islands,166.22,medium,True,2018-10-18,2872,old
U06949,TikTok,ByteDance,Short-form videos,Zimbabwe,240.08,high,True,2015-11-23,3932,old
U06950,YouTube,Google,Video sharing,Equatorial Guinea,249.3,high,False,2016-12-06,3553,old
U06951,Telegram,Telegram FZ LLC,Messaging,Bouvet Island (Bouvetoya),52.07,low,False,2022-04-02,1610,old
U06952,LinkedIn,Microsoft,Professional networking,Belarus,239.89,high,True,2018-08-24,2927,old
U06953,Telegram,Telegram FZ LLC,Messaging,Bulgaria,111.71,medium,True,2021-11-04,1759,old
U06954,Quora,Quora Inc.,Q&A knowledge sharing,Solomon Islands,139.78,medium,False,2026-08-05,24,very_new
U06955,Reddit,Reddit Inc.,Discussion forums and communities,Brazil,98.22,medium,False,2026-08-03,26,very_new
U06956,Telegram,Telegram FZ LLC,Messaging,Lao People's Democratic Republic,288.84,high,False,2020-02-10,2392,old
U06957,Facebook,Meta,Social networking,Kenya,204.38,high,True,2019-01-06,2792,old
U06958,X (formerly Twitter),X Corp.,Microblogging,Solomon Islands,237.47,high,True,2020-06-30,2251,old
U06959,WhatsApp,Meta,Messaging,Ukraine,159.91,medium,True,2015-06-13,4095,old
U06960,Threads,Meta,Text-based social networking,Thailand,54.1,low,False,2018-02-15,3117,old
U06961,Quora,Quora Inc.,Q&A knowledge sharing,Serbia,180.88,high,False,2025-03-05,542,established
U06962,Threads,Meta,Text-based social networking,Christmas Island,179.21,medium,True,2019-05-04,2674,old
U06963,Reddit,Reddit Inc.,Discussion forums and communities,Bhutan,227.34,high,False,2026-05-06,115,new
U06964,Reddit,Reddit Inc.,Discussion forums and communities,Kuwait,123.03,medium,True,2023-05-21,1196,old
U06965,WhatsApp,Meta,Messaging,Guam,161.13,medium,True,2026-08-01,28,very_new
U06966,Facebook,Meta,Social networking,Ecuador,8.57,low,True,2026-08-03,26,very_new
U06967,Instagram,Meta,Photo and video sharing,Fiji,253.58,high,False,2022-02-12,1659,old
U06968,Snapchat,Snap Inc.,Multimedia messaging,Tunisia,252.66,high,True,2017-07-13,3334,old
U06969,TikTok,ByteDance,Short-form videos,Falkland Islands (Malvinas),10.06,low,False,2020-11-24,2104,old
U06970,Instagram,Meta,Photo and video sharing,Qatar,213.02,high,False,2026-08-28,1,very_new
U06971,WeChat,Tencent,Messaging and social media,Kenya,59.54,low,True,2015-10-07,3979,old
U06972,WhatsApp,Meta,Messaging,Kuwait,62.68,medium,False,2015-10-17,3969,old
U06973,WhatsApp,Meta,Messaging,Thailand,26.17,low,False,2018-01-05,3158,old
U06974,YouTube,Google,Video sharing,Pitcairn Islands,295.45,high,False,2019-12-25,2439,old
U06975,WeChat,Tencent,Messaging and social media,Uganda,147.25,medium,True,2020-05-23,2289,old
U06976,WeChat,Tencent,Messaging and social media,Portugal,121.85,medium,False,2021-05-25,1922,old
U06977,X (formerly Twitter),X Corp.,Microblogging,Egypt,92.47,medium,False,2026-04-25,126,new
U06978,Instagram,Meta,Photo and video sharing,Gambia,119.56,medium,True,2022-05-10,1572,old
U06979,LinkedIn,Microsoft,Professional networking,Guam,213.38,high,False,2016-10-15,3605,old
U06980,Facebook,Meta,Social networking,El Salvador,62.16,medium,False,2016-04-09,3794,old
U06981,Quora,Quora Inc.,Q&A knowledge sharing,Monaco,299.39,high,False,2018-12-19,2810,old
U06982,LinkedIn,Microsoft,Professional networking,Belize,166.57,medium,False,2026-04-10,141,new
U06983,Pinterest,Pinterest Inc.,Visual discovery and bookmarking,Myanmar,100.44,medium,True,2015-09-14,4002,old
U06984,Telegram,Telegram FZ LLC,Messaging,Austria,112.93,medium,False,2022-09-27,1432,old
U06985,Instagram,Meta,Photo and video sharing,Monaco,101.55,medium,False,2016-04-02,3801,old
U06986,LinkedIn,Microsoft,Professional networking,Bouvet Island (Bouvetoya),278.28,high,False,2024-02-03,938,old
U06987,Instagram,Meta,Photo and video sharing,Nicaragua,30.25,low,False,2018-06-19,2993,old
U06988,Threads,Meta,Text-based social networking,Czech Republic,177.74,medium,False,2025-01-12,594,established
U06989,LinkedIn,Microsoft,Professional networking,Afghanistan,271.95,high,False,2017-10-01,3254,old
U06990,TikTok,ByteDance,Short-form videos,Paraguay,21.63,low,False,2017-11-20,3204,old
U06991,LinkedIn,Microsoft,Professional networking,Liechtenstein,137.05,medium,True,2026-05-22,99,new
U06992,WeChat,Tencent,Messaging and social media,French Polynesia,297.2,high,False,2015-10-12,3974,old
U06993,Reddit,Reddit Inc.,Discussion forums and communities,Barbados,146.99,medium,False,2019-01-19,2779,old
U06994,X (formerly Twitter),X Corp.,Microblogging,Jordan,235.42,high,False,2017-06-21,3356,old
U06995,Threads,Meta,Text-based social networking,Romania,287.58,high,False,2025-04-26,490,established
U06996,Threads,Meta,Text-based social networking,Bosnia and Herzegovina,209.92,high,False,2019-09-21,2534,old
U06997,LinkedIn,Microsoft,Professional networking,Hong Kong,31.12,low,True,2023-09-26,1068,old
U06998,WeChat,Tencent,Messaging and social media,Vanuatu,272.97,high,False,2023-02-09,1297,old
U06999,X (formerly Twitter),X Corp.,Microblogging,Netherlands,55.42,low,True,2020-09-15,2174,old
U07000,Facebook,Meta,Social networking,Netherlands,150.04,medium,True,2021-02-10,2026,old
U07001,Threads,Meta,Text-based social networking,Croatia,33.56,low,False,2021-10-06,1788,old
U07002,Reddit,Reddit Inc.,Discussion forums and communities,Nicaragua,38.76,low,False,2020-10-22,2137,old
U07003,Threads,Meta,Text-based social networking,Isle of Man,260.6,high,True,2020-04-09,2333,old
U07004,Pinterest,Pinterest Inc.,Visual discovery and bookmarking,United States Minor Outlying Islands,89.51,medium,True,2015-12-07,3918,old
U07005,WeChat,Tencent,Messaging and social media,Guyana,34.66,low,False,2026-08-10,19,very_new
U07006,Facebook,Meta,Social networking,Malawi,107.53,medium,True,2020-03-10,2363,old
U07007,Quora,Quora Inc.,Q&A knowledge sharing,Algeria,123.89,medium,False,2019-05-22,2656,old
U07008,Facebook,Meta,Social networking,France,237.17,high,True,2023-10-18,1046,old
U07009,LinkedIn,Microsoft,Professional networking,Bosnia and Herzegovina,174.8,medium,False,2023-08-03,1122,old
U07010,Telegram,Telegram FZ LLC,Messaging,Solomon Islands,135.61,medium,True,2016-02-20,3843,old
U07011,Instagram,Meta,Photo and video sharing,Norfolk Island,260.65,high,False,2026-04-18,133,new
U07012,WeChat,Tencent,Messaging and social media,Kiribati,148.75,medium,False,2021-09-28,1796,old
U07013,Instagram,Meta,Photo and video sharing,Taiwan,42.62,low,False,2018-08-07,2944,old
U07014,Facebook,Meta,Social networking,Bahamas,109.27,medium,True,2026-03-30,152,new
U07015,Pinterest,Pinterest Inc.,Visual discovery and bookmarking,Italy,125.03,medium,False,2016-03-01,3833,old
U07016,Pinterest,Pinterest Inc.,Visual discovery and bookmarking,United States of America,101.37,medium,False,2021-10-27,1767,old
U07017,WeChat,Tencent,Messaging and social media,Madagascar,94.56,medium,False,2016-10-28,3592,old
U07018,WeChat,Tencent,Messaging and social media,Nicaragua,256.15,high,True,2018-09-18,2902,old
U07019,Reddit,Reddit Inc.,Discussion forums and communities,Bangladesh,242.96,high,False,2022-07-06,1515,old
U07020,YouTube,Google,Video sharing,Saudi Arabia,185.67,high,True,2016-11-16,3573,old
U07021,Instagram,Meta,Photo and video sharing,Benin,123.37,medium,True,2021-05-20,1927,old
U07022,Reddit,Reddit Inc.,Discussion forums and communities,Mayotte,54.93,low,False,2018-03-04,3100,old
U07023,WeChat,Tencent,Messaging and social media,Cote d'Ivoire,80.16,medium,True,2026-08-10,19,very_new
U07024,Threads,Meta,Text-based social networking,Italy,239.33,high,True,2015-11-05,3950,old
U07025,Reddit,Reddit Inc.,Discussion forums and communities,Thailand,60.51,medium,False,2018-01-19,3144,old
U07026,Quora,Quora Inc.,Q&A knowledge sharing,Holy See (Vatican City State),226.26,high,False,2015-09-08,4008,old
U07027,WhatsApp,Meta,Messaging,Sao Tome and Principe,193.46,high,True,2026-08-09,20,very_new
U07028,WhatsApp,Meta,Messaging,Sudan,143.83,medium,True,2018-10-09,2881,old
U07029,WhatsApp,Meta,Messaging,Mali,29.14,low,True,2024-05-22,829,old
U07030,Quora,Quora Inc.,Q&A knowledge sharing,United States Virgin Islands,136.5,medium,False,2018-11-07,2852,old
U07031,TikTok,ByteDance,Short-form videos,Zimbabwe,245.18,high,True,2022-04-23,1589,old
U07032,Snapchat,Snap Inc.,Multimedia messaging,Brunei Darussalam,279.84,high,True,2020-09-22,2167,old
U07033,Facebook,Meta,Social networking,El Salvador,265.33,high,False,2024-05-02,849,old
U07034,Quora,Quora Inc.,Q&A knowledge sharing,New Caledonia,226.51,high,True,2016-06-03,3739,old
U07035,Threads,Meta,Text-based social networking,Bahrain,36.87,low,False,2026-08-21,8,very_new
U07036,Telegram,Telegram FZ LLC,Messaging,New Caledonia,208.16,high,True,2021-10-22,1772,old
U07037,Instagram,Meta,Photo and video sharing,Montenegro,157.53,medium,False,2020-08-18,2202,old
U07038,Instagram,Meta,Photo and video sharing,Albania,77.46,medium,False,2026-08-28,1,very_new
U07039,Reddit,Reddit Inc.,Discussion forums and communities,Dominican Republic,218.83,high,False,2024-08-25,734,old
U07040,LinkedIn,Microsoft,Professional networking,Romania,202.97,high,False,2024-12-21,616,established
U07041,LinkedIn,Microsoft,Professional networking,Nepal,17.67,low,False,2026-08-15,14,very_new
U07042,LinkedIn,Microsoft,Professional networking,New Caledonia,148.03,medium,True,2026-05-27,94,new
U07043,LinkedIn,Microsoft,Professional networking,Japan,23.91,low,False,2022-12-22,1346,old
U07044,WeChat,Tencent,Messaging and social media,Canada,220.78,high,True,2018-05-20,3023,old
U07045,TikTok,ByteDance,Short-form videos,French Southern Territories,275.19,high,True,2016-12-29,3530,old
U07046,Reddit,Reddit Inc.,Discussion forums and communities,Hong Kong,118.75,medium,True,2026-05-16,105,new
U07047,WhatsApp,Meta,Messaging,Honduras,9.52,low,True,2022-07-06,1515,old
U07048,Reddit,Reddit Inc.,Discussion forums and communities,Malawi,150.51,medium,True,2026-08-22,7,very_new
U07049,YouTube,Google,Video sharing,Togo,157.41,medium,False,2019-09-27,2528,old
U07050,Threads,Meta,Text-based social networking,Netherlands Antilles,82.57,medium,True,2024-03-26,886,old
U07051,Instagram,Meta,Photo and video sharing,Bermuda,187.35,high,True,2017-03-19,3450,old
U07052,Quora,Quora Inc.,Q&A knowledge sharing,South Georgia and the South Sandwich Islands,177.72,medium,True,2026-07-29,31,new
U07053,WeChat,Tencent,Messaging and social media,Solomon Islands,211.75,high,True,2019-06-24,2623,old
U07054,YouTube,Google,Video sharing,Angola,90.48,medium,True,2024-08-27,732,old
U07055,X (formerly Twitter),X Corp.,Microblogging,Zambia,77.86,medium,True,2016-09-19,3631,old
U07056,YouTube,Google,Video sharing,Mauritania,63.79,medium,False,2017-11-14,3210,old
U07057,WeChat,Tencent,Messaging and social media,Equatorial Guinea,165.43,medium,False,2023-05-26,1191,old
U07058,YouTube,Google,Video sharing,Seychelles,232.37,high,False,2018-06-04,3008,old
U07059,LinkedIn,Microsoft,Professional networking,Honduras,169.93,medium,True,2024-06-21,799,old
U07060,Snapchat,Snap Inc.,Multimedia messaging,Gabon,114.94,medium,False,2023-07-26,1130,old
U07061,Reddit,Reddit Inc.,Discussion forums and communities,Macao,185.74,high,True,2026-06-28,62,new
U07062,TikTok,ByteDance,Short-form videos,Sri Lanka,43.92,low,False,2023-07-05,1151,old
U07063,TikTok,ByteDance,Short-form videos,Ecuador,298.27,high,False,2018-11-08,2851,old
U07064,Threads,Meta,Text-based social networking,Slovakia (Slovak Republic),112.33,medium,True,2025-03-09,538,established
U07065,Quora,Quora Inc.,Q&A knowledge sharing,Mauritania,280.14,high,False,2026-08-12,17,very_new
U07066,Facebook,Meta,Social networking,Egypt,229.7,high,True,2017-06-10,3367,old
U07067,Telegram,Telegram FZ LLC,Messaging,South Africa,272.66,high,False,2017-07-01,3346,old
U07068,Facebook,Meta,Social networking,Mauritania,155.92,medium,False,2019-02-09,2758,old
U07069,WhatsApp,Meta,Messaging,Trinidad and Tobago,220.72,high,True,2018-10-16,2874,old
U07070,TikTok,ByteDance,Short-form videos,Western Sahara,96.58,medium,False,2026-04-24,127,new
U07071,Pinterest,Pinterest Inc.,Visual discovery and bookmarking,Burundi,10.11,low,False,2024-03-29,883,old
U07072,TikTok,ByteDance,Short-form videos,Ecuador,245.7,high,True,2023-05-30,1187,old
U07073,Instagram,Meta,Photo and video sharing,Belarus,221.0,high,False,2026-07-11,49,new
U07074,TikTok,ByteDance,Short-form videos,Belarus,13.23,low,False,2021-11-26,1737,old
U07075,Pinterest,Pinterest Inc.,Visual discovery and bookmarking,Guadeloupe,178.1,medium,False,2017-07-19,3328,old
U07076,WhatsApp,Meta,Messaging,Guyana,143.93,medium,False,2018-02-27,3105,old
U07077,Quora,Quora Inc.,Q&A knowledge sharing,Indonesia,246.49,high,False,2015-11-06,3949,old
U07078,Threads,Meta,Text-based social networking,Guadeloupe,81.72,medium,True,2018-12-08,2821,old
U07079,X (formerly Twitter),X Corp.,Microblogging,Turks and Caicos Islands,192.69,high,False,2018-07-13,2969,old
U07080,Instagram,Meta,Photo and video sharing,Palestinian Territory,253.51,high,True,2019-06-16,2631,old
U07081,Pinterest,Pinterest Inc.,Visual discovery and bookmarking,Taiwan,92.93,medium,False,2026-08-26,3,very_new
U07082,WhatsApp,Meta,Messaging,Sri Lanka,146.37,medium,True,2022-06-16,1535,old
U07083,Facebook,Meta,Social networking,Saudi Arabia,56.55,low,True,2017-04-22,3416,old
U07084,LinkedIn,Microsoft,Professional networking,Comoros,55.44,low,False,2016-10-14,3606,old
U07085,LinkedIn,Microsoft,Professional networking,Palestinian Territory,95.41,medium,True,2022-06-04,1547,old
U07086,Quora,Quora Inc.,Q&A knowledge sharing,Puerto Rico,181.33,high,True,2018-04-29,3044,old
U07087,WeChat,Tencent,Messaging and social media,Antarctica (the territory South of 60 deg S),82.75,medium,True,2019-04-22,2686,old
U07088,Threads,Meta,Text-based social networking,Lao People's Democratic Republic,238.93,high,True,2018-02-16,3116,old
U07089,WhatsApp,Meta,Messaging,Egypt,205.76,high,True,2017-11-12,3212,old
U07090,Facebook,Meta,Social networking,Cocos (Keeling) Islands,106.96,medium,True,2020-09-04,2185,old
U07091,Quora,Quora Inc.,Q&A knowledge sharing,Cyprus,264.64,high,True,2026-05-15,106,new
U07092,Threads,Meta,Text-based social networking,Bermuda,18.27,low,False,2018-06-18,2994,old
U07093,Threads,Meta,Text-based social networking,Romania,229.54,high,False,2020-12-26,2072,old
U07094,Instagram,Meta,Photo and video sharing,Gabon,35.77,low,False,2026-08-06,23,very_new
U07095,Reddit,Reddit Inc.,Discussion forums and communities,Czech Republic,82.09,medium,True,2018-07-27,2955,old
U07096,X (formerly Twitter),X Corp.,Microblogging,Kiribati,202.35,high,True,2015-12-16,3909,old
U07097,Instagram,Meta,Photo and video sharing,Egypt,58.66,low,True,2026-07-15,45,new
U07098,Reddit,Reddit Inc.,Discussion forums and communities,Reunion,108.98,medium,False,2022-08-15,1475,old
U07099,Reddit,Reddit Inc.,Discussion forums and communities,Guatemala,248.33,high,True,2021-03-29,1979,old
U07100,Instagram,Meta,Photo and video sharing,Armenia,244.5,high,True,2022-06-12,1539,old
U07101,Instagram,Meta,Photo and video sharing,Peru,196.43,high,False,2015-09-30,3986,old
U07102,WeChat,Tencent,Messaging and social media,Reunion,295.59,high,True,2020-10-07,2152,old
U07103,Threads,Meta,Text-based social networking,Romania,270.24,high,False,2021-12-03,1730,old
U07104,Pinterest,Pinterest Inc.,Visual discovery and bookmarking,Bulgaria,212.41,high,True,2017-11-08,3216,old
U07105,WhatsApp,Meta,Messaging,Azerbaijan,271.68,high,False,2023-05-13,1204,old
U07106,Pinterest,Pinterest Inc.,Visual discovery and bookmarking,Lithuania,88.78,medium,True,2026-07-26,34,new
U07107,Telegram,Telegram FZ LLC,Messaging,Cayman Islands,147.24,medium,True,2015-10-30,3956,old
U07108,WeChat,Tencent,Messaging and social media,Bahrain,193.01,high,False,2025-03-04,543,established
U07109,WeChat,Tencent,Messaging and social media,Cote d'Ivoire,298.38,high,False,2024-08-24,735,old
U07110,YouTube,Google,Video sharing,Liechtenstein,222.18,high,False,2019-09-21,2534,old
U07111,Telegram,Telegram FZ LLC,Messaging,Niue,209.85,high,True,2026-06-03,87,new
U07112,Facebook,Meta,Social networking,Faroe Islands,240.14,high,True,2016-03-07,3827,old
U07113,WeChat,Tencent,Messaging and social media,Armenia,10.77,low,True,2026-08-05,24,very_new
U07114,Quora,Quora Inc.,Q&A knowledge sharing,Mexico,180.7,high,False,2016-11-30,3559,old
U07115,Pinterest,Pinterest Inc.,Visual discovery and bookmarking,Turkmenistan,48.51,low,True,2016-11-10,3579,old
U07116,Quora,Quora Inc.,Q&A knowledge sharing,Lesotho,164.0,medium,True,2022-05-21,1561,old
U07117,TikTok,ByteDance,Short-form videos,Qatar,247.9,high,True,2017-01-01,3527,old
U07118,Threads,Meta,Text-based social networking,United States of America,211.99,high,False,2017-02-09,3488,old
U07119,Facebook,Meta,Social networking,Poland,39.27,low,False,2022-02-15,1656,old
U07120,Threads,Meta,Text-based social networking,South Georgia and the South Sandwich Islands,265.12,high,True,2020-12-26,2072,old
U07121,WhatsApp,Meta,Messaging,Uzbekistan,40.99,low,False,2018-07-28,2954,old
U07122,Reddit,Reddit Inc.,Discussion forums and communities,Iran,208.53,high,True,2022-03-29,1614,old
U07123,X (formerly Twitter),X Corp.,Microblogging,French Polynesia,40.57,low,True,2023-10-10,1054,old
U07124,Instagram,Meta,Photo and video sharing,Madagascar,164.2,medium,False,2026-08-02,27,very_new
U07125,Telegram,Telegram FZ LLC,Messaging,Ghana,248.17,high,True,2018-09-10,2910,old
U07126,Telegram,Telegram FZ LLC,Messaging,Finland,103.09,medium,True,2020-07-25,2226,old
U07127,YouTube,Google,Video sharing,Greenland,55.2,low,True,2026-05-25,96,new
U07128,WhatsApp,Meta,Messaging,Indonesia,25.22,low,False,2020-05-09,2303,old
U07129,Instagram,Meta,Photo and video sharing,British Indian Ocean Territory (Chagos Archipelago),166.95,medium,True,2026-08-21,8,very_new
U07130,LinkedIn,Microsoft,Professional networking,Bouvet Island (Bouvetoya),107.01,medium,False,2022-05-03,1579,old
U07131,Telegram,Telegram FZ LLC,Messaging,Lao People's Democratic Republic,45.28,low,False,2024-10-16,682,established
U07132,Threads,Meta,Text-based social networking,Sierra Leone,173.26,medium,False,2025-02-17,558,established
U07133,X (formerly Twitter),X Corp.,Microblogging,Colombia,18.34,low,False,2019-01-11,2787,old
U07134,TikTok,ByteDance,Short-form videos,British Indian Ocean Territory (Chagos Archipelago),216.57,high,True,2026-03-24,158,new
U07135,Telegram,Telegram FZ LLC,Messaging,Qatar,107.38,medium,False,2026-08-21,8,very_new
U07136,Facebook,Meta,Social networking,Italy,79.21,medium,False,2018-09-10,2910,old
U07137,Instagram,Meta,Photo and video sharing,Burkina Faso,50.5,low,False,2021-01-07,2060,old
U07138,Instagram,Meta,Photo and video sharing,Belgium,123.46,medium,False,2026-08-07,22,very_new
U07139,X (formerly Twitter),X Corp.,Microblogging,South Africa,152.99,medium,True,2016-12-28,3531,old
U07140,Reddit,Reddit Inc.,Discussion forums and communities,Jersey,248.98,high,False,2024-02-12,929,old
U07141,X (formerly Twitter),X Corp.,Microblogging,Greece,164.17,medium,True,2019-06-24,2623,old
U07142,Pinterest,Pinterest Inc.,Visual discovery and bookmarking,Samoa,198.65,high,True,2025-03-30,517,established
U07143,LinkedIn,Microsoft,Professional networking,Vietnam,192.71,high,True,2024-10-13,685,established
U07144,Instagram,Meta,Photo and video sharing,Paraguay,201.21,high,True,2018-06-20,2992,old
U07145,Quora,Quora Inc.,Q&A knowledge sharing,Bangladesh,36.61,low,False,2024-07-08,782,old
U07146,Threads,Meta,Text-based social networking,Taiwan,48.4,low,False,2023-03-17,1261,old
U07147,X (formerly Twitter),X Corp.,Microblogging,Armenia,15.4,low,True,2015-06-27,4081,old
U07148,Reddit,Reddit Inc.,Discussion forums and communities,United States Virgin Islands,112.05,medium,True,2016-11-30,3559,old
U07149,Threads,Meta,Text-based social networking,American Samoa,153.78,medium,False,2017-07-01,3346,old
U07150,Reddit,Reddit Inc.,Discussion forums and communities,Pakistan,183.62,high,False,2018-03-06,3098,old
U07151,Instagram,Meta,Photo and video sharing,Sudan,39.9,low,True,2024-12-07,630,established
U07152,TikTok,ByteDance,Short-form videos,Aruba,251.59,high,True,2024-11-07,660,established
U07153,LinkedIn,Microsoft,Professional networking,Oman,260.75,high,True,2022-02-01,1670,old
U07154,Facebook,Meta,Social networking,Niger,16.94,low,False,2016-03-09,3825,old
U07155,Telegram,Telegram FZ LLC,Messaging,Guyana,178.23,medium,True,2015-06-09,4099,old
U07156,Snapchat,Snap Inc.,Multimedia messaging,Nauru,22.62,low,False,2024-09-04,724,established
U07157,Snapchat,Snap Inc.,Multimedia messaging,Sri Lanka,89.98,medium,True,2016-07-07,3705,old
U07158,X (formerly Twitter),X Corp.,Microblogging,Haiti,147.55,medium,False,2021-10-19,1775,old
U07159,YouTube,Google,Video sharing,French Polynesia,77.57,medium,False,2020-06-29,2252,old
U07160,Telegram,Telegram FZ LLC,Messaging,Greenland,76.22,medium,False,2019-10-07,2518,old
U07161,YouTube,Google,Video sharing,Bermuda,61.06,medium,True,2015-10-08,3978,old
U07162,Telegram,Telegram FZ LLC,Messaging,Malaysia,150.86,medium,False,2025-04-10,506,established
U07163,Snapchat,Snap Inc.,Multimedia messaging,Tunisia,122.21,medium,True,2016-10-15,3605,old
U07164,TikTok,ByteDance,Short-form videos,Djibouti,278.07,high,False,2020-02-03,2399,old
U07165,LinkedIn,Microsoft,Professional networking,Heard Island and McDonald Islands,30.21,low,True,2024-07-27,763,old
U07166,Threads,Meta,Text-based social networking,Bouvet Island (Bouvetoya),287.17,high,False,2016-03-10,3824,old
U07167,Snapchat,Snap Inc.,Multimedia messaging,Malawi,179.6,medium,True,2023-05-21,1196,old
U07168,Reddit,Reddit Inc.,Discussion forums and communities,Suriname,293.95,high,False,2018-01-05,3158,old
U07169,Snapchat,Snap Inc.,Multimedia messaging,Vietnam,11.36,low,True,2016-08-07,3674,old
U07170,Threads,Meta,Text-based social networking,Suriname,260.35,high,True,2018-01-15,3148,old
U07171,X (formerly Twitter),X Corp.,Microblogging,Namibia,109.62,medium,True,2019-03-25,2714,old
U07172,LinkedIn,Microsoft,Professional networking,Svalbard & Jan Mayen Islands,274.04,high,True,2018-09-28,2892,old
U07173,Threads,Meta,Text-based social networking,Thailand,292.49,high,True,2016-10-13,3607,old
U07174,Pinterest,Pinterest Inc.,Visual discovery and bookmarking,Liechtenstein,68.05,medium,True,2023-08-13,1112,old
U07175,Facebook,Meta,Social networking,Saint Vincent and the Grenadines,140.71,medium,False,2022-04-22,1590,old
U07176,Telegram,Telegram FZ LLC,Messaging,Poland,59.52,low,False,2024-01-13,959,old
U07177,Snapchat,Snap Inc.,Multimedia messaging,Slovakia (Slovak Republic),151.79,medium,False,2023-04-19,1228,old
U07178,Instagram,Meta,Photo and video sharing,Cote d'Ivoire,171.32,medium,False,2026-08-03,26,very_new
U07179,WeChat,Tencent,Messaging and social media,Slovakia (Slovak Republic),60.55,medium,True,2019-11-17,2477,old
U07180,Snapchat,Snap Inc.,Multimedia messaging,Slovakia (Slovak Republic),70.74,medium,True,2016-01-14,3880,old
U07181,LinkedIn,Microsoft,Professional networking,South Georgia and the South Sandwich Islands,197.27,high,False,2019-05-12,2666,old
U07182,YouTube,Google,Video sharing,Antarctica (the territory South of 60 deg S),164.79,medium,True,2017-02-07,3490,old
U07183,Instagram,Meta,Photo and video sharing,Kyrgyz Republic,181.39,high,True,2017-03-22,3447,old
U07184,Threads,Meta,Text-based social networking,Micronesia,139.66,medium,True,2020-07-01,2250,old
U07185,Telegram,Telegram FZ LLC,Messaging,Japan,253.17,high,True,2023-04-09,1238,old
U07186,TikTok,ByteDance,Short-form videos,Iraq,217.53,high,True,2022-10-15,1414,old
U07187,Snapchat,Snap Inc.,Multimedia messaging,Yemen,102.62,medium,False,2020-01-17,2416,old
U07188,YouTube,Google,Video sharing,Uganda,13.46,low,False,2020-09-19,2170,old
U07189,X (formerly Twitter),X Corp.,Microblogging,Brazil,15.22,low,True,2024-03-26,886,old
U07190,Quora,Quora Inc.,Q&A knowledge sharing,Venezuela,191.16,high,False,2018-09-21,2899,old
U07191,TikTok,ByteDance,Short-form videos,Jersey,99.42,medium,True,2023-07-19,1137,old
U07192,Snapchat,Snap Inc.,Multimedia messaging,Bouvet Island (Bouvetoya),282.09,high,True,2016-11-20,3569,old
U07193,Instagram,Meta,Photo and video sharing,Portugal,160.44,medium,False,2022-05-24,1558,old
U07194,WeChat,Tencent,Messaging and social media,American Samoa,156.76,medium,False,2016-10-09,3611,old
U07195,Threads,Meta,Text-based social networking,Pakistan,120.84,medium,False,2016-07-06,3706,old
U07196,TikTok,ByteDance,Short-form videos,Guinea-Bissau,187.05,high,False,2026-03-19,163,new
U07197,Pinterest,Pinterest Inc.,Visual discovery and bookmarking,Mozambique,224.16,high,True,2016-06-11,3731,old
U07198,TikTok,ByteDance,Short-form videos,Mayotte,18.76,low,True,2026-05-02,119,new
U07199,Facebook,Meta,Social networking,Qatar,205.92,high,False,2015-09-13,4003,old
U07200,TikTok,ByteDance,Short-form videos,Congo,199.31,high,True,2022-07-07,1514,old
U07201,Telegram,Telegram FZ LLC,Messaging,Tunisia,78.23,medium,True,2017-02-24,3473,old
U07202,Pinterest,Pinterest Inc.,Visual discovery and bookmarking,Lebanon,279.31,high,True,2022-06-10,1541,old
U07203,Reddit,Reddit Inc.,Discussion forums and communities,Tonga,285.98,high,True,2018-05-25,3018,old
U07204,TikTok,ByteDance,Short-form videos,Montenegro,179.23,medium,True,2023-06-17,1169,old
U07205,WeChat,Tencent,Messaging and social media,Saint Barthelemy,230.15,high,True,2022-09-10,1449,old
U07206,Reddit,Reddit Inc.,Discussion forums and communities,Bermuda,47.73,low,True,2017-01-19,3509,old
U07207,Telegram,Telegram FZ LLC,Messaging,Antarctica (the territory South of 60 deg S),34.55,low,False,2015-07-17,4061,old
U07208,YouTube,Google,Video sharing,Mali,22.12,low,True,2016-05-11,3762,old
U07209,YouTube,Google,Video sharing,Guatemala,172.22,medium,True,2021-09-23,1801,old
U07210,WhatsApp,Meta,Messaging,United States Minor Outlying Islands,100.34,medium,True,2022-11-28,1370,old
U07211,Quora,Quora Inc.,Q&A knowledge sharing,British Indian Ocean Territory (Chagos Archipelago),242.2,high,False,2016-03-05,3829,old
U07212,YouTube,Google,Video sharing,Australia,247.73,high,True,2020-08-12,2208,old
U07213,X (formerly Twitter),X Corp.,Microblogging,Armenia,110.6,medium,False,2024-09-14,714,established
U07214,TikTok,ByteDance,Short-form videos,Albania,243.62,high,False,2023-07-10,1146,old
U07215,Quora,Quora Inc.,Q&A knowledge sharing,Burkina Faso,278.84,high,False,2022-07-20,1501,old
U07216,Quora,Quora Inc.,Q&A knowledge sharing,British Virgin Islands,7.05,low,False,2026-08-03,26,very_new
U07217,YouTube,Google,Video sharing,Hungary,229.25,high,True,2026-04-02,149,new
U07218,WhatsApp,Meta,Messaging,Wallis and Futuna,184.34,high,False,2018-01-04,3159,old
U07219,Snapchat,Snap Inc.,Multimedia messaging,Ireland,198.39,high,True,2021-12-02,1731,old
U07220,X (formerly Twitter),X Corp.,Microblogging,Holy See (Vatican City State),131.81,medium,False,2020-03-28,2345,old
U07221,WeChat,Tencent,Messaging and social media,Rwanda,280.94,high,True,2016-07-18,3694,old
U07222,YouTube,Google,Video sharing,American Samoa,224.67,high,False,2026-04-22,129,new
U07223,TikTok,ByteDance,Short-form videos,Palestinian Territory,241.82,high,True,2023-02-07,1299,old
U07224,Snapchat,Snap Inc.,Multimedia messaging,Costa Rica,143.68,medium,True,2024-02-06,935,old
U07225,Quora,Quora Inc.,Q&A knowledge sharing,Hong Kong,22.44,low,False,2018-10-28,2862,old
U07226,YouTube,Google,Video sharing,Anguilla,142.8,medium,False,2020-09-06,2183,old
U07227,WhatsApp,Meta,Messaging,Congo,131.5,medium,False,2020-08-07,2213,old
U07228,Quora,Quora Inc.,Q&A knowledge sharing,Japan,52.51,low,False,2017-03-20,3449,old
U07229,WhatsApp,Meta,Messaging,Liechtenstein,96.51,medium,True,2021-03-10,1998,old
U07230,WeChat,Tencent,Messaging and social media,French Polynesia,256.67,high,True,2016-02-16,3847,old
U07231,Instagram,Meta,Photo and video sharing,Tokelau,287.5,high,False,2017-02-08,3489,old
U07232,WeChat,Tencent,Messaging and social media,Madagascar,118.7,medium,False,2025-03-09,538,established
U07233,TikTok,ByteDance,Short-form videos,Kuwait,292.86,high,False,2026-08-26,3,very_new
U07234,TikTok,ByteDance,Short-form videos,South Georgia and the South Sandwich Islands,272.42,high,True,2021-08-02,1853,old
U07235,Telegram,Telegram FZ LLC,Messaging,Barbados,202.93,high,False,2023-05-28,1189,old
U07236,Threads,Meta,Text-based social networking,Libyan Arab Jamahiriya,90.18,medium,True,2024-08-20,739,old
U07237,WhatsApp,Meta,Messaging,Croatia,119.74,medium,False,2024-10-28,670,established
U07238,TikTok,ByteDance,Short-form videos,Slovenia,283.25,high,False,2023-07-17,1139,old
U07239,WeChat,Tencent,Messaging and social media,Bangladesh,180.55,high,True,2017-01-01,3527,old
U07240,Instagram,Meta,Photo and video sharing,Iceland,157.98,medium,True,2015-10-03,3983,old
U07241,Telegram,Telegram FZ LLC,Messaging,Armenia,186.92,high,True,2022-11-26,1372,old
U07242,Instagram,Meta,Photo and video sharing,French Guiana,292.01,high,True,2025-03-17,530,established
U07243,X (formerly Twitter),X Corp.,Microblogging,Tokelau,202.9,high,True,2022-11-14,1384,old
U07244,X (formerly Twitter),X Corp.,Microblogging,South Georgia and the South Sandwich Islands,113.6,medium,False,2019-06-24,2623,old
U07245,X (formerly Twitter),X Corp.,Microblogging,Morocco,27.61,low,False,2015-12-01,3924,old
U07246,Threads,Meta,Text-based social networking,Guinea-Bissau,73.8,medium,False,2026-08-08,21,very_new
U07247,WhatsApp,Meta,Messaging,Albania,80.93,medium,False,2016-07-27,3685,old
U07248,TikTok,ByteDance,Short-form videos,Afghanistan,79.95,medium,False,2026-05-26,95,new
U07249,Facebook,Meta,Social networking,South Georgia and the South Sandwich Islands,245.79,high,False,2023-12-01,1002,old
U07250,X (formerly Twitter),X Corp.,Microblogging,New Caledonia,59.1,low,False,2024-05-16,835,old
U07251,Snapchat,Snap Inc.,Multimedia messaging,Guadeloupe,12.05,low,False,2023-06-13,1173,old
U07252,Facebook,Meta,Social networking,Germany,173.71,medium,True,2018-01-31,3132,old
U07253,Instagram,Meta,Photo and video sharing,Kuwait,46.74,low,False,2018-03-08,3096,old
U07254,WhatsApp,Meta,Messaging,Martinique,201.63,high,True,2016-11-20,3569,old
U07255,WeChat,Tencent,Messaging and social media,Turkey,21.66,low,True,2018-02-27,3105,old
U07256,YouTube,Google,Video sharing,United Arab Emirates,265.33,high,False,2018-08-12,2939,old
U07257,TikTok,ByteDance,Short-form videos,Isle of Man,175.09,medium,False,2019-10-18,2507,old
U07258,WhatsApp,Meta,Messaging,Algeria,148.83,medium,True,2018-10-23,2867,old
U07259,Instagram,Meta,Photo and video sharing,Papua New Guinea,198.82,high,True,2015-11-01,3954,old
U07260,WhatsApp,Meta,Messaging,Trinidad and Tobago,249.69,high,False,2023-07-31,1125,old
U07261,TikTok,ByteDance,Short-form videos,Ethiopia,197.48,high,True,2023-12-05,998,old
U07262,Telegram,Telegram FZ LLC,Messaging,United Arab Emirates,207.04,high,True,2015-11-26,3929,old
U07263,YouTube,Google,Video sharing,Martinique,13.42,low,False,2024-10-15,683,established
U07264,Telegram,Telegram FZ LLC,Messaging,Austria,269.71,high,True,2019-06-16,2631,old
U07265,Threads,Meta,Text-based social networking,Christmas Island,238.18,high,True,2016-08-31,3650,old
U07266,Threads,Meta,Text-based social networking,Bahamas,13.61,low,False,2022-08-09,1481,old
U07267,TikTok,ByteDance,Short-form videos,Kyrgyz Republic,155.22,medium,False,2024-12-22,615,established
U07268,Snapchat,Snap Inc.,Multimedia messaging,Germany,159.47,medium,False,2026-08-03,26,very_new
U07269,LinkedIn,Microsoft,Professional networking,Congo,172.65,medium,True,2023-01-30,1307,old
U07270,Snapchat,Snap Inc.,Multimedia messaging,Albania,101.43,medium,True,2019-01-17,2781,old
U07271,TikTok,ByteDance,Short-form videos,Taiwan,158.73,medium,True,2024-12-08,629,established
U07272,YouTube,Google,Video sharing,Puerto Rico,49.51,low,True,2020-10-06,2153,old
U07273,Telegram,Telegram FZ LLC,Messaging,Gambia,41.18,low,True,2018-07-20,2962,old
U07274,WeChat,Tencent,Messaging and social media,Netherlands Antilles,280.96,high,False,2026-08-28,1,very_new
U07275,LinkedIn,Microsoft,Professional networking,Burundi,175.66,medium,False,2020-08-10,2210,old
U07276,LinkedIn,Microsoft,Professional networking,Nicaragua,205.37,high,False,2018-08-08,2943,old
U07277,Quora,Quora Inc.,Q&A knowledge sharing,Somalia,53.84,low,True,2017-07-30,3317,old
U07278,Pinterest,Pinterest Inc.,Visual discovery and bookmarking,Nicaragua,201.1,high,False,2024-03-24,888,old
U07279,Facebook,Meta,Social networking,Sweden,132.66,medium,True,2022-02-04,1667,old
U07280,Telegram,Telegram FZ LLC,Messaging,Colombia,265.82,high,True,2022-02-08,1663,old
U07281,WeChat,Tencent,Messaging and social media,Nicaragua,158.86,medium,False,2025-04-11,505,established
U07282,Telegram,Telegram FZ LLC,Messaging,Poland,125.98,medium,True,2016-01-17,3877,old
U07283,Quora,Quora Inc.,Q&A knowledge sharing,Saint Martin,291.07,high,True,2026-08-05,24,very_new
U07284,Pinterest,Pinterest Inc.,Visual discovery and bookmarking,Solomon Islands,239.13,high,False,2024-08-03,756,old
U07285,Quora,Quora Inc.,Q&A knowledge sharing,Zimbabwe,94.83,medium,False,2026-05-02,119,new
U07286,Telegram,Telegram FZ LLC,Messaging,Israel,232.88,high,False,2022-03-01,1642,old
U07287,Pinterest,Pinterest Inc.,Visual discovery and bookmarking,Martinique,272.53,high,False,2018-12-14,2815,old
U07288,Pinterest,Pinterest Inc.,Visual discovery and bookmarking,Falkland Islands (Malvinas),279.74,high,False,2023-10-18,1046,old
U07289,Snapchat,Snap Inc.,Multimedia messaging,Faroe Islands,147.61,medium,True,2017-09-20,3265,old
U07290,Telegram,Telegram FZ LLC,Messaging,Moldova,65.93,medium,False,2020-05-03,2309,old
U07291,X (formerly Twitter),X Corp.,Microblogging,British Indian Ocean Territory (Chagos Archipelago),224.35,high,False,2017-07-16,3331,old
U07292,Instagram,Meta,Photo and video sharing,Swaziland,223.74,high,True,2026-04-23,128,new
U07293,X (formerly Twitter),X Corp.,Microblogging,Poland,222.05,high,False,2015-06-22,4086,old
U07294,X (formerly Twitter),X Corp.,Microblogging,Djibouti,202.87,high,False,2024-10-28,670,established
U07295,Pinterest,Pinterest Inc.,Visual discovery and bookmarking,Syrian Arab Republic,60.75,medium,True,2015-11-24,3931,old
U07296,Threads,Meta,Text-based social networking,Thailand,224.78,high,False,2026-03-07,175,new
U07297,Facebook,Meta,Social networking,Oman,164.38,medium,False,2018-03-06,3098,old
U07298,LinkedIn,Microsoft,Professional networking,Canada,149.86,medium,False,2018-04-10,3063,old
U07299,YouTube,Google,Video sharing,Togo,261.36,high,True,2016-07-29,3683,old
U07300,Pinterest,Pinterest Inc.,Visual discovery and bookmarking,Haiti,87.78,medium,True,2023-10-05,1059,old
U07301,Snapchat,Snap Inc.,Multimedia messaging,Holy See (Vatican City State),121.96,medium,False,2015-09-01,4015,old
U07302,Facebook,Meta,Social networking,Montserrat,109.84,medium,False,2018-04-28,3045,old
U07303,Telegram,Telegram FZ LLC,Messaging,United Arab Emirates,23.37,low,True,2025-03-28,519,established
U07304,Reddit,Reddit Inc.,Discussion forums and communities,British Indian Ocean Territory (Chagos Archipelago),29.01,low,False,2020-10-12,2147,old
U07305,WhatsApp,Meta,Messaging,Colombia,92.03,medium,True,2023-11-27,1006,old
U07306,Quora,Quora Inc.,Q&A knowledge sharing,Tajikistan,119.12,medium,True,2026-08-19,10,very_new
U07307,Snapchat,Snap Inc.,Multimedia messaging,Nicaragua,218.39,high,True,2019-11-19,2475,old
U07308,Telegram,Telegram FZ LLC,Messaging,Gambia,261.07,high,True,2016-06-29,3713,old
U07309,X (formerly Twitter),X Corp.,Microblogging,Dominican Republic,94.66,medium,False,2019-04-20,2688,old
U07310,Reddit,Reddit Inc.,Discussion forums and communities,Andorra,263.13,high,False,2020-02-11,2391,old
U07311,WeChat,Tencent,Messaging and social media,Philippines,269.61,high,False,2023-08-13,1112,old
U07312,LinkedIn,Microsoft,Professional networking,Kiribati,184.52,high,True,2017-08-02,3314,old
U07313,X (formerly Twitter),X Corp.,Microblogging,Jordan,188.15,high,True,2024-07-15,775,old
U07314,LinkedIn,Microsoft,Professional networking,Dominican Republic,218.14,high,False,2019-08-15,2571,old
U07315,Facebook,Meta,Social networking,Puerto Rico,177.29,medium,False,2022-03-02,1641,old
U07316,TikTok,ByteDance,Short-form videos,Iraq,196.55,high,True,2021-08-10,1845,old
U07317,TikTok,ByteDance,Short-form videos,Papua New Guinea,205.75,high,True,2018-05-29,3014,old
U07318,Reddit,Reddit Inc.,Discussion forums and communities,Cayman Islands,102.55,medium,False,2022-07-20,1501,old
U07319,Pinterest,Pinterest Inc.,Visual discovery and bookmarking,Tuvalu,10.28,low,True,2026-06-07,83,new
U07320,TikTok,ByteDance,Short-form videos,Canada,90.66,medium,False,2017-02-13,3484,old
U07321,Facebook,Meta,Social networking,Tuvalu,116.88,medium,True,2016-08-01,3680,old
U07322,Instagram,Meta,Photo and video sharing,Canada,260.28,high,True,2017-11-20,3204,old
U07323,Telegram,Telegram FZ LLC,Messaging,Burkina Faso,54.39,low,True,2018-01-28,3135,old
U07324,WeChat,Tencent,Messaging and social media,Peru,175.45,medium,False,2015-10-18,3968,old
U07325,Quora,Quora Inc.,Q&A knowledge sharing,Slovakia (Slovak Republic),250.32,high,True,2024-10-24,674,established
U07326,Threads,Meta,Text-based social networking,Malawi,299.92,high,False,2021-04-19,1958,old
U07327,LinkedIn,Microsoft,Professional networking,Togo,297.33,high,True,2021-06-27,1889,old
U07328,Instagram,Meta,Photo and video sharing,Netherlands Antilles,12.44,low,True,2024-12-09,628,established
U07329,Pinterest,Pinterest Inc.,Visual discovery and bookmarking,Niue,249.82,high,False,2020-07-08,2243,old
U07330,YouTube,Google,Video sharing,Japan,85.74,medium,True,2018-03-03,3101,old
U07331,LinkedIn,Microsoft,Professional networking,Switzerland,180.33,high,True,2026-07-20,40,new
U07332,Pinterest,Pinterest Inc.,Visual discovery and bookmarking,New Caledonia,68.47,medium,True,2021-11-23,1740,old
U07333,Pinterest,Pinterest Inc.,Visual discovery and bookmarking,French Polynesia,88.07,medium,False,2024-05-10,841,old
U07334,WhatsApp,Meta,Messaging,Cape Verde,9.71,low,True,2023-10-22,1042,old
U07335,TikTok,ByteDance,Short-form videos,Saint Kitts and Nevis,290.82,high,False,2023-12-14,989,old
U07336,WhatsApp,Meta,Messaging,Cambodia,295.33,high,True,2019-06-18,2629,old
U07337,Quora,Quora Inc.,Q&A knowledge sharing,Lebanon,116.56,medium,False,2020-05-11,2301,old
U07338,Pinterest,Pinterest Inc.,Visual discovery and bookmarking,Palau,94.42,medium,True,2021-05-17,1930,old
U07339,Telegram,Telegram FZ LLC,Messaging,Burkina Faso,298.01,high,False,2026-07-16,44,new
U07340,Facebook,Meta,Social networking,Belgium,240.55,high,True,2016-03-19,3815,old
U07341,Quora,Quora Inc.,Q&A knowledge sharing,Faroe Islands,282.24,high,False,2015-07-04,4074,old
U07342,WhatsApp,Meta,Messaging,Qatar,248.64,high,False,2021-07-14,1872,old
U07343,Facebook,Meta,Social networking,Nepal,42.39,low,True,2025-04-11,505,established
U07344,WhatsApp,Meta,Messaging,Myanmar,255.07,high,True,2022-09-24,1435,old
U07345,WeChat,Tencent,Messaging and social media,Uganda,169.7,medium,True,2015-12-24,3901,old
U07346,YouTube,Google,Video sharing,Montserrat,113.87,medium,True,2023-07-02,1154,old
U07347,Threads,Meta,Text-based social networking,Barbados,231.86,high,False,2026-08-07,22,very_new
U07348,YouTube,Google,Video sharing,Kiribati,9.88,low,True,2017-01-14,3514,old
U07349,Pinterest,Pinterest Inc.,Visual discovery and bookmarking,Cook Islands,151.12,medium,True,2016-06-02,3740,old
U07350,YouTube,Google,Video sharing,Spain,35.41,low,False,2020-11-03,2125,old
U07351,Pinterest,Pinterest Inc.,Visual discovery and bookmarking,Tajikistan,229.72,high,True,2018-01-04,3159,old
U07352,TikTok,ByteDance,Short-form videos,Rwanda,118.59,medium,True,2015-09-20,3996,old
U07353,Instagram,Meta,Photo and video sharing,Bahamas,58.32,low,False,2016-07-22,3690,old
U07354,Threads,Meta,Text-based social networking,Guatemala,34.78,low,True,2019-10-07,2518,old
U07355,Quora,Quora Inc.,Q&A knowledge sharing,Brazil,139.25,medium,False,2026-07-20,40,new
U07356,Reddit,Reddit Inc.,Discussion forums and communities,Saint Barthelemy,189.42,high,False,2024-03-03,909,old
U07357,Instagram,Meta,Photo and video sharing,United States of America,228.85,high,True,2015-08-11,4036,old
U07358,TikTok,ByteDance,Short-form videos,Zimbabwe,8.93,low,False,2026-08-20,9,very_new
U07359,Threads,Meta,Text-based social networking,Mozambique,115.48,medium,True,2017-11-10,3214,old
U07360,Quora,Quora Inc.,Q&A knowledge sharing,Panama,82.12,medium,True,2017-04-22,3416,old
U07361,X (formerly Twitter),X Corp.,Microblogging,Timor-Leste,126.59,medium,False,2015-11-01,3954,old
U07362,Facebook,Meta,Social networking,Gambia,143.9,medium,False,2016-10-15,3605,old
U07363,Snapchat,Snap Inc.,Multimedia messaging,Cameroon,49.91,low,False,2015-08-18,4029,old
U07364,WhatsApp,Meta,Messaging,Guatemala,207.93,high,True,2023-04-03,1244,old
U07365,LinkedIn,Microsoft,Professional networking,Norway,180.75,high,True,2018-07-28,2954,old
U07366,Reddit,Reddit Inc.,Discussion forums and communities,Reunion,159.78,medium,False,2026-04-01,150,new
U07367,Pinterest,Pinterest Inc.,Visual discovery and bookmarking,Afghanistan,291.86,high,False,2026-05-05,116,new
U07368,Telegram,Telegram FZ LLC,Messaging,Jersey,16.51,low,True,2026-08-10,19,very_new
U07369,TikTok,ByteDance,Short-form videos,Ghana,241.93,high,True,2026-08-06,23,very_new
U07370,LinkedIn,Microsoft,Professional networking,Andorra,279.31,high,False,2024-03-08,904,old
U07371,Telegram,Telegram FZ LLC,Messaging,Guadeloupe,12.25,low,False,2026-07-02,58,new
U07372,X (formerly Twitter),X Corp.,Microblogging,Cuba,54.37,low,False,2015-09-03,4013,old
U07373,X (formerly Twitter),X Corp.,Microblogging,Saint Kitts and Nevis,39.35,low,True,2021-04-11,1966,old
U07374,Threads,Meta,Text-based social networking,Ukraine,20.81,low,False,2020-12-14,2084,old
U07375,X (formerly Twitter),X Corp.,Microblogging,Grenada,124.19,medium,False,2017-05-15,3393,old
U07376,Quora,Quora Inc.,Q&A knowledge sharing,Moldova,46.97,low,True,2023-11-14,1019,old
U07377,Facebook,Meta,Social networking,Bermuda,285.03,high,False,2021-08-17,1838,old
U07378,Reddit,Reddit Inc.,Discussion forums and communities,Sudan,88.29,medium,True,2020-06-07,2274,old
U07379,WhatsApp,Meta,Messaging,Bermuda,260.85,high,True,2021-03-06,2002,old
U07380,Quora,Quora Inc.,Q&A knowledge sharing,Guernsey,161.12,medium,False,2026-03-27,155,new
U07381,Instagram,Meta,Photo and video sharing,Marshall Islands,34.1,low,True,2026-03-24,158,new
U07382,Telegram,Telegram FZ LLC,Messaging,Saint Barthelemy,44.65,low,False,2017-02-04,3493,old
U07383,Snapchat,Snap Inc.,Multimedia messaging,Palestinian Territory,143.11,medium,True,2022-03-06,1637,old
U07384,LinkedIn,Microsoft,Professional networking,Moldova,102.28,medium,False,2023-06-28,1158,old
U07385,WhatsApp,Meta,Messaging,Czech Republic,89.23,medium,True,2020-05-24,2288,old
U07386,Quora,Quora Inc.,Q&A knowledge sharing,Myanmar,133.22,medium,True,2019-12-27,2437,old
U07387,Facebook,Meta,Social networking,Nicaragua,240.46,high,False,2017-02-19,3478,old
U07388,Pinterest,Pinterest Inc.,Visual discovery and bookmarking,Aruba,214.21,high,False,2024-03-13,899,old
U07389,LinkedIn,Microsoft,Professional networking,Vietnam,180.03,high,False,2016-02-02,3861,old
U07390,TikTok,ByteDance,Short-form videos,Swaziland,173.57,medium,True,2018-07-22,2960,old
U07391,WeChat,Tencent,Messaging and social media,Albania,177.41,medium,True,2024-11-06,661,established
U07392,YouTube,Google,Video sharing,Tajikistan,153.53,medium,False,2024-04-19,862,old
U07393,WhatsApp,Meta,Messaging,Lithuania,296.12,high,True,2021-02-23,2013,old
U07394,Telegram,Telegram FZ LLC,Messaging,Palestinian Territory,152.16,medium,False,2015-08-31,4016,old
U07395,X (formerly Twitter),X Corp.,Microblogging,United Kingdom,103.25,medium,True,2023-05-08,1209,old
U07396,WhatsApp,Meta,Messaging,Nicaragua,182.84,high,False,2017-02-19,3478,old
U07397,YouTube,Google,Video sharing,Honduras,212.89,high,True,2026-03-22,160,new
U07398,Reddit,Reddit Inc.,Discussion forums and communities,Hungary,52.65,low,False,2016-01-20,3874,old
U07399,Threads,Meta,Text-based social networking,Cape Verde,67.08,medium,True,2015-12-31,3894,old
U07400,WhatsApp,Meta,Messaging,Guatemala,61.09,medium,False,2023-03-16,1262,old
U07401,TikTok,ByteDance,Short-form videos,Guatemala,147.72,medium,False,2026-06-01,89,new
U07402,Instagram,Meta,Photo and video sharing,Greenland,152.34,medium,False,2021-06-13,1903,old
U07403,Quora,Quora Inc.,Q&A knowledge sharing,Guadeloupe,61.3,medium,False,2016-03-08,3826,old
U07404,WeChat,Tencent,Messaging and social media,Portugal,290.67,high,False,2022-01-13,1689,old
U07405,YouTube,Google,Video sharing,Norway,253.06,high,False,2026-08-22,7,very_new
U07406,Instagram,Meta,Photo and video sharing,Bahamas,91.08,medium,False,2018-09-11,2909,old
U07407,TikTok,ByteDance,Short-form videos,Saint Vincent and the Grenadines,216.78,high,True,2026-05-14,107,new
U07408,Telegram,Telegram FZ LLC,Messaging,Tajikistan,230.26,high,True,2020-09-07,2182,old
U07409,Reddit,Reddit Inc.,Discussion forums and communities,Spain,12.31,low,False,2023-06-28,1158,old
U07410,X (formerly Twitter),X Corp.,Microblogging,Holy See (Vatican City State),225.07,high,True,2018-05-27,3016,old
U07411,WhatsApp,Meta,Messaging,Myanmar,131.12,medium,True,2023-12-18,985,old
U07412,Facebook,Meta,Social networking,Paraguay,51.89,low,False,2016-06-26,3716,old
U07413,X (formerly Twitter),X Corp.,Microblogging,Bahamas,256.74,high,True,2023-06-28,1158,old
U07414,Reddit,Reddit Inc.,Discussion forums and communities,India,211.92,high,True,2020-12-17,2081,old
U07415,LinkedIn,Microsoft,Professional networking,Afghanistan,71.32,medium,True,2015-12-01,3924,old
U07416,Telegram,Telegram FZ LLC,Messaging,Venezuela,7.57,low,True,2022-09-09,1450,old
U07417,LinkedIn,Microsoft,Professional networking,Syrian Arab Republic,150.17,medium,False,2019-03-09,2730,old
U07418,Pinterest,Pinterest Inc.,Visual discovery and bookmarking,Macao,153.75,medium,True,2020-06-13,2268,old
U07419,Instagram,Meta,Photo and video sharing,French Guiana,186.29,high,False,2026-08-15,14,very_new
U07420,Telegram,Telegram FZ LLC,Messaging,Angola,227.39,high,True,2020-04-20,2322,old
U07421,LinkedIn,Microsoft,Professional networking,Italy,256.92,high,True,2022-12-10,1358,old
U07422,Facebook,Meta,Social networking,United States Virgin Islands,220.34,high,True,2022-12-29,1339,old
U07423,LinkedIn,Microsoft,Professional networking,Iceland,257.53,high,True,2021-10-19,1775,old
U07424,Pinterest,Pinterest Inc.,Visual discovery and bookmarking,Mayotte,273.31,high,True,2023-08-03,1122,old
U07425,YouTube,Google,Video sharing,Wallis and Futuna,12.15,low,True,2020-11-11,2117,old
U07426,LinkedIn,Microsoft,Professional networking,Burundi,292.56,high,True,2016-05-27,3746,old
U07427,Facebook,Meta,Social networking,Serbia,47.07,low,True,2020-12-15,2083,old
U07428,WeChat,Tencent,Messaging and social media,Algeria,73.51,medium,False,2021-04-28,1949,old
U07429,TikTok,ByteDance,Short-form videos,American Samoa,118.81,medium,True,2018-09-25,2895,old
U07430,Quora,Quora Inc.,Q&A knowledge sharing,Chad,280.63,high,False,2024-09-27,701,established
U07431,LinkedIn,Microsoft,Professional networking,Syrian Arab Republic,124.66,medium,False,2019-01-24,2774,old
U07432,X (formerly Twitter),X Corp.,Microblogging,Oman,204.52,high,False,2020-12-01,2097,old
U07433,WhatsApp,Meta,Messaging,American Samoa,259.07,high,True,2022-09-06,1453,old
U07434,Pinterest,Pinterest Inc.,Visual discovery and bookmarking,Reunion,69.09,medium,True,2024-04-15,866,old
U07435,WhatsApp,Meta,Messaging,Slovakia (Slovak Republic),178.46,medium,True,2022-03-24,1619,old
U07436,WhatsApp,Meta,Messaging,Guatemala,38.56,low,False,2020-11-29,2099,old
U07437,Instagram,Meta,Photo and video sharing,Eritrea,213.8,high,True,2020-06-21,2260,old
U07438,LinkedIn,Microsoft,Professional networking,Samoa,195.72,high,True,2026-03-17,165,new
U07439,Threads,Meta,Text-based social networking,Ethiopia,66.13,medium,True,2019-03-07,2732,old
U07440,WeChat,Tencent,Messaging and social media,Cook Islands,42.76,low,False,2026-08-13,16,very_new
U07441,WeChat,Tencent,Messaging and social media,Morocco,258.65,high,True,2023-08-30,1095,old
U07442,WeChat,Tencent,Messaging and social media,Zimbabwe,117.14,medium,True,2024-03-06,906,old
U07443,Snapchat,Snap Inc.,Multimedia messaging,Jamaica,112.59,medium,False,2026-05-16,105,new
U07444,Threads,Meta,Text-based social networking,Saint Lucia,116.69,medium,True,2026-05-27,94,new
U07445,Facebook,Meta,Social networking,Peru,241.5,high,False,2026-08-27,2,very_new
U07446,Reddit,Reddit Inc.,Discussion forums and communities,Kazakhstan,229.38,high,False,2017-01-20,3508,old
U07447,Instagram,Meta,Photo and video sharing,Denmark,31.07,low,True,2026-07-07,53,new
U07448,Snapchat,Snap Inc.,Multimedia messaging,Libyan Arab Jamahiriya,143.65,medium,True,2025-03-22,525,established
U07449,Facebook,Meta,Social networking,Estonia,232.78,high,True,2017-03-04,3465,old
U07450,Threads,Meta,Text-based social networking,Guernsey,42.95,low,True,2021-07-12,1874,old
U07451,Telegram,Telegram FZ LLC,Messaging,Haiti,80.66,medium,True,2020-10-27,2132,old
U07452,Telegram,Telegram FZ LLC,Messaging,Panama,261.16,high,True,2026-04-07,144,new
U07453,Telegram,Telegram FZ LLC,Messaging,Czech Republic,179.83,medium,True,2018-04-10,3063,old
U07454,Facebook,Meta,Social networking,Cape Verde,35.84,low,True,2020-04-22,2320,old
U07455,WhatsApp,Meta,Messaging,British Indian Ocean Territory (Chagos Archipelago),207.46,high,False,2016-07-13,3699,old
U07456,LinkedIn,Microsoft,Professional networking,Korea,118.09,medium,False,2024-11-04,663,established
U07457,WeChat,Tencent,Messaging and social media,Singapore,222.39,high,True,2026-07-09,51,new
U07458,Snapchat,Snap Inc.,Multimedia messaging,Nepal,194.9,high,False,2024-06-05,815,old
U07459,YouTube,Google,Video sharing,Netherlands Antilles,49.09,low,True,2016-05-15,3758,old
U07460,Reddit,Reddit Inc.,Discussion forums and communities,United States Minor Outlying Islands,214.25,high,False,2015-09-21,3995,old
U07461,WhatsApp,Meta,Messaging,Bahamas,149.41,medium,False,2017-01-31,3497,old
U07462,YouTube,Google,Video sharing,Costa Rica,89.17,medium,True,2018-03-05,3099,old
U07463,Threads,Meta,Text-based social networking,Ireland,265.45,high,False,2018-06-21,2991,old
U07464,Snapchat,Snap Inc.,Multimedia messaging,Kenya,237.29,high,True,2020-02-29,2373,old
U07465,WeChat,Tencent,Messaging and social media,Greenland,166.39,medium,False,2017-07-13,3334,old
U07466,Instagram,Meta,Photo and video sharing,Mozambique,123.71,medium,False,2022-01-12,1690,old
U07467,Pinterest,Pinterest Inc.,Visual discovery and bookmarking,Kenya,239.76,high,True,2021-11-22,1741,old
U07468,Threads,Meta,Text-based social networking,Central African Republic,56.85,low,True,2025-03-16,531,established
U07469,Pinterest,Pinterest Inc.,Visual discovery and bookmarking,Korea,281.35,high,True,2017-01-16,3512,old
U07470,Quora,Quora Inc.,Q&A knowledge sharing,French Polynesia,172.38,medium,False,2016-10-06,3614,old
U07471,X (formerly Twitter),X Corp.,Microblogging,Maldives,133.6,medium,True,2022-01-10,1692,old
U07472,X (formerly Twitter),X Corp.,Microblogging,Faroe Islands,76.8,medium,True,2025-04-04,512,established
U07473,Reddit,Reddit Inc.,Discussion forums and communities,Congo,93.75,medium,False,2026-08-25,4,very_new
U07474,LinkedIn,Microsoft,Professional networking,Lebanon,56.78,low,True,2022-10-19,1410,old
U07475,Facebook,Meta,Social networking,Sweden,271.78,high,False,2021-09-03,1821,old
U07476,Threads,Meta,Text-based social networking,Anguilla,280.47,high,False,2024-05-01,850,old
U07477,Telegram,Telegram FZ LLC,Messaging,Monaco,55.89,low,False,2018-11-17,2842,old
U07478,WhatsApp,Meta,Messaging,Indonesia,101.79,medium,True,2020-10-07,2152,old
U07479,Telegram,Telegram FZ LLC,Messaging,Equatorial Guinea,130.34,medium,False,2020-06-28,2253,old
U07480,Threads,Meta,Text-based social networking,Philippines,87.08,medium,True,2018-12-11,2818,old
U07481,Pinterest,Pinterest Inc.,Visual discovery and bookmarking,Togo,108.24,medium,False,2020-04-27,2315,old
U07482,TikTok,ByteDance,Short-form videos,Dominica,217.75,high,True,2023-07-09,1147,old
U07483,WeChat,Tencent,Messaging and social media,Tanzania,122.99,medium,True,2024-12-11,626,established
U07484,Facebook,Meta,Social networking,Hungary,261.72,high,False,2026-07-05,55,new
U07485,YouTube,Google,Video sharing,Cote d'Ivoire,100.41,medium,True,2016-05-06,3767,old
U07486,Facebook,Meta,Social networking,Maldives,47.4,low,False,2024-11-30,637,established
U07487,YouTube,Google,Video sharing,Equatorial Guinea,14.97,low,False,2025-04-22,494,established
U07488,Quora,Quora Inc.,Q&A knowledge sharing,Barbados,11.86,low,True,2026-05-27,94,new
U07489,TikTok,ByteDance,Short-form videos,Spain,95.45,medium,False,2021-08-22,1833,old
U07490,Quora,Quora Inc.,Q&A knowledge sharing,Korea,191.66,high,False,2017-11-16,3208,old
U07491,YouTube,Google,Video sharing,Guam,120.44,medium,False,2018-01-06,3157,old
U07492,X (formerly Twitter),X Corp.,Microblogging,Sri Lanka,204.63,high,False,2024-12-22,615,established
U07493,X (formerly Twitter),X Corp.,Microblogging,Japan,66.29,medium,True,2021-01-01,2066,old
U07494,Snapchat,Snap Inc.,Multimedia messaging,Denmark,137.17,medium,False,2019-08-29,2557,old
U07495,Instagram,Meta,Photo and video sharing,Isle of Man,151.14,medium,True,2017-12-13,3181,old
U07496,LinkedIn,Microsoft,Professional networking,Jersey,17.16,low,False,2023-06-11,1175,old
U07497,Reddit,Reddit Inc.,Discussion forums and communities,Madagascar,237.83,high,True,2020-02-27,2375,old
U07498,Snapchat,Snap Inc.,Multimedia messaging,Haiti,261.19,high,False,2016-11-16,3573,old
U07499,Reddit,Reddit Inc.,Discussion forums and communities,Timor-Leste,201.36,high,True,2017-09-26,3259,old
U07500,Threads,Meta,Text-based social networking,Kazakhstan,8.14,low,False,2024-06-18,802,old
U07501,Quora,Quora Inc.,Q&A knowledge sharing,Vanuatu,294.16,high,True,2026-08-10,19,very_new
U07502,YouTube,Google,Video sharing,Syrian Arab Republic,143.91,medium,True,2018-11-27,2832,old
U07503,TikTok,ByteDance,Short-form videos,Burkina Faso,149.53,medium,False,2015-09-22,3994,old
U07504,Snapchat,Snap Inc.,Multimedia messaging,Mauritania,286.27,high,False,2021-12-12,1721,old
U07505,Telegram,Telegram FZ LLC,Messaging,Montenegro,175.54,medium,False,2019-03-23,2716,old
U07506,Pinterest,Pinterest Inc.,Visual discovery and bookmarking,Yemen,122.13,medium,False,2018-12-26,2803,old
U07507,Quora,Quora Inc.,Q&A knowledge sharing,Palau,29.87,low,False,2024-05-03,848,old
U07508,Instagram,Meta,Photo and video sharing,Suriname,62.66,medium,False,2023-07-14,1142,old
U07509,Pinterest,Pinterest Inc.,Visual discovery and bookmarking,Belarus,201.07,high,False,2026-05-06,115,new
U07510,Telegram,Telegram FZ LLC,Messaging,Bangladesh,211.83,high,True,2016-11-13,3576,old
U07511,Quora,Quora Inc.,Q&A knowledge sharing,Bangladesh,158.18,medium,True,2016-02-25,3838,old
U07512,Facebook,Meta,Social networking,Israel,268.06,high,False,2018-08-06,2945,old
U07513,TikTok,ByteDance,Short-form videos,Bahamas,203.0,high,False,2024-02-09,932,old
U07514,Reddit,Reddit Inc.,Discussion forums and communities,Christmas Island,251.82,high,False,2023-09-22,1072,old
U07515,WhatsApp,Meta,Messaging,Egypt,69.09,medium,False,2025-04-27,489,established
U07516,YouTube,Google,Video sharing,United Arab Emirates,217.83,high,True,2020-01-21,2412,old
U07517,Reddit,Reddit Inc.,Discussion forums and communities,Israel,281.1,high,False,2019-12-14,2450,old
U07518,WhatsApp,Meta,Messaging,Botswana,226.91,high,False,2020-03-03,2370,old
U07519,Instagram,Meta,Photo and video sharing,Monaco,75.85,medium,True,2020-04-06,2336,old
U07520,Threads,Meta,Text-based social networking,Ukraine,157.82,medium,True,2020-10-30,2129,old
U07521,Pinterest,Pinterest Inc.,Visual discovery and bookmarking,Congo,255.35,high,False,2016-12-28,3531,old
U07522,Telegram,Telegram FZ LLC,Messaging,Korea,36.49,low,False,2016-08-28,3653,old
U07523,Reddit,Reddit Inc.,Discussion forums and communities,Egypt,43.6,low,False,2015-11-10,3945,old
U07524,Facebook,Meta,Social networking,Bouvet Island (Bouvetoya),126.21,medium,False,2026-04-22,129,new
U07525,X (formerly Twitter),X Corp.,Microblogging,South Africa,183.28,high,False,2026-07-08,52,new
U07526,YouTube,Google,Video sharing,Kiribati,247.41,high,True,2023-10-25,1039,old
U07527,WhatsApp,Meta,Messaging,Algeria,153.93,medium,False,2024-10-18,680,established
U07528,Snapchat,Snap Inc.,Multimedia messaging,Luxembourg,112.76,medium,False,2018-08-25,2926,old
U07529,LinkedIn,Microsoft,Professional networking,Sweden,216.96,high,False,2019-12-25,2439,old
U07530,TikTok,ByteDance,Short-form videos,Poland,280.6,high,True,2024-11-22,645,established
U07531,YouTube,Google,Video sharing,Honduras,66.12,medium,True,2015-09-01,4015,old
U07532,Snapchat,Snap Inc.,Multimedia messaging,Greece,18.44,low,True,2026-08-24,5,very_new
U07533,Threads,Meta,Text-based social networking,Paraguay,248.42,high,True,2018-11-13,2846,old
U07534,Facebook,Meta,Social networking,Georgia,210.66,high,True,2019-12-08,2456,old
U07535,YouTube,Google,Video sharing,Cote d'Ivoire,110.9,medium,True,2022-09-30,1429,old
U07536,YouTube,Google,Video sharing,Dominican Republic,216.49,high,True,2024-08-12,747,old
U07537,Reddit,Reddit Inc.,Discussion forums and communities,Libyan Arab Jamahiriya,31.01,low,False,2021-02-28,2008,old
U07538,Snapchat,Snap Inc.,Multimedia messaging,Spain,73.21,medium,True,2019-04-11,2697,old
U07539,Pinterest,Pinterest Inc.,Visual discovery and bookmarking,Sweden,210.42,high,True,2026-03-27,155,new
U07540,Instagram,Meta,Photo and video sharing,Portugal,277.79,high,False,2024-05-27,824,old
U07541,WhatsApp,Meta,Messaging,Sudan,202.78,high,False,2017-08-09,3307,old
U07542,Facebook,Meta,Social networking,Cayman Islands,201.71,high,False,2019-02-07,2760,old
U07543,YouTube,Google,Video sharing,Macao,270.85,high,False,2022-06-11,1540,old
U07544,TikTok,ByteDance,Short-form videos,Ethiopia,266.2,high,True,2024-09-23,705,established
U07545,YouTube,Google,Video sharing,Albania,91.74,medium,False,2024-05-10,841,old
U07546,Pinterest,Pinterest Inc.,Visual discovery and bookmarking,Martinique,241.86,high,True,2023-09-26,1068,old
U07547,Telegram,Telegram FZ LLC,Messaging,Kyrgyz Republic,193.18,high,True,2017-12-27,3167,old
U07548,TikTok,ByteDance,Short-form videos,Jamaica,268.5,high,True,2021-06-12,1904,old
U07549,TikTok,ByteDance,Short-form videos,Switzerland,194.61,high,False,2018-12-31,2798,old
U07550,TikTok,ByteDance,Short-form videos,Croatia,9.3,low,True,2016-07-10,3702,old
U07551,WeChat,Tencent,Messaging and social media,Finland,18.02,low,False,2023-07-22,1134,old
U07552,Reddit,Reddit Inc.,Discussion forums and communities,Azerbaijan,136.37,medium,False,2018-10-30,2860,old
U07553,TikTok,ByteDance,Short-form videos,Somalia,50.68,low,False,2017-10-13,3242,old
U07554,Quora,Quora Inc.,Q&A knowledge sharing,Estonia,186.46,high,False,2021-05-22,1925,old
U07555,Facebook,Meta,Social networking,Turks and Caicos Islands,71.76,medium,False,2023-07-30,1126,old
U07556,Reddit,Reddit Inc.,Discussion forums and communities,Niger,36.57,low,True,2023-07-26,1130,old
U07557,WeChat,Tencent,Messaging and social media,Gabon,31.97,low,False,2018-09-22,2898,old
U07558,YouTube,Google,Video sharing,Comoros,56.75,low,True,2019-12-19,2445,old
U07559,YouTube,Google,Video sharing,Kazakhstan,264.66,high,False,2024-02-26,915,old
U07560,LinkedIn,Microsoft,Professional networking,Faroe Islands,293.31,high,True,2020-07-31,2220,old
U07561,Telegram,Telegram FZ LLC,Messaging,Oman,294.48,high,False,2021-12-28,1705,old
U07562,LinkedIn,Microsoft,Professional networking,Albania,113.12,medium,True,2024-06-30,790,old
U07563,Quora,Quora Inc.,Q&A knowledge sharing,Andorra,295.06,high,True,2018-09-15,2905,old
U07564,Snapchat,Snap Inc.,Multimedia messaging,Aruba,170.98,medium,False,2021-08-19,1836,old
U07565,TikTok,ByteDance,Short-form videos,Luxembourg,272.97,high,False,2024-07-31,759,old
U07566,TikTok,ByteDance,Short-form videos,Benin,22.76,low,True,2017-10-30,3225,old
U07567,WeChat,Tencent,Messaging and social media,Saint Vincent and the Grenadines,209.36,high,True,2024-04-25,856,old
U07568,Threads,Meta,Text-based social networking,Cape Verde,209.96,high,False,2022-12-26,1342,old
U07569,WhatsApp,Meta,Messaging,Kuwait,29.29,low,False,2022-08-13,1477,old
U07570,Snapchat,Snap Inc.,Multimedia messaging,Madagascar,69.81,medium,True,2021-07-08,1878,old
U07571,Snapchat,Snap Inc.,Multimedia messaging,Mali,268.79,high,False,2021-05-07,1940,old
U07572,Instagram,Meta,Photo and video sharing,Saint Kitts and Nevis,78.43,medium,True,2024-06-03,817,old
U07573,TikTok,ByteDance,Short-form videos,Zimbabwe,252.34,high,True,2023-01-06,1331,old
U07574,Instagram,Meta,Photo and video sharing,Bangladesh,186.99,high,True,2017-07-26,3321,old
U07575,WhatsApp,Meta,Messaging,Marshall Islands,262.51,high,False,2024-01-21,951,old
U07576,Quora,Quora Inc.,Q&A knowledge sharing,Burkina Faso,241.64,high,False,2017-06-16,3361,old
U07577,Snapchat,Snap Inc.,Multimedia messaging,Papua New Guinea,14.56,low,False,2026-08-14,15,very_new
U07578,Telegram,Telegram FZ LLC,Messaging,Niger,153.78,medium,True,2024-09-28,700,established
U07579,LinkedIn,Microsoft,Professional networking,Chad,29.39,low,False,2016-03-09,3825,old
U07580,Threads,Meta,Text-based social networking,Yemen,155.15,medium,True,2026-03-06,176,new
U07581,YouTube,Google,Video sharing,Mauritius,65.27,medium,True,2026-08-14,15,very_new
U07582,X (formerly Twitter),X Corp.,Microblogging,Comoros,11.41,low,True,2018-09-02,2918,old
U07583,WhatsApp,Meta,Messaging,Jordan,174.31,medium,False,2023-04-04,1243,old
U07584,Snapchat,Snap Inc.,Multimedia messaging,Niue,28.44,low,False,2022-06-26,1525,old
U07585,Snapchat,Snap Inc.,Multimedia messaging,Lithuania,88.57,medium,True,2019-12-15,2449,old
U07586,YouTube,Google,Video sharing,Belize,218.67,high,True,2020-09-02,2187,old
U07587,X (formerly Twitter),X Corp.,Microblogging,Russian Federation,271.74,high,False,2019-05-17,2661,old
U07588,LinkedIn,Microsoft,Professional networking,Thailand,230.74,high,False,2022-08-28,1462,old
U07589,Threads,Meta,Text-based social networking,Denmark,122.26,medium,True,2018-04-22,3051,old
U07590,TikTok,ByteDance,Short-form videos,Greece,85.15,medium,True,2022-04-07,1605,old
U07591,TikTok,ByteDance,Short-form videos,Isle of Man,103.82,medium,False,2020-12-05,2093,old
U07592,YouTube,Google,Video sharing,Azerbaijan,270.85,high,True,2026-03-30,152,new
U07593,WhatsApp,Meta,Messaging,Thailand,288.72,high,False,2019-07-07,2610,old
U07594,Threads,Meta,Text-based social networking,Finland,31.17,low,False,2019-12-06,2458,old
U07595,TikTok,ByteDance,Short-form videos,Honduras,237.11,high,True,2026-08-02,27,very_new
U07596,TikTok,ByteDance,Short-form videos,United Kingdom,230.44,high,False,2026-08-24,5,very_new
U07597,Quora,Quora Inc.,Q&A knowledge sharing,Brazil,260.63,high,True,2021-07-12,1874,old
U07598,TikTok,ByteDance,Short-form videos,Turkey,158.94,medium,True,2026-07-28,32,new
U07599,WhatsApp,Meta,Messaging,Sudan,82.24,medium,False,2016-09-28,3622,old
U07600,LinkedIn,Microsoft,Professional networking,Bangladesh,287.6,high,True,2026-03-05,177,new
U07601,LinkedIn,Microsoft,Professional networking,Japan,77.39,medium,False,2020-04-06,2336,old
U07602,Telegram,Telegram FZ LLC,Messaging,Tanzania,78.66,medium,True,2026-08-09,20,very_new
U07603,WhatsApp,Meta,Messaging,Christmas Island,65.7,medium,True,2016-04-19,3784,old
U07604,WhatsApp,Meta,Messaging,Morocco,123.43,medium,False,2016-05-10,3763,old
U07605,LinkedIn,Microsoft,Professional networking,Gibraltar,90.91,medium,False,2025-04-23,493,established
U07606,Telegram,Telegram FZ LLC,Messaging,Zambia,177.36,medium,False,2023-01-07,1330,old
U07607,LinkedIn,Microsoft,Professional networking,Vietnam,164.06,medium,False,2015-12-04,3921,old
U07608,Reddit,Reddit Inc.,Discussion forums and communities,Saudi Arabia,104.82,medium,True,2024-08-14,745,old
U07609,Instagram,Meta,Photo and video sharing,Antarctica (the territory South of 60 deg S),108.55,medium,False,2018-05-20,3023,old
U07610,Instagram,Meta,Photo and video sharing,Norway,277.47,high,True,2024-09-19,709,established
U07611,Reddit,Reddit Inc.,Discussion forums and communities,Aruba,153.63,medium,False,2016-10-06,3614,old
U07612,WhatsApp,Meta,Messaging,Bahrain,89.87,medium,True,2016-09-20,3630,old
U07613,X (formerly Twitter),X Corp.,Microblogging,Chad,14.06,low,False,2024-09-04,724,established
U07614,Reddit,Reddit Inc.,Discussion forums and communities,Saint Helena,126.97,medium,True,2016-06-28,3714,old
U07615,LinkedIn,Microsoft,Professional networking,Guinea-Bissau,145.35,medium,False,2023-10-01,1063,old
U07616,LinkedIn,Microsoft,Professional networking,Faroe Islands,112.85,medium,False,2021-03-02,2006,old
U07617,Quora,Quora Inc.,Q&A knowledge sharing,Honduras,225.32,high,True,2020-09-18,2171,old
U07618,TikTok,ByteDance,Short-form videos,Philippines,294.63,high,False,2026-08-01,28,very_new
U07619,LinkedIn,Microsoft,Professional networking,United Kingdom,221.65,high,False,2016-06-29,3713,old
U07620,Telegram,Telegram FZ LLC,Messaging,Norfolk Island,270.42,high,False,2021-06-15,1901,old
U07621,Snapchat,Snap Inc.,Multimedia messaging,Djibouti,165.67,medium,True,2025-02-17,558,established
U07622,Pinterest,Pinterest Inc.,Visual discovery and bookmarking,Norfolk Island,122.65,medium,True,2026-07-24,36,new
U07623,Facebook,Meta,Social networking,Niger,22.41,low,True,2026-05-09,112,new
U07624,Reddit,Reddit Inc.,Discussion forums and communities,Afghanistan,235.52,high,True,2026-04-15,136,new
U07625,WhatsApp,Meta,Messaging,Bosnia and Herzegovina,249.01,high,True,2018-04-26,3047,old
U07626,Reddit,Reddit Inc.,Discussion forums and communities,Guinea-Bissau,177.39,medium,True,2021-09-30,1794,old
U07627,X (formerly Twitter),X Corp.,Microblogging,United Arab Emirates,207.68,high,True,2019-05-12,2666,old
U07628,Reddit,Reddit Inc.,Discussion forums and communities,Somalia,115.26,medium,True,2019-12-12,2452,old
U07629,Snapchat,Snap Inc.,Multimedia messaging,Indonesia,113.55,medium,False,2021-03-30,1978,old
U07630,Quora,Quora Inc.,Q&A knowledge sharing,Solomon Islands,173.17,medium,False,2020-02-05,2397,old
U07631,LinkedIn,Microsoft,Professional networking,Saint Kitts and Nevis,254.92,high,False,2026-08-16,13,very_new
U07632,Telegram,Telegram FZ LLC,Messaging,Ethiopia,127.36,medium,False,2017-10-27,3228,old
U07633,Facebook,Meta,Social networking,Vietnam,195.99,high,True,2022-11-24,1374,old
U07634,X (formerly Twitter),X Corp.,Microblogging,Algeria,298.15,high,False,2022-05-22,1560,old
U07635,YouTube,Google,Video sharing,Aruba,254.6,high,False,2024-10-05,693,established
U07636,X (formerly Twitter),X Corp.,Microblogging,Aruba,153.65,medium,False,2022-06-17,1534,old
U07637,Threads,Meta,Text-based social networking,Solomon Islands,199.96,high,False,2016-06-30,3712,old
U07638,Snapchat,Snap Inc.,Multimedia messaging,Marshall Islands,289.22,high,False,2026-04-10,141,new
U07639,Facebook,Meta,Social networking,Malta,266.67,high,False,2023-04-27,1220,old
U07640,Reddit,Reddit Inc.,Discussion forums and communities,Bahrain,93.87,medium,False,2019-11-03,2491,old
U07641,YouTube,Google,Video sharing,Philippines,252.02,high,False,2018-05-16,3027,old
U07642,Reddit,Reddit Inc.,Discussion forums and communities,Djibouti,146.78,medium,False,2017-08-24,3292,old
U07643,Telegram,Telegram FZ LLC,Messaging,Netherlands Antilles,220.96,high,False,2015-10-28,3958,old
U07644,WhatsApp,Meta,Messaging,United States of America,13.35,low,True,2026-03-29,153,new
U07645,Telegram,Telegram FZ LLC,Messaging,Aruba,157.96,medium,False,2017-07-02,3345,old
U07646,WhatsApp,Meta,Messaging,Vanuatu,173.5,medium,True,2019-04-29,2679,old
U07647,YouTube,Google,Video sharing,South Georgia and the South Sandwich Islands,279.65,high,False,2019-11-30,2464,old
U07648,Facebook,Meta,Social networking,Bouvet Island (Bouvetoya),27.01,low,True,2021-01-25,2042,old
U07649,Snapchat,Snap Inc.,Multimedia messaging,Faroe Islands,116.84,medium,True,2018-04-13,3060,old
U07650,Quora,Quora Inc.,Q&A knowledge sharing,Malta,154.61,medium,True,2026-07-20,40,new
U07651,Telegram,Telegram FZ LLC,Messaging,Barbados,144.5,medium,False,2020-10-20,2139,old
U07652,WeChat,Tencent,Messaging and social media,Lithuania,29.6,low,False,2024-08-15,744,old
U07653,Quora,Quora Inc.,Q&A knowledge sharing,Sierra Leone,160.4,medium,False,2020-10-13,2146,old
U07654,WeChat,Tencent,Messaging and social media,Norfolk Island,253.61,high,True,2019-10-26,2499,old
U07655,LinkedIn,Microsoft,Professional networking,Malaysia,34.96,low,False,2016-06-02,3740,old
U07656,Telegram,Telegram FZ LLC,Messaging,Equatorial Guinea,168.59,medium,False,2017-02-24,3473,old
U07657,Reddit,Reddit Inc.,Discussion forums and communities,Comoros,177.3,medium,True,2015-05-10,4129,old
U07658,X (formerly Twitter),X Corp.,Microblogging,Northern Mariana Islands,90.38,medium,False,2018-10-27,2863,old
U07659,Telegram,Telegram FZ LLC,Messaging,Malaysia,140.2,medium,False,2024-06-03,817,old
U07660,YouTube,Google,Video sharing,Benin,249.45,high,False,2023-01-18,1319,old
U07661,Snapchat,Snap Inc.,Multimedia messaging,Saudi Arabia,140.92,medium,True,2019-08-16,2570,old
U07662,WeChat,Tencent,Messaging and social media,Macao,238.1,high,True,2026-03-24,158,new
U07663,Facebook,Meta,Social networking,Namibia,162.3,medium,True,2018-05-21,3022,old
U07664,YouTube,Google,Video sharing,Aruba,252.0,high,False,2021-11-19,1744,old
U07665,YouTube,Google,Video sharing,Philippines,252.5,high,True,2019-12-29,2435,old
U07666,Instagram,Meta,Photo and video sharing,Korea,247.44,high,False,2015-12-08,3917,old
U07667,Snapchat,Snap Inc.,Multimedia messaging,Nauru,218.87,high,True,2020-10-14,2145,old
U07668,WeChat,Tencent,Messaging and social media,Belgium,198.52,high,True,2022-04-14,1598,old
U07669,YouTube,Google,Video sharing,Iran,72.96,medium,True,2021-02-26,2010,old
U07670,Instagram,Meta,Photo and video sharing,El Salvador,259.57,high,True,2020-02-05,2397,old
U07671,Quora,Quora Inc.,Q&A knowledge sharing,Antigua and Barbuda,228.65,high,False,2015-05-27,4112,old
U07672,Snapchat,Snap Inc.,Multimedia messaging,Chile,79.34,medium,True,2019-06-08,2639,old
U07673,WhatsApp,Meta,Messaging,Solomon Islands,145.01,medium,False,2023-08-20,1105,old
U07674,WeChat,Tencent,Messaging and social media,Guatemala,65.31,medium,True,2017-07-09,3338,old
U07675,Reddit,Reddit Inc.,Discussion forums and communities,Zambia,17.38,low,True,2020-10-13,2146,old
U07676,Snapchat,Snap Inc.,Multimedia messaging,Turkmenistan,101.81,medium,True,2015-08-28,4019,old
U07677,Instagram,Meta,Photo and video sharing,Antigua and Barbuda,228.92,high,False,2022-07-26,1495,old
U07678,Pinterest,Pinterest Inc.,Visual discovery and bookmarking,Guinea-Bissau,131.45,medium,True,2020-10-05,2154,old
U07679,Pinterest,Pinterest Inc.,Visual discovery and bookmarking,French Polynesia,115.19,medium,True,2026-07-21,39,new
U07680,WhatsApp,Meta,Messaging,El Salvador,54.5,low,False,2015-11-27,3928,old
U07681,TikTok,ByteDance,Short-form videos,South Africa,297.38,high,True,2017-04-26,3412,old
U07682,LinkedIn,Microsoft,Professional networking,Pakistan,139.67,medium,False,2020-07-09,2242,old
U07683,WeChat,Tencent,Messaging and social media,Cyprus,155.32,medium,True,2026-08-01,28,very_new
U07684,WeChat,Tencent,Messaging and social media,Uruguay,262.25,high,True,2026-03-25,157,new
U07685,Telegram,Telegram FZ LLC,Messaging,Saudi Arabia,246.33,high,False,2026-08-23,6,very_new
U07686,Pinterest,Pinterest Inc.,Visual discovery and bookmarking,Bouvet Island (Bouvetoya),72.11,medium,True,2020-07-06,2245,old
U07687,Instagram,Meta,Photo and video sharing,Mauritius,67.11,medium,False,2020-05-02,2310,old
U07688,Instagram,Meta,Photo and video sharing,Turkey,129.18,medium,True,2016-06-19,3723,old
U07689,WeChat,Tencent,Messaging and social media,Palestinian Territory,206.54,high,True,2021-10-22,1772,old
U07690,Quora,Quora Inc.,Q&A knowledge sharing,Monaco,178.77,medium,False,2021-05-07,1940,old
U07691,WeChat,Tencent,Messaging and social media,Israel,147.61,medium,True,2021-01-03,2064,old
U07692,LinkedIn,Microsoft,Professional networking,Micronesia,47.91,low,True,2018-12-04,2825,old
U07693,YouTube,Google,Video sharing,Papua New Guinea,258.73,high,False,2024-09-22,706,established
U07694,Snapchat,Snap Inc.,Multimedia messaging,Korea,83.42,medium,True,2023-07-20,1136,old
U07695,LinkedIn,Microsoft,Professional networking,Tanzania,12.17,low,False,2023-02-18,1288,old
U07696,Quora,Quora Inc.,Q&A knowledge sharing,Cambodia,267.33,high,False,2016-02-05,3858,old
U07697,Telegram,Telegram FZ LLC,Messaging,Chad,133.05,medium,True,2015-12-08,3917,old
U07698,Quora,Quora Inc.,Q&A knowledge sharing,Macao,100.8,medium,True,2023-11-08,1025,old
U07699,X (formerly Twitter),X Corp.,Microblogging,British Virgin Islands,220.36,high,True,2023-10-05,1059,old
U07700,Facebook,Meta,Social networking,Guinea-Bissau,295.31,high,True,2020-08-12,2208,old
U07701,WhatsApp,Meta,Messaging,Hungary,274.96,high,False,2018-10-15,2875,old
U07702,Facebook,Meta,Social networking,Luxembourg,11.33,low,True,2026-03-24,158,new
U07703,TikTok,ByteDance,Short-form videos,Turkmenistan,27.1,low,True,2016-03-17,3817,old
U07704,LinkedIn,Microsoft,Professional networking,Belarus,89.46,medium,False,2026-04-21,130,new
U07705,Facebook,Meta,Social networking,Latvia,12.88,low,True,2026-06-26,64,new
U07706,Quora,Quora Inc.,Q&A knowledge sharing,Tuvalu,86.03,medium,True,2017-07-27,3320,old
U07707,TikTok,ByteDance,Short-form videos,Pakistan,277.05,high,True,2015-11-27,3928,old
U07708,LinkedIn,Microsoft,Professional networking,Yemen,297.68,high,False,2024-04-10,871,old
U07709,WhatsApp,Meta,Messaging,Andorra,40.77,low,True,2020-08-22,2198,old
U07710,Threads,Meta,Text-based social networking,Saudi Arabia,282.79,high,False,2024-07-27,763,old
U07711,Pinterest,Pinterest Inc.,Visual discovery and bookmarking,Guatemala,186.99,high,True,2019-04-02,2706,old
U07712,YouTube,Google,Video sharing,British Virgin Islands,11.93,low,True,2022-07-24,1497,old
U07713,YouTube,Google,Video sharing,Andorra,139.85,medium,False,2017-11-27,3197,old
U07714,Pinterest,Pinterest Inc.,Visual discovery and bookmarking,Tajikistan,256.22,high,True,2026-05-06,115,new
U07715,X (formerly Twitter),X Corp.,Microblogging,United States Virgin Islands,25.56,low,True,2024-10-28,670,established
U07716,X (formerly Twitter),X Corp.,Microblogging,Mauritania,144.51,medium,False,2026-07-24,36,new
U07717,Telegram,Telegram FZ LLC,Messaging,Iraq,136.58,medium,False,2018-10-09,2881,old
U07718,Snapchat,Snap Inc.,Multimedia messaging,Hungary,198.49,high,False,2022-03-22,1621,old
U07719,YouTube,Google,Video sharing,Niue,223.1,high,False,2024-08-31,728,established
U07720,Quora,Quora Inc.,Q&A knowledge sharing,Dominican Republic,298.55,high,False,2024-06-02,818,old
U07721,WeChat,Tencent,Messaging and social media,Vanuatu,293.27,high,True,2023-08-08,1117,old
U07722,Instagram,Meta,Photo and video sharing,Tuvalu,24.08,low,True,2024-03-15,897,old
U07723,LinkedIn,Microsoft,Professional networking,Equatorial Guinea,249.16,high,True,2017-06-14,3363,old
U07724,Snapchat,Snap Inc.,Multimedia messaging,Guinea-Bissau,76.27,medium,True,2018-07-27,2955,old
U07725,LinkedIn,Microsoft,Professional networking,Saint Kitts and Nevis,167.62,medium,False,2019-01-29,2769,old
U07726,Pinterest,Pinterest Inc.,Visual discovery and bookmarking,Netherlands Antilles,269.48,high,False,2017-01-21,3507,old
U07727,Threads,Meta,Text-based social networking,Austria,103.62,medium,True,2026-08-06,23,very_new
U07728,Reddit,Reddit Inc.,Discussion forums and communities,Tonga,160.76,medium,False,2021-11-30,1733,old
U07729,YouTube,Google,Video sharing,Norfolk Island,10.1,low,False,2020-07-21,2230,old
U07730,Reddit,Reddit Inc.,Discussion forums and communities,Falkland Islands (Malvinas),192.17,high,True,2023-09-21,1073,old
U07731,WeChat,Tencent,Messaging and social media,Nicaragua,190.02,high,True,2018-03-30,3074,old
U07732,Facebook,Meta,Social networking,Dominican Republic,198.49,high,False,2022-10-20,1409,old
U07733,Reddit,Reddit Inc.,Discussion forums and communities,Portugal,190.24,high,True,2023-06-12,1174,old
U07734,Instagram,Meta,Photo and video sharing,Mali,107.92,medium,False,2023-01-11,1326,old
U07735,Facebook,Meta,Social networking,South Africa,286.78,high,True,2017-05-08,3400,old
U07736,Telegram,Telegram FZ LLC,Messaging,Togo,31.59,low,False,2017-06-30,3347,old
U07737,TikTok,ByteDance,Short-form videos,Peru,248.3,high,True,2020-11-23,2105,old
U07738,Quora,Quora Inc.,Q&A knowledge sharing,Italy,299.03,high,True,2015-06-05,4103,old
U07739,Quora,Quora Inc.,Q&A knowledge sharing,Guernsey,52.87,low,True,2023-11-15,1018,old
U07740,Quora,Quora Inc.,Q&A knowledge sharing,Guam,166.95,medium,True,2015-09-05,4011,old
U07741,Pinterest,Pinterest Inc.,Visual discovery and bookmarking,Hong Kong,247.64,high,True,2019-04-21,2687,old
U07742,Instagram,Meta,Photo and video sharing,Tonga,24.12,low,True,2026-04-12,139,new
U07743,Facebook,Meta,Social networking,Romania,203.07,high,False,2022-06-16,1535,old
U07744,Reddit,Reddit Inc.,Discussion forums and communities,Dominican Republic,95.45,medium,False,2021-12-18,1715,old
U07745,Pinterest,Pinterest Inc.,Visual discovery and bookmarking,Vietnam,113.06,medium,False,2021-12-15,1718,old
U07746,WhatsApp,Meta,Messaging,Congo,50.26,low,True,2024-02-23,918,old
U07747,WeChat,Tencent,Messaging and social media,Afghanistan,101.27,medium,True,2020-10-24,2135,old
U07748,Pinterest,Pinterest Inc.,Visual discovery and bookmarking,Ghana,238.18,high,False,2016-02-27,3836,old
U07749,Snapchat,Snap Inc.,Multimedia messaging,Guernsey,196.38,high,False,2020-07-18,2233,old
U07750,WeChat,Tencent,Messaging and social media,New Zealand,8.58,low,True,2022-06-08,1543,old
U07751,Snapchat,Snap Inc.,Multimedia messaging,Saint Vincent and the Grenadines,35.55,low,False,2019-10-14,2511,old
U07752,X (formerly Twitter),X Corp.,Microblogging,Cote d'Ivoire,296.29,high,True,2026-03-31,151,new
U07753,TikTok,ByteDance,Short-form videos,Denmark,280.59,high,True,2023-06-09,1177,old
U07754,Reddit,Reddit Inc.,Discussion forums and communities,Bosnia and Herzegovina,226.7,high,False,2018-12-15,2814,old
U07755,YouTube,Google,Video sharing,Saint Lucia,116.06,medium,True,2021-06-30,1886,old
U07756,WeChat,Tencent,Messaging and social media,French Guiana,283.61,high,True,2022-02-18,1653,old
U07757,Snapchat,Snap Inc.,Multimedia messaging,Portugal,48.49,low,False,2020-12-30,2068,old
U07758,Quora,Quora Inc.,Q&A knowledge sharing,Colombia,157.47,medium,True,2026-07-13,47,new
U07759,Reddit,Reddit Inc.,Discussion forums and communities,Turkey,121.84,medium,False,2021-09-15,1809,old
U07760,LinkedIn,Microsoft,Professional networking,Pitcairn Islands,224.27,high,True,2017-11-07,3217,old
U07761,Reddit,Reddit Inc.,Discussion forums and communities,El Salvador,287.49,high,True,2022-12-20,1348,old
U07762,Telegram,Telegram FZ LLC,Messaging,North Macedonia,6.89,low,True,2023-06-22,1164,old
U07763,LinkedIn,Microsoft,Professional networking,New Caledonia,288.76,high,False,2015-12-05,3920,old
U07764,Threads,Meta,Text-based social networking,Samoa,214.63,high,True,2019-06-14,2633,old
U07765,TikTok,ByteDance,Short-form videos,Slovakia (Slovak Republic),278.28,high,True,2020-06-20,2261,old
U07766,TikTok,ByteDance,Short-form videos,Djibouti,179.38,medium,False,2025-04-19,497,established
U07767,WeChat,Tencent,Messaging and social media,Turks and Caicos Islands,285.19,high,True,2022-05-29,1553,old
U07768,LinkedIn,Microsoft,Professional networking,San Marino,11.09,low,True,2026-08-05,24,very_new
U07769,Reddit,Reddit Inc.,Discussion forums and communities,Greece,38.61,low,True,2017-05-31,3377,old
U07770,Snapchat,Snap Inc.,Multimedia messaging,Netherlands,54.96,low,True,2022-07-24,1497,old
U07771,WhatsApp,Meta,Messaging,Guyana,77.33,medium,True,2017-02-05,3492,old
U07772,Pinterest,Pinterest Inc.,Visual discovery and bookmarking,Kazakhstan,217.1,high,True,2021-04-24,1953,old
U07773,Snapchat,Snap Inc.,Multimedia messaging,Malawi,113.0,medium,True,2021-10-15,1779,old
U07774,Facebook,Meta,Social networking,Albania,43.53,low,True,2024-06-06,814,old
U07775,Reddit,Reddit Inc.,Discussion forums and communities,Libyan Arab Jamahiriya,249.96,high,True,2018-05-10,3033,old
U07776,WeChat,Tencent,Messaging and social media,Panama,93.8,medium,True,2019-05-05,2673,old
U07777,Pinterest,Pinterest Inc.,Visual discovery and bookmarking,Luxembourg,171.92,medium,False,2016-05-25,3748,old
U07778,YouTube,Google,Video sharing,Israel,249.33,high,True,2018-07-31,2951,old
U07779,X (formerly Twitter),X Corp.,Microblogging,Yemen,76.34,medium,True,2021-11-14,1749,old
U07780,Threads,Meta,Text-based social networking,Svalbard & Jan Mayen Islands,106.86,medium,True,2020-02-07,2395,old
U07781,LinkedIn,Microsoft,Professional networking,Switzerland,294.72,high,False,2024-12-23,614,established
U07782,TikTok,ByteDance,Short-form videos,Colombia,212.91,high,True,2017-06-12,3365,old
U07783,WeChat,Tencent,Messaging and social media,Armenia,156.21,medium,False,2015-05-25,4114,old
U07784,TikTok,ByteDance,Short-form videos,Nauru,76.77,medium,False,2022-08-13,1477,old
U07785,LinkedIn,Microsoft,Professional networking,Uruguay,227.31,high,True,2021-10-18,1776,old
U07786,YouTube,Google,Video sharing,Iceland,299.34,high,False,2020-06-02,2279,old
U07787,Snapchat,Snap Inc.,Multimedia messaging,Egypt,24.52,low,True,2019-09-30,2525,old
U07788,WhatsApp,Meta,Messaging,Lesotho,95.36,medium,False,2020-12-01,2097,old
U07789,TikTok,ByteDance,Short-form videos,Grenada,51.74,low,False,2022-11-29,1369,old
U07790,WeChat,Tencent,Messaging and social media,Netherlands,148.32,medium,False,2024-05-18,833,old
U07791,Facebook,Meta,Social networking,Montenegro,119.85,medium,True,2017-04-22,3416,old
U07792,WhatsApp,Meta,Messaging,India,41.99,low,False,2023-05-12,1205,old
U07793,YouTube,Google,Video sharing,Sudan,165.51,medium,False,2022-07-29,1492,old
U07794,Instagram,Meta,Photo and video sharing,Saudi Arabia,123.89,medium,True,2020-04-12,2330,old
U07795,X (formerly Twitter),X Corp.,Microblogging,Greece,225.5,high,False,2023-11-17,1016,old
U07796,Facebook,Meta,Social networking,Zimbabwe,255.62,high,False,2018-12-01,2828,old
U07797,LinkedIn,Microsoft,Professional networking,Yemen,5.22,low,True,2026-06-09,81,new
U07798,LinkedIn,Microsoft,Professional networking,India,241.2,high,False,2025-02-08,567,established
U07799,Instagram,Meta,Photo and video sharing,Turkmenistan,98.48,medium,True,2024-10-28,670,established
U07800,Facebook,Meta,Social networking,Papua New Guinea,121.42,medium,True,2021-04-17,1960,old
U07801,Reddit,Reddit Inc.,Discussion forums and communities,Italy,209.99,high,True,2024-08-01,758,old
U07802,LinkedIn,Microsoft,Professional networking,Pakistan,75.7,medium,False,2026-08-06,23,very_new
U07803,Pinterest,Pinterest Inc.,Visual discovery and bookmarking,Papua New Guinea,9.84,low,False,2016-10-11,3609,old
U07804,WhatsApp,Meta,Messaging,Pakistan,33.96,low,False,2017-08-26,3290,old
U07805,Telegram,Telegram FZ LLC,Messaging,Pakistan,45.42,low,True,2022-07-18,1503,old
U07806,Reddit,Reddit Inc.,Discussion forums and communities,Central African Republic,23.52,low,False,2019-07-01,2616,old
U07807,Instagram,Meta,Photo and video sharing,Sudan,244.0,high,False,2024-05-14,837,old
U07808,Threads,Meta,Text-based social networking,Mauritania,94.01,medium,False,2026-07-06,54,new
U07809,Reddit,Reddit Inc.,Discussion forums and communities,Saint Martin,249.42,high,True,2015-11-30,3925,old
U07810,WhatsApp,Meta,Messaging,Paraguay,192.07,high,True,2026-06-23,67,new
U07811,WhatsApp,Meta,Messaging,Germany,256.35,high,False,2019-12-22,2442,old
U07812,Reddit,Reddit Inc.,Discussion forums and communities,Jordan,27.45,low,True,2023-08-09,1116,old
U07813,LinkedIn,Microsoft,Professional networking,Bahamas,264.79,high,True,2015-09-06,4010,old
U07814,WhatsApp,Meta,Messaging,South Africa,69.16,medium,False,2016-07-07,3705,old
U07815,Telegram,Telegram FZ LLC,Messaging,Spain,87.01,medium,False,2025-04-10,506,established
U07816,Reddit,Reddit Inc.,Discussion forums and communities,Australia,51.97,low,True,2024-05-25,826,old
U07817,Telegram,Telegram FZ LLC,Messaging,Suriname,201.34,high,True,2016-09-13,3637,old
U07818,Threads,Meta,Text-based social networking,United States Minor Outlying Islands,187.11,high,True,2022-03-22,1621,old
U07819,Facebook,Meta,Social networking,Saint Barthelemy,238.84,high,False,2024-04-30,851,old
U07820,WhatsApp,Meta,Messaging,Heard Island and McDonald Islands,54.3,low,True,2015-11-10,3945,old
U07821,Facebook,Meta,Social networking,Maldives,85.99,medium,True,2022-03-12,1631,old
U07822,Facebook,Meta,Social networking,Qatar,257.31,high,True,2023-08-05,1120,old
U07823,WhatsApp,Meta,Messaging,Austria,93.01,medium,False,2016-03-19,3815,old
U07824,Threads,Meta,Text-based social networking,Gabon,113.62,medium,False,2026-08-25,4,very_new
U07825,Threads,Meta,Text-based social networking,French Polynesia,235.83,high,True,2022-05-17,1565,old
U07826,Reddit,Reddit Inc.,Discussion forums and communities,Israel,148.83,medium,True,2018-03-28,3076,old
U07827,YouTube,Google,Video sharing,Iran,230.26,high,True,2022-11-07,1391,old
U07828,WhatsApp,Meta,Messaging,Gambia,135.71,medium,True,2017-08-10,3306,old
U07829,Reddit,Reddit Inc.,Discussion forums and communities,Guam,194.84,high,False,2024-12-02,635,established
U07830,Telegram,Telegram FZ LLC,Messaging,Montenegro,42.9,low,False,2023-08-03,1122,old
U07831,Reddit,Reddit Inc.,Discussion forums and communities,Germany,232.51,high,False,2020-10-25,2134,old
U07832,WhatsApp,Meta,Messaging,Swaziland,263.95,high,True,2015-11-26,3929,old
U07833,WhatsApp,Meta,Messaging,Pitcairn Islands,208.35,high,False,2024-08-24,735,old
U07834,Quora,Quora Inc.,Q&A knowledge sharing,Palestinian Territory,78.09,medium,False,2024-07-27,763,old
U07835,Threads,Meta,Text-based social networking,Denmark,9.08,low,False,2026-08-15,14,very_new
U07836,YouTube,Google,Video sharing,British Virgin Islands,108.89,medium,False,2019-09-22,2533,old
U07837,YouTube,Google,Video sharing,Liberia,118.72,medium,True,2023-07-25,1131,old
U07838,WhatsApp,Meta,Messaging,Haiti,272.43,high,False,2022-08-21,1469,old
U07839,TikTok,ByteDance,Short-form videos,Switzerland,198.22,high,False,2019-01-22,2776,old
U07840,Threads,Meta,Text-based social networking,Morocco,137.63,medium,True,2017-09-02,3283,old
U07841,YouTube,Google,Video sharing,Syrian Arab Republic,163.96,medium,True,2020-06-20,2261,old
U07842,Instagram,Meta,Photo and video sharing,Egypt,214.5,high,True,2020-09-30,2159,old
U07843,Telegram,Telegram FZ LLC,Messaging,Svalbard & Jan Mayen Islands,44.06,low,False,2026-03-29,153,new
U07844,LinkedIn,Microsoft,Professional networking,Brunei Darussalam,288.78,high,False,2023-10-17,1047,old
U07845,Reddit,Reddit Inc.,Discussion forums and communities,Kenya,172.19,medium,True,2021-10-08,1786,old
U07846,X (formerly Twitter),X Corp.,Microblogging,Nauru,283.17,high,False,2024-11-20,647,established
U07847,WhatsApp,Meta,Messaging,Mozambique,124.67,medium,False,2024-08-19,740,old
U07848,TikTok,ByteDance,Short-form videos,Benin,249.18,high,True,2026-08-25,4,very_new
U07849,X (formerly Twitter),X Corp.,Microblogging,Anguilla,79.81,medium,True,2024-02-17,924,old
U07850,Facebook,Meta,Social networking,Bosnia and Herzegovina,266.35,high,False,2023-07-23,1133,old
U07851,X (formerly Twitter),X Corp.,Microblogging,Australia,80.83,medium,False,2020-06-21,2260,old
U07852,YouTube,Google,Video sharing,Montserrat,159.86,medium,False,2021-10-16,1778,old
U07853,Instagram,Meta,Photo and video sharing,Cyprus,53.79,low,False,2022-08-04,1486,old
U07854,WhatsApp,Meta,Messaging,Tajikistan,134.85,medium,True,2018-10-13,2877,old
U07855,Facebook,Meta,Social networking,Cambodia,271.29,high,False,2026-03-16,166,new
U07856,Pinterest,Pinterest Inc.,Visual discovery and bookmarking,Romania,120.35,medium,False,2021-01-25,2042,old
U07857,WeChat,Tencent,Messaging and social media,Cyprus,278.56,high,True,2023-05-06,1211,old
U07858,YouTube,Google,Video sharing,Heard Island and McDonald Islands,257.93,high,True,2019-05-13,2665,old
U07859,Pinterest,Pinterest Inc.,Visual discovery and bookmarking,Kenya,7.2,low,False,2026-08-09,20,very_new
U07860,Snapchat,Snap Inc.,Multimedia messaging,Saint Martin,50.43,low,True,2024-04-19,862,old
U07861,WeChat,Tencent,Messaging and social media,Belize,223.83,high,True,2016-08-21,3660,old
U07862,Threads,Meta,Text-based social networking,Nauru,268.99,high,True,2020-06-15,2266,old
U07863,Snapchat,Snap Inc.,Multimedia messaging,Saint Kitts and Nevis,220.55,high,False,2021-06-26,1890,old
U07864,Telegram,Telegram FZ LLC,Messaging,Canada,128.03,medium,False,2017-08-23,3293,old
U07865,LinkedIn,Microsoft,Professional networking,Finland,116.31,medium,True,2024-07-24,766,old
U07866,Snapchat,Snap Inc.,Multimedia messaging,Croatia,28.81,low,False,2019-11-23,2471,old
U07867,Snapchat,Snap Inc.,Multimedia messaging,Serbia,97.79,medium,False,2022-06-19,1532,old
U07868,Quora,Quora Inc.,Q&A knowledge sharing,Mauritius,32.34,low,True,2016-06-01,3741,old
U07869,Threads,Meta,Text-based social networking,Serbia,14.87,low,True,2016-01-27,3867,old
U07870,YouTube,Google,Video sharing,Sudan,294.72,high,False,2023-07-13,1143,old
U07871,LinkedIn,Microsoft,Professional networking,Germany,133.62,medium,False,2019-12-09,2455,old
U07872,Pinterest,Pinterest Inc.,Visual discovery and bookmarking,Swaziland,220.27,high,True,2022-08-10,1480,old
U07873,WhatsApp,Meta,Messaging,Denmark,180.78,high,False,2026-05-23,98,new
U07874,Instagram,Meta,Photo and video sharing,Heard Island and McDonald Islands,214.02,high,True,2022-12-13,1355,old
U07875,WeChat,Tencent,Messaging and social media,Malaysia,155.2,medium,False,2026-07-28,32,new
U07876,Instagram,Meta,Photo and video sharing,Netherlands Antilles,101.49,medium,True,2018-11-18,2841,old
U07877,TikTok,ByteDance,Short-form videos,Singapore,76.47,medium,True,2024-03-13,899,old
U07878,WeChat,Tencent,Messaging and social media,Turks and Caicos Islands,297.83,high,False,2025-02-04,571,established
U07879,Instagram,Meta,Photo and video sharing,Liberia,247.83,high,True,2017-05-09,3399,old
U07880,Quora,Quora Inc.,Q&A knowledge sharing,Papua New Guinea,102.49,medium,False,2016-04-06,3797,old
U07881,Telegram,Telegram FZ LLC,Messaging,Korea,166.17,medium,False,2026-03-12,170,new
U07882,Pinterest,Pinterest Inc.,Visual discovery and bookmarking,Belize,158.27,medium,True,2015-05-28,4111,old
U07883,X (formerly Twitter),X Corp.,Microblogging,Saint Martin,96.94,medium,True,2022-07-25,1496,old
U07884,Snapchat,Snap Inc.,Multimedia messaging,Rwanda,266.67,high,True,2026-08-18,11,very_new
U07885,Telegram,Telegram FZ LLC,Messaging,Northern Mariana Islands,111.1,medium,False,2026-08-13,16,very_new
U07886,Instagram,Meta,Photo and video sharing,Swaziland,220.57,high,False,2021-09-05,1819,old
U07887,Pinterest,Pinterest Inc.,Visual discovery and bookmarking,Niger,108.27,medium,False,2022-07-13,1508,old
U07888,Threads,Meta,Text-based social networking,American Samoa,243.72,high,False,2020-07-09,2242,old
U07889,YouTube,Google,Video sharing,Haiti,270.51,high,False,2018-02-15,3117,old
U07890,Facebook,Meta,Social networking,South Africa,85.43,medium,False,2018-04-05,3068,old
U07891,Reddit,Reddit Inc.,Discussion forums and communities,Andorra,188.95,high,False,2024-04-18,863,old
U07892,Snapchat,Snap Inc.,Multimedia messaging,Brazil,80.75,medium,False,2024-05-08,843,old
U07893,WeChat,Tencent,Messaging and social media,Egypt,196.18,high,True,2018-07-21,2961,old
U07894,TikTok,ByteDance,Short-form videos,Macao,66.91,medium,True,2026-03-13,169,new
U07895,X (formerly Twitter),X Corp.,Microblogging,Bahrain,278.09,high,False,2021-09-10,1814,old
U07896,X (formerly Twitter),X Corp.,Microblogging,New Zealand,31.41,low,True,2026-04-02,149,new
U07897,Instagram,Meta,Photo and video sharing,Singapore,196.93,high,False,2015-08-20,4027,old
U07898,Pinterest,Pinterest Inc.,Visual discovery and bookmarking,Mali,219.99,high,False,2016-09-24,3626,old
U07899,Threads,Meta,Text-based social networking,Monaco,92.52,medium,True,2017-12-29,3165,old
U07900,Instagram,Meta,Photo and video sharing,Indonesia,80.67,medium,False,2016-10-07,3613,old
U07901,X (formerly Twitter),X Corp.,Microblogging,United Kingdom,21.99,low,False,2023-04-08,1239,old
U07902,X (formerly Twitter),X Corp.,Microblogging,Qatar,100.77,medium,False,2016-05-01,3772,old
U07903,WeChat,Tencent,Messaging and social media,Costa Rica,155.02,medium,True,2016-06-14,3728,old
U07904,Reddit,Reddit Inc.,Discussion forums and communities,Cuba,246.86,high,False,2023-11-28,1005,old
U07905,YouTube,Google,Video sharing,Morocco,108.34,medium,True,2019-09-06,2549,old
U07906,TikTok,ByteDance,Short-form videos,Indonesia,53.32,low,True,2024-03-30,882,old
U07907,TikTok,ByteDance,Short-form videos,Saint Vincent and the Grenadines,90.25,medium,False,2018-10-05,2885,old
U07908,Telegram,Telegram FZ LLC,Messaging,Brunei Darussalam,20.32,low,True,2016-08-16,3665,old
U07909,Facebook,Meta,Social networking,El Salvador,218.74,high,False,2019-11-17,2477,old
U07910,YouTube,Google,Video sharing,Bangladesh,71.93,medium,True,2026-08-13,16,very_new
U07911,X (formerly Twitter),X Corp.,Microblogging,Israel,280.34,high,True,2020-09-23,2166,old
U07912,Quora,Quora Inc.,Q&A knowledge sharing,Gibraltar,145.46,medium,False,2023-05-08,1209,old
U07913,Reddit,Reddit Inc.,Discussion forums and communities,Saint Pierre and Miquelon,9.21,low,False,2017-03-09,3460,old
U07914,Pinterest,Pinterest Inc.,Visual discovery and bookmarking,Korea,240.42,high,False,2017-09-03,3282,old
U07915,Reddit,Reddit Inc.,Discussion forums and communities,Burkina Faso,185.77,high,True,2015-07-30,4048,old
U07916,Telegram,Telegram FZ LLC,Messaging,Fiji,296.9,high,True,2026-06-25,65,new
U07917,YouTube,Google,Video sharing,Philippines,24.43,low,True,2024-05-16,835,old
U07918,Pinterest,Pinterest Inc.,Visual discovery and bookmarking,Turks and Caicos Islands,11.51,low,True,2022-09-24,1435,old
U07919,Facebook,Meta,Social networking,Zambia,143.82,medium,True,2026-08-06,23,very_new
U07920,Snapchat,Snap Inc.,Multimedia messaging,Aruba,34.96,low,False,2026-06-07,83,new
U07921,TikTok,ByteDance,Short-form videos,Belgium,200.16,high,False,2016-07-30,3682,old
U07922,YouTube,Google,Video sharing,Tokelau,206.41,high,False,2026-05-01,120,new
U07923,LinkedIn,Microsoft,Professional networking,Turkmenistan,175.49,medium,True,2019-08-20,2566,old
U07924,YouTube,Google,Video sharing,Tanzania,281.29,high,True,2022-05-09,1573,old
U07925,Telegram,Telegram FZ LLC,Messaging,Timor-Leste,277.14,high,True,2017-03-02,3467,old
U07926,Instagram,Meta,Photo and video sharing,Tuvalu,221.62,high,True,2015-06-18,4090,old
U07927,LinkedIn,Microsoft,Professional networking,Hungary,10.07,low,True,2021-10-08,1786,old
U07928,Threads,Meta,Text-based social networking,Nicaragua,85.76,medium,True,2017-07-02,3345,old
U07929,X (formerly Twitter),X Corp.,Microblogging,Falkland Islands (Malvinas),41.62,low,False,2016-07-13,3699,old
U07930,LinkedIn,Microsoft,Professional networking,United States Minor Outlying Islands,106.03,medium,True,2022-12-25,1343,old
U07931,Instagram,Meta,Photo and video sharing,South Africa,87.35,medium,True,2019-06-13,2634,old
U07932,WeChat,Tencent,Messaging and social media,Japan,63.48,medium,True,2024-01-30,942,old
U07933,WeChat,Tencent,Messaging and social media,Micronesia,237.09,high,False,2020-12-31,2067,old
U07934,WeChat,Tencent,Messaging and social media,Cote d'Ivoire,59.97,low,True,2019-10-22,2503,old
U07935,WeChat,Tencent,Messaging and social media,Serbia,132.75,medium,True,2022-08-27,1463,old
U07936,TikTok,ByteDance,Short-form videos,Grenada,155.04,medium,True,2023-02-03,1303,old
U07937,Instagram,Meta,Photo and video sharing,Guinea,61.2,medium,False,2020-06-09,2272,old
U07938,Snapchat,Snap Inc.,Multimedia messaging,Timor-Leste,115.07,medium,True,2024-12-09,628,established
U07939,WhatsApp,Meta,Messaging,Fiji,203.86,high,True,2021-08-22,1833,old
U07940,Pinterest,Pinterest Inc.,Visual discovery and bookmarking,Lesotho,124.41,medium,False,2016-09-10,3640,old
U07941,Pinterest,Pinterest Inc.,Visual discovery and bookmarking,United Kingdom,246.05,high,True,2022-09-19,1440,old
U07942,Reddit,Reddit Inc.,Discussion forums and communities,Bahrain,123.27,medium,False,2022-02-01,1670,old
U07943,WeChat,Tencent,Messaging and social media,Burkina Faso,149.13,medium,False,2026-08-12,17,very_new
U07944,Quora,Quora Inc.,Q&A knowledge sharing,Jordan,46.18,low,True,2024-01-12,960,old
U07945,YouTube,Google,Video sharing,Netherlands Antilles,256.29,high,False,2022-12-30,1338,old
U07946,Reddit,Reddit Inc.,Discussion forums and communities,Burundi,10.01,low,False,2016-08-25,3656,old
U07947,Facebook,Meta,Social networking,Poland,234.49,high,True,2017-01-05,3523,old
U07948,Instagram,Meta,Photo and video sharing,Madagascar,111.77,medium,False,2023-05-17,1200,old
U07949,Snapchat,Snap Inc.,Multimedia messaging,Guam,130.03,medium,True,2019-04-15,2693,old
U07950,Threads,Meta,Text-based social networking,Saint Kitts and Nevis,10.85,low,False,2024-01-12,960,old
U07951,Snapchat,Snap Inc.,Multimedia messaging,Switzerland,46.16,low,False,2019-09-10,2545,old
U07952,Facebook,Meta,Social networking,Macao,139.66,medium,True,2016-10-22,3598,old
U07953,WeChat,Tencent,Messaging and social media,Bosnia and Herzegovina,42.87,low,False,2016-04-04,3799,old
U07954,YouTube,Google,Video sharing,Iran,206.53,high,True,2015-09-30,3986,old
U07955,Telegram,Telegram FZ LLC,Messaging,Cameroon,43.08,low,False,2024-11-10,657,established
U07956,Snapchat,Snap Inc.,Multimedia messaging,Egypt,221.72,high,False,2022-03-22,1621,old
U07957,LinkedIn,Microsoft,Professional networking,Gibraltar,105.59,medium,False,2020-11-07,2121,old
U07958,LinkedIn,Microsoft,Professional networking,Paraguay,153.1,medium,False,2022-04-29,1583,old
U07959,Quora,Quora Inc.,Q&A knowledge sharing,New Zealand,281.02,high,False,2026-07-02,58,new
U07960,Threads,Meta,Text-based social networking,Slovenia,134.12,medium,True,2018-10-10,2880,old
U07961,Telegram,Telegram FZ LLC,Messaging,Turkmenistan,28.18,low,True,2022-02-13,1658,old
U07962,Reddit,Reddit Inc.,Discussion forums and communities,Australia,191.34,high,False,2019-02-15,2752,old
U07963,Telegram,Telegram FZ LLC,Messaging,Anguilla,64.87,medium,False,2016-09-21,3629,old
U07964,WhatsApp,Meta,Messaging,Eritrea,163.86,medium,True,2023-11-11,1022,old
U07965,WeChat,Tencent,Messaging and social media,Suriname,266.5,high,True,2026-05-19,102,new
U07966,Snapchat,Snap Inc.,Multimedia messaging,Andorra,57.6,low,False,2021-06-18,1898,old
U07967,Reddit,Reddit Inc.,Discussion forums and communities,Mauritania,42.48,low,True,2018-11-17,2842,old
U07968,Threads,Meta,Text-based social networking,Sweden,6.02,low,False,2021-06-09,1907,old
U07969,Reddit,Reddit Inc.,Discussion forums and communities,Slovenia,52.53,low,False,2020-11-17,2111,old
U07970,WeChat,Tencent,Messaging and social media,Saint Pierre and Miquelon,144.77,medium,False,2020-02-10,2392,old
U07971,TikTok,ByteDance,Short-form videos,French Polynesia,112.22,medium,False,2026-05-27,94,new
U07972,LinkedIn,Microsoft,Professional networking,French Southern Territories,286.08,high,True,2024-08-27,732,old
U07973,Instagram,Meta,Photo and video sharing,Cook Islands,293.88,high,False,2023-02-26,1280,old
U07974,Reddit,Reddit Inc.,Discussion forums and communities,Armenia,243.22,high,True,2015-06-18,4090,old
U07975,LinkedIn,Microsoft,Professional networking,Lao People's Democratic Republic,77.75,medium,True,2016-03-29,3805,old
U07976,Telegram,Telegram FZ LLC,Messaging,North Macedonia,179.73,medium,False,2019-06-25,2622,old
U07977,TikTok,ByteDance,Short-form videos,Uganda,294.79,high,False,2026-08-22,7,very_new
U07978,Pinterest,Pinterest Inc.,Visual discovery and bookmarking,United Kingdom,198.58,high,False,2023-11-13,1020,old
U07979,Pinterest,Pinterest Inc.,Visual discovery and bookmarking,Micronesia,5.8,low,False,2019-09-30,2525,old
U07980,Instagram,Meta,Photo and video sharing,Afghanistan,155.03,medium,True,2019-11-15,2479,old
U07981,LinkedIn,Microsoft,Professional networking,Sweden,71.15,medium,True,2023-05-22,1195,old
U07982,Pinterest,Pinterest Inc.,Visual discovery and bookmarking,Tajikistan,264.64,high,True,2026-03-13,169,new
U07983,Telegram,Telegram FZ LLC,Messaging,Grenada,149.38,medium,True,2022-08-26,1464,old
U07984,Instagram,Meta,Photo and video sharing,Bahrain,108.98,medium,True,2019-09-07,2548,old
U07985,TikTok,ByteDance,Short-form videos,Palau,55.18,low,False,2021-08-28,1827,old
U07986,LinkedIn,Microsoft,Professional networking,Heard Island and McDonald Islands,296.47,high,False,2015-08-20,4027,old
U07987,WhatsApp,Meta,Messaging,Mexico,139.82,medium,True,2023-08-19,1106,old
U07988,WhatsApp,Meta,Messaging,Niue,167.46,medium,False,2021-10-21,1773,old
U07989,WeChat,Tencent,Messaging and social media,Mauritius,211.66,high,False,2017-06-25,3352,old
U07990,Reddit,Reddit Inc.,Discussion forums and communities,Saint Martin,175.51,medium,False,2026-08-17,12,very_new
U07991,TikTok,ByteDance,Short-form videos,Antarctica (the territory South of 60 deg S),236.1,high,False,2026-08-01,28,very_new
U07992,Snapchat,Snap Inc.,Multimedia messaging,Guatemala,222.79,high,False,2022-12-22,1346,old
U07993,LinkedIn,Microsoft,Professional networking,Moldova,43.33,low,False,2022-11-08,1390,old
U07994,Reddit,Reddit Inc.,Discussion forums and communities,Germany,251.64,high,True,2024-03-09,903,old
U07995,Pinterest,Pinterest Inc.,Visual discovery and bookmarking,Oman,286.53,high,False,2018-02-19,3113,old
U07996,Instagram,Meta,Photo and video sharing,Oman,65.83,medium,True,2020-01-31,2402,old
U07997,Telegram,Telegram FZ LLC,Messaging,Mongolia,122.14,medium,False,2018-08-28,2923,old
U07998,LinkedIn,Microsoft,Professional networking,Yemen,138.15,medium,False,2016-06-20,3722,old
U07999,WhatsApp,Meta,Messaging,United States of America,277.07,high,False,2022-12-23,1345,old
U08000,Threads,Meta,Text-based social networking,Mozambique,152.46,medium,False,2024-12-03,634,established
U08001,Reddit,Reddit Inc.,Discussion forums and communities,Bhutan,191.19,high,False,2016-09-12,3638,old
U08002,Instagram,Meta,Photo and video sharing,Lesotho,155.7,medium,True,2024-10-22,676,established
U08003,Telegram,Telegram FZ LLC,Messaging,Zimbabwe,16.4,low,False,2020-07-19,2232,old
U08004,Telegram,Telegram FZ LLC,Messaging,Cook Islands,48.31,low,True,2021-03-04,2004,old
U08005,WeChat,Tencent,Messaging and social media,Saint Kitts and Nevis,123.25,medium,False,2015-08-20,4027,old
U08006,Facebook,Meta,Social networking,Cote d'Ivoire,120.53,medium,False,2017-11-02,3222,old
U08007,Pinterest,Pinterest Inc.,Visual discovery and bookmarking,Ethiopia,54.94,low,True,2023-07-29,1127,old
U08008,LinkedIn,Microsoft,Professional networking,United States Virgin Islands,64.45,medium,True,2020-05-16,2296,old
U08009,WeChat,Tencent,Messaging and social media,Afghanistan,158.39,medium,True,2026-08-10,19,very_new
U08010,Threads,Meta,Text-based social networking,Vanuatu,109.24,medium,False,2016-03-08,3826,old
U08011,Pinterest,Pinterest Inc.,Visual discovery and bookmarking,Mongolia,67.87,medium,False,2021-04-11,1966,old
U08012,Snapchat,Snap Inc.,Multimedia messaging,Mauritania,175.38,medium,False,2026-05-01,120,new
U08013,Pinterest,Pinterest Inc.,Visual discovery and bookmarking,Mexico,224.78,high,False,2016-02-10,3853,old
U08014,Instagram,Meta,Photo and video sharing,South Georgia and the South Sandwich Islands,114.83,medium,True,2024-11-23,644,established
U08015,LinkedIn,Microsoft,Professional networking,Lithuania,31.18,low,False,2023-05-28,1189,old
U08016,Telegram,Telegram FZ LLC,Messaging,Monaco,284.31,high,False,2019-03-31,2708,old
U08017,Snapchat,Snap Inc.,Multimedia messaging,Sweden,220.53,high,True,2021-06-16,1900,old
U08018,Reddit,Reddit Inc.,Discussion forums and communities,Central African Republic,295.48,high,True,2023-11-13,1020,old
U08019,YouTube,Google,Video sharing,Uzbekistan,179.88,medium,False,2017-02-06,3491,old
U08020,Instagram,Meta,Photo and video sharing,Kiribati,238.23,high,True,2017-07-30,3317,old
U08021,Pinterest,Pinterest Inc.,Visual discovery and bookmarking,Christmas Island,235.5,high,True,2019-02-24,2743,old
U08022,X (formerly Twitter),X Corp.,Microblogging,Sierra Leone,203.54,high,True,2020-12-02,2096,old
U08023,YouTube,Google,Video sharing,Portugal,264.0,high,True,2017-09-15,3270,old
U08024,WeChat,Tencent,Messaging and social media,Mayotte,74.62,medium,True,2019-04-22,2686,old
U08025,LinkedIn,Microsoft,Professional networking,Slovakia (Slovak Republic),179.69,medium,True,2017-11-16,3208,old
U08026,Telegram,Telegram FZ LLC,Messaging,Kyrgyz Republic,141.28,medium,True,2023-12-11,992,old
U08027,TikTok,ByteDance,Short-form videos,Svalbard & Jan Mayen Islands,13.28,low,True,2026-03-28,154,new
U08028,Pinterest,Pinterest Inc.,Visual discovery and bookmarking,Armenia,284.47,high,True,2026-08-05,24,very_new
U08029,Facebook,Meta,Social networking,Papua New Guinea,144.66,medium,False,2022-06-29,1522,old
U08030,YouTube,Google,Video sharing,Angola,60.81,medium,False,2021-06-02,1914,old
U08031,X (formerly Twitter),X Corp.,Microblogging,Bangladesh,36.04,low,True,2017-02-15,3482,old
U08032,YouTube,Google,Video sharing,Tunisia,86.15,medium,True,2026-08-25,4,very_new
U08033,LinkedIn,Microsoft,Professional networking,Armenia,106.48,medium,True,2022-12-13,1355,old
U08034,Reddit,Reddit Inc.,Discussion forums and communities,North Macedonia,108.36,medium,False,2023-10-31,1033,old
U08035,YouTube,Google,Video sharing,Guatemala,168.89,medium,False,2015-10-08,3978,old
U08036,Telegram,Telegram FZ LLC,Messaging,Netherlands Antilles,173.6,medium,True,2022-01-27,1675,old
U08037,Threads,Meta,Text-based social networking,Suriname,227.14,high,True,2019-11-04,2490,old
U08038,Instagram,Meta,Photo and video sharing,Thailand,126.56,medium,False,2021-12-19,1714,old
U08039,Telegram,Telegram FZ LLC,Messaging,Guatemala,64.77,medium,False,2026-03-26,156,new
U08040,Quora,Quora Inc.,Q&A knowledge sharing,Tajikistan,299.45,high,False,2017-06-28,3349,old
U08041,Threads,Meta,Text-based social networking,Belize,185.88,high,False,2026-04-30,121,new
U08042,WeChat,Tencent,Messaging and social media,Dominican Republic,163.52,medium,True,2023-07-24,1132,old
U08043,LinkedIn,Microsoft,Professional networking,Saint Kitts and Nevis,43.45,low,True,2015-11-17,3938,old
U08044,Telegram,Telegram FZ LLC,Messaging,New Caledonia,136.68,medium,True,2020-04-09,2333,old
U08045,WeChat,Tencent,Messaging and social media,Chile,39.32,low,True,2021-08-18,1837,old
U08046,Pinterest,Pinterest Inc.,Visual discovery and bookmarking,Cocos (Keeling) Islands,247.97,high,False,2024-07-07,783,old
U08047,WeChat,Tencent,Messaging and social media,Moldova,176.97,medium,True,2023-11-01,1032,old
U08048,WhatsApp,Meta,Messaging,Senegal,131.95,medium,True,2020-09-26,2163,old
U08049,Reddit,Reddit Inc.,Discussion forums and communities,Moldova,261.35,high,True,2018-03-11,3093,old
U08050,Facebook,Meta,Social networking,Uganda,75.71,medium,False,2021-04-10,1967,old
U08051,Telegram,Telegram FZ LLC,Messaging,Denmark,271.44,high,False,2023-11-29,1004,old
U08052,X (formerly Twitter),X Corp.,Microblogging,Syrian Arab Republic,220.49,high,True,2026-07-18,42,new
U08053,Quora,Quora Inc.,Q&A knowledge sharing,Liechtenstein,226.89,high,True,2022-08-29,1461,old
U08054,X (formerly Twitter),X Corp.,Microblogging,Peru,150.72,medium,False,2018-11-27,2832,old
U08055,Telegram,Telegram FZ LLC,Messaging,Sao Tome and Principe,33.83,low,True,2026-07-20,40,new
U08056,Telegram,Telegram FZ LLC,Messaging,Nepal,11.74,low,True,2016-04-28,3775,old
U08057,WeChat,Tencent,Messaging and social media,Kuwait,167.5,medium,False,2023-03-15,1263,old
U08058,TikTok,ByteDance,Short-form videos,Bermuda,223.13,high,True,2016-09-07,3643,old
U08059,LinkedIn,Microsoft,Professional networking,Tunisia,6.33,low,True,2019-05-19,2659,old
U08060,Telegram,Telegram FZ LLC,Messaging,Latvia,82.32,medium,True,2021-05-26,1921,old
U08061,Pinterest,Pinterest Inc.,Visual discovery and bookmarking,Kazakhstan,282.77,high,True,2020-08-20,2200,old
U08062,WhatsApp,Meta,Messaging,Cocos (Keeling) Islands,170.99,medium,True,2015-11-15,3940,old
U08063,Pinterest,Pinterest Inc.,Visual discovery and bookmarking,Nicaragua,108.22,medium,False,2026-04-16,135,new
U08064,YouTube,Google,Video sharing,Czech Republic,167.41,medium,False,2023-04-07,1240,old
U08065,Snapchat,Snap Inc.,Multimedia messaging,Macao,217.03,high,False,2022-10-15,1414,old
U08066,Snapchat,Snap Inc.,Multimedia messaging,Czech Republic,262.32,high,True,2021-04-23,1954,old
U08067,Snapchat,Snap Inc.,Multimedia messaging,Trinidad and Tobago,248.05,high,True,2017-05-18,3390,old
U08068,WeChat,Tencent,Messaging and social media,Azerbaijan,258.15,high,True,2020-12-19,2079,old
U08069,WhatsApp,Meta,Messaging,Congo,125.89,medium,True,2023-02-24,1282,old
U08070,Facebook,Meta,Social networking,British Indian Ocean Territory (Chagos Archipelago),255.36,high,True,2019-12-30,2434,old
U08071,Pinterest,Pinterest Inc.,Visual discovery and bookmarking,Lithuania,35.65,low,False,2025-01-28,578,established
U08072,X (formerly Twitter),X Corp.,Microblogging,Finland,165.39,medium,False,2023-03-09,1269,old
U08073,Quora,Quora Inc.,Q&A knowledge sharing,Philippines,30.76,low,True,2016-11-24,3565,old
U08074,Reddit,Reddit Inc.,Discussion forums and communities,Saint Martin,201.67,high,True,2024-10-08,690,established
U08075,Snapchat,Snap Inc.,Multimedia messaging,Korea,285.67,high,True,2026-05-03,118,new
U08076,WeChat,Tencent,Messaging and social media,Rwanda,33.67,low,False,2024-01-24,948,old
U08077,Facebook,Meta,Social networking,Monaco,290.88,high,True,2020-04-09,2333,old
U08078,TikTok,ByteDance,Short-form videos,Zimbabwe,134.62,medium,True,2022-04-07,1605,old
U08079,Snapchat,Snap Inc.,Multimedia messaging,North Macedonia,61.62,medium,False,2024-09-15,713,established
U08080,LinkedIn,Microsoft,Professional networking,Luxembourg,100.41,medium,True,2015-10-08,3978,old
U08081,Reddit,Reddit Inc.,Discussion forums and communities,Martinique,88.74,medium,True,2026-08-18,11,very_new
U08082,Threads,Meta,Text-based social networking,Lithuania,183.66,high,True,2026-07-17,43,new
U08083,Facebook,Meta,Social networking,Saint Pierre and Miquelon,51.55,low,True,2022-02-16,1655,old
U08084,Facebook,Meta,Social networking,Pitcairn Islands,186.42,high,False,2015-10-15,3971,old
U08085,Snapchat,Snap Inc.,Multimedia messaging,South Georgia and the South Sandwich Islands,94.52,medium,True,2020-12-27,2071,old
U08086,WeChat,Tencent,Messaging and social media,Uruguay,114.04,medium,True,2022-02-11,1660,old
U08087,Pinterest,Pinterest Inc.,Visual discovery and bookmarking,North Macedonia,130.52,medium,True,2026-08-04,25,very_new
U08088,Telegram,Telegram FZ LLC,Messaging,Saint Martin,285.18,high,True,2021-10-12,1782,old
U08089,Quora,Quora Inc.,Q&A knowledge sharing,Bolivia,59.73,low,False,2016-05-08,3765,old
U08090,TikTok,ByteDance,Short-form videos,Wallis and Futuna,255.38,high,False,2026-05-29,92,new
U08091,WhatsApp,Meta,Messaging,Panama,224.39,high,False,2017-03-17,3452,old
U08092,Quora,Quora Inc.,Q&A knowledge sharing,Cape Verde,173.98,medium,True,2026-08-12,17,very_new
U08093,Pinterest,Pinterest Inc.,Visual discovery and bookmarking,Gibraltar,92.06,medium,True,2021-10-22,1772,old
U08094,TikTok,ByteDance,Short-form videos,Aruba,237.75,high,True,2019-03-21,2718,old
U08095,Instagram,Meta,Photo and video sharing,Bhutan,244.65,high,False,2026-07-29,31,new
U08096,TikTok,ByteDance,Short-form videos,Belarus,156.32,medium,False,2017-08-04,3312,old
U08097,YouTube,Google,Video sharing,Switzerland,207.99,high,True,2018-04-26,3047,old
U08098,WhatsApp,Meta,Messaging,Turks and Caicos Islands,259.43,high,False,2018-12-08,2821,old
U08099,X (formerly Twitter),X Corp.,Microblogging,Panama,173.08,medium,True,2026-08-12,17,very_new
U08100,Reddit,Reddit Inc.,Discussion forums and communities,Ecuador,101.15,medium,True,2024-11-01,666,established
U08101,YouTube,Google,Video sharing,Saint Pierre and Miquelon,279.59,high,False,2022-02-08,1663,old
U08102,Quora,Quora Inc.,Q&A knowledge sharing,Cayman Islands,87.44,medium,False,2021-08-11,1844,old
U08103,Reddit,Reddit Inc.,Discussion forums and communities,Bulgaria,274.55,high,True,2025-01-20,586,established
U08104,Facebook,Meta,Social networking,Serbia,282.86,high,True,2017-08-14,3302,old
U08105,Pinterest,Pinterest Inc.,Visual discovery and bookmarking,Norway,12.75,low,True,2018-02-17,3115,old
U08106,TikTok,ByteDance,Short-form videos,United Kingdom,182.34,high,False,2019-02-03,2764,old
U08107,Facebook,Meta,Social networking,Aruba,198.07,high,True,2024-02-24,917,old
U08108,Facebook,Meta,Social networking,Germany,85.39,medium,False,2016-11-17,3572,old
U08109,WeChat,Tencent,Messaging and social media,Cayman Islands,179.39,medium,False,2017-02-01,3496,old
U08110,LinkedIn,Microsoft,Professional networking,Saint Vincent and the Grenadines,32.78,low,False,2026-08-20,9,very_new
U08111,Pinterest,Pinterest Inc.,Visual discovery and bookmarking,Yemen,245.84,high,True,2016-01-31,3863,old
U08112,LinkedIn,Microsoft,Professional networking,Macao,265.91,high,True,2022-08-31,1459,old
U08113,Reddit,Reddit Inc.,Discussion forums and communities,China,187.69,high,True,2019-03-14,2725,old
U08114,LinkedIn,Microsoft,Professional networking,Nicaragua,177.59,medium,False,2018-10-09,2881,old
U08115,WeChat,Tencent,Messaging and social media,Greenland,149.04,medium,False,2018-02-28,3104,old
U08116,WhatsApp,Meta,Messaging,Thailand,134.96,medium,True,2022-05-08,1574,old
U08117,Instagram,Meta,Photo and video sharing,Kazakhstan,108.01,medium,False,2016-05-30,3743,old
U08118,Pinterest,Pinterest Inc.,Visual discovery and bookmarking,Kuwait,221.88,high,True,2017-12-11,3183,old
U08119,WhatsApp,Meta,Messaging,Vanuatu,248.98,high,True,2018-05-09,3034,old
U08120,LinkedIn,Microsoft,Professional networking,Thailand,86.58,medium,True,2024-10-09,689,established
U08121,Reddit,Reddit Inc.,Discussion forums and communities,Latvia,197.72,high,True,2021-02-05,2031,old
U08122,Telegram,Telegram FZ LLC,Messaging,Saint Lucia,151.08,medium,False,2026-08-18,11,very_new
U08123,Telegram,Telegram FZ LLC,Messaging,Northern Mariana Islands,42.14,low,True,2026-05-27,94,new
U08124,LinkedIn,Microsoft,Professional networking,Yemen,21.7,low,True,2024-03-27,885,old
U08125,LinkedIn,Microsoft,Professional networking,Wallis and Futuna,292.19,high,True,2026-07-30,30,new
U08126,X (formerly Twitter),X Corp.,Microblogging,Wallis and Futuna,32.74,low,True,2021-04-12,1965,old
U08127,Facebook,Meta,Social networking,Sweden,269.03,high,True,2026-07-08,52,new
U08128,Telegram,Telegram FZ LLC,Messaging,Uruguay,161.64,medium,True,2020-10-07,2152,old
U08129,WeChat,Tencent,Messaging and social media,Sweden,135.99,medium,True,2026-06-23,67,new
U08130,Instagram,Meta,Photo and video sharing,Ecuador,194.2,high,False,2016-06-05,3737,old
U08131,Quora,Quora Inc.,Q&A knowledge sharing,Pakistan,231.73,high,False,2018-12-04,2825,old
U08132,TikTok,ByteDance,Short-form videos,Nauru,208.09,high,False,2026-07-14,46,new
U08133,Reddit,Reddit Inc.,Discussion forums and communities,Tunisia,225.51,high,True,2022-07-12,1509,old
U08134,Pinterest,Pinterest Inc.,Visual discovery and bookmarking,Saint Martin,39.53,low,False,2021-02-09,2027,old
U08135,YouTube,Google,Video sharing,Gabon,224.77,high,True,2016-08-07,3674,old
U08136,Snapchat,Snap Inc.,Multimedia messaging,Argentina,149.5,medium,True,2015-10-05,3981,old
U08137,WeChat,Tencent,Messaging and social media,China,119.79,medium,True,2019-02-05,2762,old
U08138,Quora,Quora Inc.,Q&A knowledge sharing,Turkmenistan,17.04,low,True,2021-12-26,1707,old
U08139,WeChat,Tencent,Messaging and social media,Saint Pierre and Miquelon,136.32,medium,False,2026-04-07,144,new
U08140,Telegram,Telegram FZ LLC,Messaging,Moldova,147.41,medium,False,2023-09-24,1070,old
U08141,Snapchat,Snap Inc.,Multimedia messaging,Palestinian Territory,125.15,medium,False,2025-03-30,517,established
U08142,YouTube,Google,Video sharing,Argentina,261.93,high,True,2023-05-25,1192,old
U08143,WhatsApp,Meta,Messaging,Iran,112.0,medium,True,2020-08-28,2192,old
U08144,X (formerly Twitter),X Corp.,Microblogging,Qatar,73.84,medium,True,2022-08-28,1462,old
U08145,Pinterest,Pinterest Inc.,Visual discovery and bookmarking,Portugal,195.16,high,False,2016-04-04,3799,old
U08146,Pinterest,Pinterest Inc.,Visual discovery and bookmarking,Comoros,44.89,low,True,2015-05-30,4109,old
U08147,TikTok,ByteDance,Short-form videos,Turkey,77.39,medium,False,2024-09-14,714,established
U08148,Quora,Quora Inc.,Q&A knowledge sharing,Brunei Darussalam,137.47,medium,False,2020-09-19,2170,old
U08149,Quora,Quora Inc.,Q&A knowledge sharing,Zambia,270.35,high,True,2016-01-12,3882,old
U08150,Instagram,Meta,Photo and video sharing,Finland,149.98,medium,True,2020-08-24,2196,old
U08151,WeChat,Tencent,Messaging and social media,Mozambique,144.43,medium,False,2022-12-07,1361,old
U08152,Reddit,Reddit Inc.,Discussion forums and communities,Afghanistan,55.33,low,True,2023-09-26,1068,old
U08153,Threads,Meta,Text-based social networking,Italy,163.83,medium,False,2026-07-16,44,new
U08154,Instagram,Meta,Photo and video sharing,Norway,32.58,low,False,2022-02-18,1653,old
U08155,WeChat,Tencent,Messaging and social media,Georgia,296.45,high,False,2015-11-01,3954,old
U08156,TikTok,ByteDance,Short-form videos,Luxembourg,80.15,medium,True,2018-05-09,3034,old
U08157,WeChat,Tencent,Messaging and social media,Guernsey,14.95,low,True,2026-06-09,81,new
U08158,Pinterest,Pinterest Inc.,Visual discovery and bookmarking,Algeria,187.0,high,True,2026-06-04,86,new
U08159,TikTok,ByteDance,Short-form videos,Libyan Arab Jamahiriya,203.67,high,True,2022-09-15,1444,old
U08160,Snapchat,Snap Inc.,Multimedia messaging,Samoa,40.93,low,True,2018-09-17,2903,old
U08161,X (formerly Twitter),X Corp.,Microblogging,Italy,218.06,high,False,2022-12-22,1346,old
U08162,Quora,Quora Inc.,Q&A knowledge sharing,Cyprus,201.35,high,True,2016-11-06,3583,old
U08163,YouTube,Google,Video sharing,Micronesia,249.96,high,False,2026-03-23,159,new
U08164,Telegram,Telegram FZ LLC,Messaging,Nepal,42.68,low,False,2021-04-02,1975,old
U08165,Quora,Quora Inc.,Q&A knowledge sharing,Uzbekistan,138.2,medium,False,2018-07-09,2973,old
U08166,Reddit,Reddit Inc.,Discussion forums and communities,Thailand,82.1,medium,True,2017-07-02,3345,old
U08167,WeChat,Tencent,Messaging and social media,Singapore,32.08,low,False,2022-03-06,1637,old
U08168,Facebook,Meta,Social networking,Cambodia,289.65,high,True,2019-03-01,2738,old
U08169,Quora,Quora Inc.,Q&A knowledge sharing,Togo,190.19,high,False,2015-10-09,3977,old
U08170,LinkedIn,Microsoft,Professional networking,Liberia,255.45,high,True,2026-03-07,175,new
U08171,Threads,Meta,Text-based social networking,Martinique,73.78,medium,False,2022-06-02,1549,old
U08172,Instagram,Meta,Photo and video sharing,Antarctica (the territory South of 60 deg S),268.92,high,True,2026-08-02,27,very_new
U08173,Quora,Quora Inc.,Q&A knowledge sharing,Macao,154.44,medium,True,2015-07-14,4064,old
U08174,Reddit,Reddit Inc.,Discussion forums and communities,Panama,69.19,medium,False,2024-10-23,675,established
U08175,LinkedIn,Microsoft,Professional networking,Guinea-Bissau,156.77,medium,False,2023-04-04,1243,old
U08176,Threads,Meta,Text-based social networking,Guadeloupe,212.74,high,True,2022-03-09,1634,old
U08177,X (formerly Twitter),X Corp.,Microblogging,Guinea-Bissau,7.92,low,True,2026-08-14,15,very_new
U08178,Threads,Meta,Text-based social networking,Israel,299.3,high,True,2016-08-18,3663,old
U08179,WhatsApp,Meta,Messaging,Cape Verde,43.48,low,True,2026-08-25,4,very_new
U08180,X (formerly Twitter),X Corp.,Microblogging,Panama,295.67,high,False,2015-07-30,4048,old
U08181,Instagram,Meta,Photo and video sharing,Philippines,118.8,medium,True,2024-07-03,787,old
U08182,Reddit,Reddit Inc.,Discussion forums and communities,Uzbekistan,97.27,medium,True,2016-10-30,3590,old
U08183,Facebook,Meta,Social networking,Guinea-Bissau,41.81,low,True,2023-10-23,1041,old
U08184,TikTok,ByteDance,Short-form videos,Rwanda,110.08,medium,True,2016-06-14,3728,old
U08185,Facebook,Meta,Social networking,Guatemala,210.76,high,False,2022-07-31,1490,old
U08186,TikTok,ByteDance,Short-form videos,Antigua and Barbuda,158.53,medium,True,2026-03-27,155,new
U08187,TikTok,ByteDance,Short-form videos,Morocco,273.12,high,True,2016-04-25,3778,old
U08188,Snapchat,Snap Inc.,Multimedia messaging,Guadeloupe,288.4,high,False,2024-10-04,694,established
U08189,LinkedIn,Microsoft,Professional networking,Palestinian Territory,280.89,high,False,2022-08-10,1480,old
U08190,X (formerly Twitter),X Corp.,Microblogging,Honduras,17.58,low,True,2024-12-28,609,established
U08191,Telegram,Telegram FZ LLC,Messaging,Iran,245.04,high,True,2026-06-18,72,new
U08192,WeChat,Tencent,Messaging and social media,Guernsey,178.9,medium,False,2026-05-05,116,new
U08193,TikTok,ByteDance,Short-form videos,Botswana,232.95,high,False,2015-07-21,4057,old
U08194,Telegram,Telegram FZ LLC,Messaging,Barbados,231.5,high,False,2021-04-30,1947,old
U08195,Quora,Quora Inc.,Q&A knowledge sharing,Cape Verde,183.45,high,False,2024-03-24,888,old
U08196,WeChat,Tencent,Messaging and social media,Pitcairn Islands,196.48,high,True,2026-06-17,73,new
U08197,Instagram,Meta,Photo and video sharing,Tuvalu,119.84,medium,True,2017-08-20,3296,old
U08198,Quora,Quora Inc.,Q&A knowledge sharing,Netherlands Antilles,70.17,medium,False,2025-01-10,596,established
U08199,X (formerly Twitter),X Corp.,Microblogging,Paraguay,31.86,low,False,2025-04-22,494,established
U08200,YouTube,Google,Video sharing,Botswana,146.46,medium,False,2026-05-18,103,new
U08201,Facebook,Meta,Social networking,Latvia,286.19,high,True,2017-02-05,3492,old
U08202,Snapchat,Snap Inc.,Multimedia messaging,Pakistan,131.31,medium,True,2022-09-23,1436,old
U08203,Reddit,Reddit Inc.,Discussion forums and communities,Western Sahara,149.49,medium,True,2026-08-12,17,very_new
U08204,WhatsApp,Meta,Messaging,Reunion,151.07,medium,True,2023-02-03,1303,old
U08205,Quora,Quora Inc.,Q&A knowledge sharing,Argentina,86.22,medium,True,2021-03-19,1989,old
U08206,LinkedIn,Microsoft,Professional networking,Benin,66.96,medium,False,2018-09-12,2908,old
U08207,Facebook,Meta,Social networking,Sao Tome and Principe,93.71,medium,True,2016-10-28,3592,old
U08208,Telegram,Telegram FZ LLC,Messaging,Tajikistan,197.01,high,True,2016-01-17,3877,old
U08209,Instagram,Meta,Photo and video sharing,Sao Tome and Principe,179.77,medium,True,2026-05-09,112,new
U08210,Instagram,Meta,Photo and video sharing,Denmark,274.49,high,False,2020-03-08,2365,old
U08211,Quora,Quora Inc.,Q&A knowledge sharing,Slovakia (Slovak Republic),9.38,low,False,2019-03-01,2738,old
U08212,Reddit,Reddit Inc.,Discussion forums and communities,South Africa,144.9,medium,False,2017-11-11,3213,old
U08213,WeChat,Tencent,Messaging and social media,Iraq,181.67,high,True,2017-11-11,3213,old
U08214,LinkedIn,Microsoft,Professional networking,Canada,242.05,high,True,2026-07-14,46,new
U08215,Facebook,Meta,Social networking,Isle of Man,215.57,high,False,2017-08-25,3291,old
U08216,WhatsApp,Meta,Messaging,United States of America,78.13,medium,True,2017-02-09,3488,old
U08217,X (formerly Twitter),X Corp.,Microblogging,Cuba,288.1,high,False,2016-09-15,3635,old
U08218,WhatsApp,Meta,Messaging,Nauru,28.66,low,False,2024-08-09,750,old
U08219,Instagram,Meta,Photo and video sharing,Cote d'Ivoire,26.72,low,True,2021-09-03,1821,old
U08220,TikTok,ByteDance,Short-form videos,Equatorial Guinea,299.29,high,True,2017-07-08,3339,old
U08221,TikTok,ByteDance,Short-form videos,Saint Vincent and the Grenadines,257.03,high,False,2015-08-20,4027,old
U08222,Instagram,Meta,Photo and video sharing,Peru,284.49,high,True,2016-04-30,3773,old
U08223,TikTok,ByteDance,Short-form videos,Uzbekistan,8.02,low,True,2026-03-20,162,new
U08224,TikTok,ByteDance,Short-form videos,Cook Islands,201.2,high,True,2020-07-17,2234,old
U08225,WeChat,Tencent,Messaging and social media,Saint Helena,190.38,high,True,2019-02-27,2740,old
U08226,TikTok,ByteDance,Short-form videos,Christmas Island,268.84,high,False,2022-08-10,1480,old
U08227,YouTube,Google,Video sharing,Bulgaria,23.29,low,True,2023-03-17,1261,old
U08228,Snapchat,Snap Inc.,Multimedia messaging,Falkland Islands (Malvinas),135.83,medium,False,2016-07-24,3688,old
U08229,WeChat,Tencent,Messaging and social media,Dominica,61.85,medium,True,2017-07-31,3316,old
U08230,TikTok,ByteDance,Short-form videos,Monaco,277.13,high,False,2017-02-04,3493,old
U08231,Reddit,Reddit Inc.,Discussion forums and communities,Bahrain,201.76,high,False,2020-03-28,2345,old
U08232,WhatsApp,Meta,Messaging,Aruba,54.99,low,True,2016-07-07,3705,old
U08233,X (formerly Twitter),X Corp.,Microblogging,Korea,269.69,high,True,2015-06-18,4090,old
U08234,Telegram,Telegram FZ LLC,Messaging,Morocco,120.62,medium,True,2025-04-25,491,established
U08235,Pinterest,Pinterest Inc.,Visual discovery and bookmarking,Portugal,221.52,high,True,2021-01-27,2040,old
U08236,Snapchat,Snap Inc.,Multimedia messaging,Cook Islands,130.44,medium,False,2026-07-06,54,new
U08237,Facebook,Meta,Social networking,Brunei Darussalam,222.73,high,False,2022-03-02,1641,old
U08238,Pinterest,Pinterest Inc.,Visual discovery and bookmarking,Malawi,253.77,high,True,2020-09-28,2161,old
U08239,WeChat,Tencent,Messaging and social media,Ireland,6.08,low,True,2017-03-23,3446,old
U08240,WhatsApp,Meta,Messaging,Gambia,27.4,low,True,2022-08-04,1486,old
U08241,Threads,Meta,Text-based social networking,Uruguay,252.78,high,True,2021-07-18,1868,old
U08242,Telegram,Telegram FZ LLC,Messaging,Indonesia,100.76,medium,True,2019-07-11,2606,old
U08243,Instagram,Meta,Photo and video sharing,France,50.58,low,True,2018-02-07,3125,old
U08244,Telegram,Telegram FZ LLC,Messaging,French Polynesia,280.72,high,False,2021-07-18,1868,old
U08245,Instagram,Meta,Photo and video sharing,Iran,234.74,high,False,2019-06-05,2642,old
U08246,Facebook,Meta,Social networking,French Polynesia,7.48,low,False,2018-10-11,2879,old
U08247,X (formerly Twitter),X Corp.,Microblogging,Cambodia,259.21,high,False,2017-09-03,3282,old
U08248,LinkedIn,Microsoft,Professional networking,Papua New Guinea,247.26,high,False,2026-06-07,83,new
U08249,YouTube,Google,Video sharing,Egypt,267.18,high,False,2024-10-03,695,established
U08250,LinkedIn,Microsoft,Professional networking,Guatemala,288.01,high,False,2022-03-08,1635,old
U08251,YouTube,Google,Video sharing,Vanuatu,79.08,medium,True,2021-05-02,1945,old
U08252,YouTube,Google,Video sharing,Northern Mariana Islands,186.48,high,False,2018-10-13,2877,old
U08253,Telegram,Telegram FZ LLC,Messaging,Turkey,146.41,medium,False,2020-02-25,2377,old
U08254,YouTube,Google,Video sharing,Anguilla,189.47,high,True,2023-10-14,1050,old
U08255,Pinterest,Pinterest Inc.,Visual discovery and bookmarking,Turks and Caicos Islands,215.98,high,True,2015-07-15,4063,old
U08256,WeChat,Tencent,Messaging and social media,Aruba,43.6,low,False,2021-01-17,2050,old
U08257,Telegram,Telegram FZ LLC,Messaging,Tunisia,224.54,high,False,2018-05-01,3042,old
U08258,Snapchat,Snap Inc.,Multimedia messaging,Brunei Darussalam,111.82,medium,False,2024-12-11,626,established
U08259,YouTube,Google,Video sharing,Brunei Darussalam,228.27,high,False,2026-03-16,166,new
U08260,Telegram,Telegram FZ LLC,Messaging,Cameroon,28.59,low,False,2022-02-01,1670,old
U08261,TikTok,ByteDance,Short-form videos,Cote d'Ivoire,165.6,medium,True,2024-11-14,653,established
U08262,WhatsApp,Meta,Messaging,Morocco,119.07,medium,False,2022-10-01,1428,old
U08263,TikTok,ByteDance,Short-form videos,Korea,242.93,high,False,2017-04-06,3432,old
U08264,Threads,Meta,Text-based social networking,Eritrea,268.66,high,False,2020-07-03,2248,old
U08265,YouTube,Google,Video sharing,French Southern Territories,199.8,high,False,2021-04-15,1962,old
U08266,Facebook,Meta,Social networking,Malta,180.58,high,True,2024-06-19,801,old
U08267,X (formerly Twitter),X Corp.,Microblogging,Timor-Leste,164.59,medium,False,2020-04-29,2313,old
U08268,YouTube,Google,Video sharing,Mayotte,194.51,high,True,2022-11-14,1384,old
U08269,X (formerly Twitter),X Corp.,Microblogging,Cuba,95.86,medium,True,2017-09-20,3265,old
U08270,Telegram,Telegram FZ LLC,Messaging,North Macedonia,100.61,medium,False,2025-01-14,592,established
U08271,Facebook,Meta,Social networking,Tuvalu,105.2,medium,True,2026-05-31,90,new
U08272,Quora,Quora Inc.,Q&A knowledge sharing,Antigua and Barbuda,260.9,high,True,2019-11-14,2480,old
U08273,WhatsApp,Meta,Messaging,Germany,182.82,high,False,2019-10-03,2522,old
U08274,LinkedIn,Microsoft,Professional networking,Congo,63.19,medium,False,2021-01-14,2053,old
U08275,LinkedIn,Microsoft,Professional networking,Christmas Island,110.12,medium,False,2026-05-19,102,new
U08276,WeChat,Tencent,Messaging and social media,Georgia,87.26,medium,True,2024-04-30,851,old
U08277,TikTok,ByteDance,Short-form videos,Argentina,66.43,medium,True,2015-12-05,3920,old
U08278,X (formerly Twitter),X Corp.,Microblogging,Taiwan,84.15,medium,True,2024-11-11,656,established
U08279,WeChat,Tencent,Messaging and social media,Rwanda,178.92,medium,False,2023-05-03,1214,old
U08280,WhatsApp,Meta,Messaging,Kuwait,133.44,medium,False,2024-10-27,671,established
U08281,Facebook,Meta,Social networking,Wallis and Futuna,236.23,high,False,2023-01-30,1307,old
U08282,Pinterest,Pinterest Inc.,Visual discovery and bookmarking,Mozambique,291.36,high,True,2019-08-21,2565,old
U08283,TikTok,ByteDance,Short-form videos,Namibia,197.49,high,False,2024-09-24,704,established
U08284,Threads,Meta,Text-based social networking,Morocco,89.12,medium,False,2021-06-29,1887,old
U08285,X (formerly Twitter),X Corp.,Microblogging,Czech Republic,94.53,medium,True,2023-05-18,1199,old
U08286,Threads,Meta,Text-based social networking,Lebanon,205.33,high,True,2017-11-12,3212,old
U08287,TikTok,ByteDance,Short-form videos,Marshall Islands,108.08,medium,False,2016-12-29,3530,old
U08288,Reddit,Reddit Inc.,Discussion forums and communities,Micronesia,206.98,high,True,2026-08-15,14,very_new
U08289,X (formerly Twitter),X Corp.,Microblogging,Antigua and Barbuda,176.45,medium,False,2018-05-31,3012,old
U08290,Reddit,Reddit Inc.,Discussion forums and communities,Pitcairn Islands,90.11,medium,True,2021-05-25,1922,old
U08291,Instagram,Meta,Photo and video sharing,Bhutan,184.95,high,False,2020-01-04,2429,old
U08292,Pinterest,Pinterest Inc.,Visual discovery and bookmarking,Bangladesh,178.75,medium,False,2017-01-25,3503,old
U08293,YouTube,Google,Video sharing,Mexico,24.5,low,True,2015-06-21,4087,old
U08294,Snapchat,Snap Inc.,Multimedia messaging,Angola,288.56,high,False,2017-05-30,3378,old
U08295,Pinterest,Pinterest Inc.,Visual discovery and bookmarking,Cyprus,57.37,low,True,2016-01-17,3877,old
U08296,Instagram,Meta,Photo and video sharing,Costa Rica,175.83,medium,False,2023-06-21,1165,old
U08297,Threads,Meta,Text-based social networking,Nauru,284.15,high,True,2026-07-17,43,new
U08298,TikTok,ByteDance,Short-form videos,Burundi,190.94,high,True,2024-10-16,682,established
U08299,TikTok,ByteDance,Short-form videos,Thailand,63.91,medium,False,2026-07-03,57,new
U08300,Snapchat,Snap Inc.,Multimedia messaging,Pakistan,191.54,high,True,2016-09-08,3642,old
U08301,Facebook,Meta,Social networking,Grenada,17.31,low,False,2026-06-03,87,new
U08302,X (formerly Twitter),X Corp.,Microblogging,Portugal,270.02,high,True,2026-06-24,66,new
U08303,LinkedIn,Microsoft,Professional networking,Tuvalu,72.09,medium,True,2020-10-29,2130,old
U08304,Threads,Meta,Text-based social networking,Fiji,193.3,high,False,2016-03-02,3832,old
U08305,LinkedIn,Microsoft,Professional networking,Saudi Arabia,165.68,medium,True,2019-10-26,2499,old
U08306,WeChat,Tencent,Messaging and social media,Grenada,100.63,medium,True,2026-08-11,18,very_new
U08307,Quora,Quora Inc.,Q&A knowledge sharing,Nigeria,116.43,medium,False,2016-06-15,3727,old
U08308,Reddit,Reddit Inc.,Discussion forums and communities,Russian Federation,205.43,high,False,2015-05-12,4127,old
U08309,Pinterest,Pinterest Inc.,Visual discovery and bookmarking,Malta,84.05,medium,False,2023-09-13,1081,old
U08310,Reddit,Reddit Inc.,Discussion forums and communities,Bulgaria,5.72,low,True,2023-05-26,1191,old
U08311,Threads,Meta,Text-based social networking,Martinique,225.37,high,True,2025-03-14,533,established
U08312,Pinterest,Pinterest Inc.,Visual discovery and bookmarking,Belgium,248.3,high,False,2022-03-29,1614,old
U08313,Instagram,Meta,Photo and video sharing,Indonesia,94.75,medium,False,2023-02-14,1292,old
U08314,Threads,Meta,Text-based social networking,Togo,138.33,medium,True,2024-03-06,906,old
U08315,LinkedIn,Microsoft,Professional networking,Suriname,26.24,low,False,2016-01-03,3891,old
U08316,Telegram,Telegram FZ LLC,Messaging,Christmas Island,93.6,medium,True,2019-01-06,2792,old
U08317,Telegram,Telegram FZ LLC,Messaging,Guinea,227.59,high,False,2018-04-29,3044,old
U08318,X (formerly Twitter),X Corp.,Microblogging,Western Sahara,138.56,medium,False,2025-04-05,511,established
U08319,Pinterest,Pinterest Inc.,Visual discovery and bookmarking,Benin,89.44,medium,False,2016-09-27,3623,old
U08320,Instagram,Meta,Photo and video sharing,Suriname,63.99,medium,True,2017-09-18,3267,old
U08321,Instagram,Meta,Photo and video sharing,Saint Barthelemy,18.88,low,False,2024-12-31,606,established
U08322,Reddit,Reddit Inc.,Discussion forums and communities,Norway,210.38,high,False,2016-10-17,3603,old
U08323,Facebook,Meta,Social networking,Costa Rica,172.27,medium,False,2026-06-07,83,new
U08324,Snapchat,Snap Inc.,Multimedia messaging,Sweden,287.9,high,True,2018-12-16,2813,old
U08325,YouTube,Google,Video sharing,Jamaica,144.85,medium,False,2018-10-21,2869,old
U08326,Quora,Quora Inc.,Q&A knowledge sharing,Angola,153.81,medium,True,2026-08-11,18,very_new
U08327,Snapchat,Snap Inc.,Multimedia messaging,Guyana,99.67,medium,True,2024-05-16,835,old
U08328,Pinterest,Pinterest Inc.,Visual discovery and bookmarking,Saudi Arabia,17.4,low,True,2022-12-11,1357,old
U08329,Pinterest,Pinterest Inc.,Visual discovery and bookmarking,Cuba,178.89,medium,False,2016-10-07,3613,old
U08330,Snapchat,Snap Inc.,Multimedia messaging,Sudan,122.22,medium,True,2024-03-17,895,old
U08331,Threads,Meta,Text-based social networking,Lithuania,150.32,medium,True,2020-01-10,2423,old
U08332,X (formerly Twitter),X Corp.,Microblogging,Gabon,87.63,medium,True,2018-07-05,2977,old
U08333,WeChat,Tencent,Messaging and social media,Bangladesh,121.05,medium,True,2024-03-08,904,old
U08334,Quora,Quora Inc.,Q&A knowledge sharing,Guinea-Bissau,164.75,medium,False,2020-10-08,2151,old
U08335,Threads,Meta,Text-based social networking,Congo,141.31,medium,True,2026-04-16,135,new
U08336,Telegram,Telegram FZ LLC,Messaging,Korea,23.76,low,False,2018-01-03,3160,old
U08337,Snapchat,Snap Inc.,Multimedia messaging,Eritrea,7.03,low,True,2021-01-17,2050,old
U08338,Quora,Quora Inc.,Q&A knowledge sharing,South Georgia and the South Sandwich Islands,63.22,medium,True,2023-05-07,1210,old
U08339,Instagram,Meta,Photo and video sharing,Azerbaijan,157.08,medium,False,2017-01-16,3512,old
U08340,X (formerly Twitter),X Corp.,Microblogging,Uzbekistan,57.05,low,True,2019-03-19,2720,old
U08341,X (formerly Twitter),X Corp.,Microblogging,Lebanon,161.77,medium,True,2016-07-08,3704,old
U08342,Quora,Quora Inc.,Q&A knowledge sharing,United Arab Emirates,224.31,high,False,2015-06-16,4092,old
U08343,Snapchat,Snap Inc.,Multimedia messaging,Solomon Islands,202.78,high,True,2017-07-12,3335,old
U08344,Instagram,Meta,Photo and video sharing,Libyan Arab Jamahiriya,262.04,high,True,2017-08-05,3311,old
U08345,TikTok,ByteDance,Short-form videos,San Marino,78.39,medium,False,2024-10-18,680,established
U08346,Threads,Meta,Text-based social networking,Indonesia,245.36,high,True,2016-04-24,3779,old
U08347,WeChat,Tencent,Messaging and social media,Kyrgyz Republic,108.47,medium,False,2024-04-07,874,old
U08348,WeChat,Tencent,Messaging and social media,Gibraltar,88.86,medium,False,2015-08-29,4018,old
U08349,Snapchat,Snap Inc.,Multimedia messaging,Thailand,248.3,high,False,2021-04-09,1968,old
U08350,WeChat,Tencent,Messaging and social media,Costa Rica,80.45,medium,False,2023-08-11,1114,old
U08351,Instagram,Meta,Photo and video sharing,Christmas Island,77.18,medium,False,2017-07-14,3333,old
U08352,X (formerly Twitter),X Corp.,Microblogging,French Southern Territories,253.64,high,False,2021-12-29,1704,old
U08353,Quora,Quora Inc.,Q&A knowledge sharing,Montserrat,27.58,low,False,2015-05-05,4134,old
U08354,Threads,Meta,Text-based social networking,Cook Islands,120.78,medium,True,2020-02-01,2401,old
U08355,Pinterest,Pinterest Inc.,Visual discovery and bookmarking,Algeria,33.16,low,False,2022-04-02,1610,old
U08356,Snapchat,Snap Inc.,Multimedia messaging,Saint Pierre and Miquelon,263.88,high,False,2019-06-11,2636,old
U08357,TikTok,ByteDance,Short-form videos,United States Virgin Islands,151.06,medium,False,2018-10-12,2878,old
U08358,TikTok,ByteDance,Short-form videos,United States Virgin Islands,278.85,high,False,2026-08-10,19,very_new
U08359,Pinterest,Pinterest Inc.,Visual discovery and bookmarking,Rwanda,256.21,high,True,2021-04-28,1949,old
U08360,X (formerly Twitter),X Corp.,Microblogging,Namibia,133.31,medium,True,2015-05-28,4111,old
U08361,X (formerly Twitter),X Corp.,Microblogging,French Southern Territories,8.7,low,True,2020-07-07,2244,old
U08362,YouTube,Google,Video sharing,Albania,179.32,medium,False,2015-07-21,4057,old
U08363,WhatsApp,Meta,Messaging,Ethiopia,182.3,high,True,2016-01-27,3867,old
U08364,Threads,Meta,Text-based social networking,Dominican Republic,97.64,medium,False,2026-04-25,126,new
U08365,WeChat,Tencent,Messaging and social media,Jamaica,82.0,medium,False,2024-05-12,839,old
U08366,Facebook,Meta,Social networking,Antigua and Barbuda,53.79,low,False,2026-08-09,20,very_new
U08367,Snapchat,Snap Inc.,Multimedia messaging,Taiwan,9.27,low,False,2018-04-27,3046,old
U08368,Snapchat,Snap Inc.,Multimedia messaging,Saint Helena,227.46,high,False,2020-01-22,2411,old
U08369,Instagram,Meta,Photo and video sharing,Marshall Islands,219.99,high,False,2026-08-04,25,very_new
U08370,Quora,Quora Inc.,Q&A knowledge sharing,Brazil,238.77,high,False,2024-12-13,624,established
U08371,Instagram,Meta,Photo and video sharing,Swaziland,245.01,high,False,2020-07-08,2243,old
U08372,Threads,Meta,Text-based social networking,Mongolia,80.99,medium,False,2026-08-16,13,very_new
U08373,Threads,Meta,Text-based social networking,Oman,128.15,medium,False,2017-11-27,3197,old
U08374,YouTube,Google,Video sharing,Eritrea,48.86,low,False,2024-11-17,650,established
U08375,Telegram,Telegram FZ LLC,Messaging,Cook Islands,233.62,high,True,2016-10-04,3616,old
U08376,Threads,Meta,Text-based social networking,Bangladesh,227.11,high,False,2026-03-30,152,new
U08377,Instagram,Meta,Photo and video sharing,Nauru,120.37,medium,True,2018-10-05,2885,old
U08378,Facebook,Meta,Social networking,Cambodia,162.94,medium,True,2024-05-11,840,old
U08379,X (formerly Twitter),X Corp.,Microblogging,Germany,18.89,low,False,2018-06-08,3004,old
U08380,TikTok,ByteDance,Short-form videos,French Guiana,66.08,medium,True,2026-07-05,55,new
U08381,Facebook,Meta,Social networking,Mexico,203.11,high,False,2017-10-26,3229,old
U08382,Snapchat,Snap Inc.,Multimedia messaging,United States Minor Outlying Islands,70.81,medium,False,2025-03-04,543,established
U08383,Pinterest,Pinterest Inc.,Visual discovery and bookmarking,Bangladesh,173.99,medium,False,2020-07-22,2229,old
U08384,Reddit,Reddit Inc.,Discussion forums and communities,Bolivia,181.0,high,True,2022-10-22,1407,old
U08385,WeChat,Tencent,Messaging and social media,Dominica,293.17,high,True,2018-03-28,3076,old
U08386,LinkedIn,Microsoft,Professional networking,Costa Rica,180.67,high,True,2020-06-18,2263,old
U08387,Quora,Quora Inc.,Q&A knowledge sharing,Egypt,61.45,medium,True,2016-04-10,3793,old
U08388,WeChat,Tencent,Messaging and social media,Timor-Leste,8.82,low,False,2017-01-10,3518,old
U08389,YouTube,Google,Video sharing,Slovakia (Slovak Republic),79.03,medium,True,2023-10-05,1059,old
U08390,YouTube,Google,Video sharing,Lithuania,229.56,high,False,2026-05-02,119,new
U08391,X (formerly Twitter),X Corp.,Microblogging,Montserrat,112.1,medium,True,2023-04-08,1239,old
U08392,Threads,Meta,Text-based social networking,Slovenia,195.96,high,True,2024-09-01,727,established
U08393,WhatsApp,Meta,Messaging,Cote d'Ivoire,267.68,high,False,2018-05-22,3021,old
U08394,WeChat,Tencent,Messaging and social media,Hungary,121.09,medium,False,2019-11-16,2478,old
U08395,TikTok,ByteDance,Short-form videos,Chile,40.36,low,False,2017-02-24,3473,old
U08396,Pinterest,Pinterest Inc.,Visual discovery and bookmarking,Nigeria,282.77,high,True,2020-05-24,2288,old
U08397,Instagram,Meta,Photo and video sharing,Rwanda,134.7,medium,True,2023-08-13,1112,old
U08398,TikTok,ByteDance,Short-form videos,Cote d'Ivoire,126.53,medium,True,2021-10-10,1784,old
U08399,Pinterest,Pinterest Inc.,Visual discovery and bookmarking,Botswana,269.2,high,False,2023-02-16,1290,old
U08400,WhatsApp,Meta,Messaging,French Southern Territories,143.99,medium,False,2023-07-14,1142,old
U08401,Quora,Quora Inc.,Q&A knowledge sharing,Oman,95.97,medium,False,2021-01-07,2060,old
U08402,Quora,Quora Inc.,Q&A knowledge sharing,Tonga,38.47,low,False,2026-08-18,11,very_new
U08403,TikTok,ByteDance,Short-form videos,United Kingdom,292.45,high,False,2021-02-07,2029,old
U08404,LinkedIn,Microsoft,Professional networking,Iran,260.3,high,True,2019-12-28,2436,old
U08405,Reddit,Reddit Inc.,Discussion forums and communities,Gibraltar,132.17,medium,True,2024-05-07,844,old
U08406,WhatsApp,Meta,Messaging,Kiribati,75.99,medium,True,2026-08-12,17,very_new
U08407,X (formerly Twitter),X Corp.,Microblogging,Cook Islands,59.29,low,False,2018-06-28,2984,old
U08408,WhatsApp,Meta,Messaging,Suriname,58.88,low,True,2021-05-05,1942,old
U08409,YouTube,Google,Video sharing,French Southern Territories,59.75,low,True,2018-04-12,3061,old
U08410,Threads,Meta,Text-based social networking,Sudan,221.57,high,False,2023-09-24,1070,old
U08411,Telegram,Telegram FZ LLC,Messaging,France,242.28,high,False,2019-03-11,2728,old
U08412,Quora,Quora Inc.,Q&A knowledge sharing,Iceland,79.55,medium,True,2020-11-18,2110,old
U08413,YouTube,Google,Video sharing,Bahrain,53.98,low,True,2022-07-18,1503,old
U08414,Facebook,Meta,Social networking,Poland,200.81,high,False,2018-12-09,2820,old
U08415,Quora,Quora Inc.,Q&A knowledge sharing,United States of America,184.69,high,False,2024-06-24,796,old
U08416,Reddit,Reddit Inc.,Discussion forums and communities,United States Virgin Islands,182.31,high,True,2022-12-29,1339,old
U08417,YouTube,Google,Video sharing,Mauritius,91.85,medium,False,2022-01-26,1676,old
U08418,Reddit,Reddit Inc.,Discussion forums and communities,Uzbekistan,255.22,high,False,2020-04-20,2322,old
U08419,Pinterest,Pinterest Inc.,Visual discovery and bookmarking,Tunisia,48.32,low,True,2020-02-22,2380,old
U08420,YouTube,Google,Video sharing,Iraq,107.02,medium,True,2018-05-28,3015,old
U08421,TikTok,ByteDance,Short-form videos,Netherlands,196.51,high,True,2021-10-11,1783,old
U08422,X (formerly Twitter),X Corp.,Microblogging,Micronesia,84.7,medium,True,2026-07-29,31,new
U08423,TikTok,ByteDance,Short-form videos,Ecuador,16.79,low,True,2016-09-25,3625,old
U08424,TikTok,ByteDance,Short-form videos,Senegal,295.21,high,True,2021-08-08,1847,old
U08425,LinkedIn,Microsoft,Professional networking,Estonia,165.2,medium,False,2019-05-09,2669,old
U08426,TikTok,ByteDance,Short-form videos,Bosnia and Herzegovina,237.42,high,True,2021-04-08,1969,old
U08427,LinkedIn,Microsoft,Professional networking,Andorra,142.79,medium,False,2026-08-13,16,very_new
U08428,WhatsApp,Meta,Messaging,Guadeloupe,126.84,medium,True,2023-08-29,1096,old
U08429,Instagram,Meta,Photo and video sharing,Burkina Faso,211.27,high,True,2018-04-04,3069,old
U08430,Telegram,Telegram FZ LLC,Messaging,Gambia,167.0,medium,False,2021-12-02,1731,old
U08431,Telegram,Telegram FZ LLC,Messaging,Faroe Islands,200.7,high,True,2021-07-29,1857,old
U08432,YouTube,Google,Video sharing,San Marino,75.16,medium,True,2025-01-04,602,established
U08433,WeChat,Tencent,Messaging and social media,Austria,185.83,high,False,2015-09-14,4002,old
U08434,Quora,Quora Inc.,Q&A knowledge sharing,Pakistan,38.45,low,False,2025-04-17,499,established
U08435,WhatsApp,Meta,Messaging,Croatia,66.73,medium,True,2017-01-24,3504,old
U08436,Instagram,Meta,Photo and video sharing,Austria,297.28,high,False,2026-08-23,6,very_new
U08437,Reddit,Reddit Inc.,Discussion forums and communities,Mayotte,60.18,medium,False,2015-07-30,4048,old
U08438,Telegram,Telegram FZ LLC,Messaging,Cayman Islands,257.04,high,True,2016-07-03,3709,old
U08439,Threads,Meta,Text-based social networking,Serbia,40.38,low,True,2021-03-10,1998,old
U08440,WeChat,Tencent,Messaging and social media,Rwanda,153.36,medium,False,2022-11-27,1371,old
U08441,Threads,Meta,Text-based social networking,Libyan Arab Jamahiriya,186.46,high,True,2026-07-13,47,new
U08442,WhatsApp,Meta,Messaging,Samoa,273.22,high,False,2021-07-20,1866,old
U08443,WeChat,Tencent,Messaging and social media,Spain,95.88,medium,True,2024-05-31,820,old
U08444,Quora,Quora Inc.,Q&A knowledge sharing,Guernsey,13.74,low,True,2026-06-17,73,new
U08445,LinkedIn,Microsoft,Professional networking,Armenia,166.21,medium,False,2026-05-16,105,new
U08446,WeChat,Tencent,Messaging and social media,Macao,55.78,low,False,2020-05-29,2283,old
U08447,WhatsApp,Meta,Messaging,Spain,108.97,medium,False,2026-08-27,2,very_new
U08448,LinkedIn,Microsoft,Professional networking,Kenya,215.68,high,False,2023-10-07,1057,old
U08449,X (formerly Twitter),X Corp.,Microblogging,Burkina Faso,49.41,low,False,2023-10-27,1037,old
U08450,Reddit,Reddit Inc.,Discussion forums and communities,Belarus,275.92,high,False,2018-04-24,3049,old
U08451,Facebook,Meta,Social networking,French Polynesia,197.6,high,False,2015-09-17,3999,old
U08452,LinkedIn,Microsoft,Professional networking,Bouvet Island (Bouvetoya),30.36,low,True,2017-12-21,3173,old
U08453,WeChat,Tencent,Messaging and social media,Suriname,267.04,high,False,2022-07-02,1519,old
U08454,Threads,Meta,Text-based social networking,Maldives,202.07,high,True,2026-04-28,123,new
U08455,LinkedIn,Microsoft,Professional networking,Zambia,282.55,high,True,2024-01-02,970,old
U08456,Instagram,Meta,Photo and video sharing,Belarus,40.11,low,True,2017-10-23,3232,old
U08457,Snapchat,Snap Inc.,Multimedia messaging,Malawi,25.34,low,True,2018-06-04,3008,old
U08458,LinkedIn,Microsoft,Professional networking,Nauru,88.84,medium,True,2018-06-05,3007,old
U08459,YouTube,Google,Video sharing,Austria,28.97,low,False,2023-12-30,973,old
U08460,Instagram,Meta,Photo and video sharing,Spain,134.32,medium,False,2026-08-24,5,very_new
U08461,Quora,Quora Inc.,Q&A knowledge sharing,Libyan Arab Jamahiriya,67.14,medium,False,2026-03-08,174,new
U08462,TikTok,ByteDance,Short-form videos,Maldives,279.55,high,False,2016-05-11,3762,old
U08463,Quora,Quora Inc.,Q&A knowledge sharing,Saint Pierre and Miquelon,215.01,high,True,2022-07-02,1519,old
U08464,Facebook,Meta,Social networking,Romania,275.83,high,False,2022-02-12,1659,old
U08465,Reddit,Reddit Inc.,Discussion forums and communities,Mongolia,148.89,medium,False,2016-02-08,3855,old
U08466,Pinterest,Pinterest Inc.,Visual discovery and bookmarking,Djibouti,276.16,high,True,2020-12-29,2069,old
U08467,WhatsApp,Meta,Messaging,Tanzania,108.86,medium,False,2025-01-02,604,established
U08468,Telegram,Telegram FZ LLC,Messaging,Benin,61.67,medium,False,2015-06-28,4080,old
U08469,LinkedIn,Microsoft,Professional networking,Gambia,291.33,high,True,2019-09-17,2538,old
U08470,Reddit,Reddit Inc.,Discussion forums and communities,Guinea,194.38,high,True,2017-09-08,3277,old
U08471,WhatsApp,Meta,Messaging,Saint Martin,282.15,high,True,2022-07-28,1493,old
U08472,Facebook,Meta,Social networking,Algeria,49.58,low,False,2021-05-20,1927,old
U08473,Snapchat,Snap Inc.,Multimedia messaging,Equatorial Guinea,256.93,high,False,2023-04-12,1235,old
U08474,Snapchat,Snap Inc.,Multimedia messaging,Solomon Islands,62.38,medium,True,2026-08-09,20,very_new
U08475,TikTok,ByteDance,Short-form videos,Malawi,56.39,low,True,2026-03-11,171,new
U08476,Instagram,Meta,Photo and video sharing,Wallis and Futuna,101.17,medium,True,2026-07-07,53,new
U08477,Facebook,Meta,Social networking,Lebanon,227.74,high,False,2016-03-24,3810,old
U08478,TikTok,ByteDance,Short-form videos,Belize,265.38,high,False,2024-04-23,858,old
U08479,Threads,Meta,Text-based social networking,Anguilla,147.29,medium,False,2022-02-02,1669,old
U08480,X (formerly Twitter),X Corp.,Microblogging,Pakistan,287.85,high,False,2021-09-21,1803,old
U08481,WhatsApp,Meta,Messaging,Japan,223.57,high,True,2020-06-29,2252,old
U08482,LinkedIn,Microsoft,Professional networking,Saint Barthelemy,54.06,low,False,2015-11-11,3944,old
U08483,TikTok,ByteDance,Short-form videos,Sao Tome and Principe,252.9,high,False,2016-06-23,3719,old
U08484,WeChat,Tencent,Messaging and social media,Poland,173.17,medium,False,2019-11-27,2467,old
U08485,TikTok,ByteDance,Short-form videos,Syrian Arab Republic,224.04,high,True,2020-05-26,2286,old
U08486,WhatsApp,Meta,Messaging,Senegal,162.02,medium,True,2017-10-24,3231,old
U08487,Reddit,Reddit Inc.,Discussion forums and communities,Tunisia,65.8,medium,True,2026-04-08,143,new
U08488,Pinterest,Pinterest Inc.,Visual discovery and bookmarking,Seychelles,11.8,low,False,2026-08-06,23,very_new
U08489,WhatsApp,Meta,Messaging,Botswana,27.28,low,False,2022-01-21,1681,old
U08490,YouTube,Google,Video sharing,Cambodia,210.95,high,False,2026-08-25,4,very_new
U08491,X (formerly Twitter),X Corp.,Microblogging,North Macedonia,49.67,low,True,2026-08-28,1,very_new
U08492,Pinterest,Pinterest Inc.,Visual discovery and bookmarking,Saint Barthelemy,91.15,medium,False,2018-06-01,3011,old
U08493,Pinterest,Pinterest Inc.,Visual discovery and bookmarking,North Macedonia,20.53,low,False,2016-02-19,3844,old
U08494,WeChat,Tencent,Messaging and social media,Timor-Leste,215.33,high,True,2025-01-28,578,established
U08495,Telegram,Telegram FZ LLC,Messaging,Spain,294.14,high,True,2024-10-02,696,established
U08496,X (formerly Twitter),X Corp.,Microblogging,Yemen,268.87,high,True,2026-06-13,77,new
U08497,X (formerly Twitter),X Corp.,Microblogging,Andorra,68.0,medium,False,2020-01-16,2417,old
U08498,Quora,Quora Inc.,Q&A knowledge sharing,Uzbekistan,56.29,low,False,2021-01-03,2064,old
U08499,X (formerly Twitter),X Corp.,Microblogging,French Guiana,148.78,medium,True,2026-05-20,101,new
U08500,X (formerly Twitter),X Corp.,Microblogging,Cape Verde,38.18,low,False,2025-03-30,517,established
U08501,Reddit,Reddit Inc.,Discussion forums and communities,Portugal,106.86,medium,False,2026-06-07,83,new
U08502,Instagram,Meta,Photo and video sharing,Guyana,243.09,high,False,2017-02-14,3483,old
U08503,Pinterest,Pinterest Inc.,Visual discovery and bookmarking,Israel,280.14,high,False,2026-08-16,13,very_new
U08504,TikTok,ByteDance,Short-form videos,Paraguay,82.12,medium,True,2023-11-26,1007,old
U08505,Pinterest,Pinterest Inc.,Visual discovery and bookmarking,Rwanda,283.57,high,True,2023-03-13,1265,old
U08506,Snapchat,Snap Inc.,Multimedia messaging,Uganda,169.6,medium,False,2024-05-25,826,old
U08507,Facebook,Meta,Social networking,Syrian Arab Republic,116.78,medium,True,2020-02-16,2386,old
U08508,Quora,Quora Inc.,Q&A knowledge sharing,Mayotte,196.46,high,False,2018-05-01,3042,old
U08509,Pinterest,Pinterest Inc.,Visual discovery and bookmarking,Grenada,297.59,high,True,2018-06-14,2998,old
U08510,X (formerly Twitter),X Corp.,Microblogging,Poland,111.5,medium,False,2024-12-13,624,established
U08511,Facebook,Meta,Social networking,Dominica,272.24,high,True,2018-12-07,2822,old
U08512,Quora,Quora Inc.,Q&A knowledge sharing,Albania,178.02,medium,True,2019-03-11,2728,old
U08513,Pinterest,Pinterest Inc.,Visual discovery and bookmarking,Philippines,197.61,high,False,2016-06-22,3720,old
U08514,Pinterest,Pinterest Inc.,Visual discovery and bookmarking,Zambia,210.63,high,True,2024-07-31,759,old
U08515,Instagram,Meta,Photo and video sharing,Palestinian Territory,140.07,medium,False,2023-03-19,1259,old
U08516,LinkedIn,Microsoft,Professional networking,Saint Pierre and Miquelon,72.56,medium,True,2022-07-24,1497,old
U08517,WhatsApp,Meta,Messaging,India,77.54,medium,False,2026-08-05,24,very_new
U08518,Telegram,Telegram FZ LLC,Messaging,Russian Federation,273.98,high,False,2017-01-22,3506,old
U08519,Pinterest,Pinterest Inc.,Visual discovery and bookmarking,Solomon Islands,28.18,low,False,2018-11-17,2842,old
U08520,Instagram,Meta,Photo and video sharing,Papua New Guinea,206.6,high,False,2021-10-28,1766,old
U08521,Snapchat,Snap Inc.,Multimedia messaging,Rwanda,11.55,low,False,2023-12-08,995,old
U08522,Pinterest,Pinterest Inc.,Visual discovery and bookmarking,Cocos (Keeling) Islands,64.73,medium,False,2017-05-27,3381,old
U08523,Quora,Quora Inc.,Q&A knowledge sharing,Liberia,186.98,high,False,2021-12-04,1729,old
U08524,YouTube,Google,Video sharing,Cook Islands,145.29,medium,True,2018-10-08,2882,old
U08525,YouTube,Google,Video sharing,Kiribati,268.46,high,False,2021-09-21,1803,old
U08526,Quora,Quora Inc.,Q&A knowledge sharing,British Virgin Islands,279.75,high,True,2016-10-22,3598,old
U08527,WhatsApp,Meta,Messaging,Eritrea,206.61,high,False,2026-04-01,150,new
U08528,TikTok,ByteDance,Short-form videos,North Macedonia,116.71,medium,True,2023-04-29,1218,old
U08529,Threads,Meta,Text-based social networking,Korea,70.72,medium,True,2023-03-18,1260,old
U08530,Snapchat,Snap Inc.,Multimedia messaging,Nauru,254.78,high,True,2021-02-20,2016,old
U08531,Pinterest,Pinterest Inc.,Visual discovery and bookmarking,Hungary,157.71,medium,True,2017-01-13,3515,old
U08532,LinkedIn,Microsoft,Professional networking,Holy See (Vatican City State),41.91,low,True,2019-06-17,2630,old
U08533,TikTok,ByteDance,Short-form videos,Saudi Arabia,204.4,high,False,2024-02-17,924,old
U08534,Quora,Quora Inc.,Q&A knowledge sharing,Qatar,181.17,high,True,2026-07-29,31,new
U08535,WhatsApp,Meta,Messaging,Chad,181.45,high,True,2021-10-03,1791,old
U08536,X (formerly Twitter),X Corp.,Microblogging,Bulgaria,280.09,high,False,2015-05-28,4111,old
U08537,Telegram,Telegram FZ LLC,Messaging,Iceland,239.47,high,False,2017-06-01,3376,old
U08538,WhatsApp,Meta,Messaging,Papua New Guinea,174.14,medium,False,2018-07-13,2969,old
U08539,YouTube,Google,Video sharing,Uzbekistan,236.1,high,True,2020-09-11,2178,old
U08540,Telegram,Telegram FZ LLC,Messaging,Bouvet Island (Bouvetoya),35.46,low,True,2026-04-23,128,new
U08541,X (formerly Twitter),X Corp.,Microblogging,Finland,7.45,low,False,2019-06-26,2621,old
U08542,LinkedIn,Microsoft,Professional networking,Zambia,110.7,medium,False,2024-09-26,702,established
U08543,WeChat,Tencent,Messaging and social media,Australia,138.26,medium,False,2015-12-18,3907,old
U08544,Facebook,Meta,Social networking,New Caledonia,253.65,high,True,2024-07-05,785,old
U08545,X (formerly Twitter),X Corp.,Microblogging,Kenya,256.45,high,True,2025-03-01,546,established
U08546,Telegram,Telegram FZ LLC,Messaging,Saint Vincent and the Grenadines,75.96,medium,False,2016-02-15,3848,old
U08547,Threads,Meta,Text-based social networking,Tonga,85.54,medium,False,2015-11-02,3953,old
U08548,WhatsApp,Meta,Messaging,Turkmenistan,27.01,low,False,2017-09-21,3264,old
U08549,Telegram,Telegram FZ LLC,Messaging,Niger,67.59,medium,False,2019-04-13,2695,old
U08550,Facebook,Meta,Social networking,Nigeria,248.13,high,False,2026-04-17,134,new
U08551,TikTok,ByteDance,Short-form videos,Latvia,142.23,medium,False,2016-02-10,3853,old
U08552,Quora,Quora Inc.,Q&A knowledge sharing,Kazakhstan,225.58,high,True,2021-04-13,1964,old
U08553,LinkedIn,Microsoft,Professional networking,Canada,85.26,medium,True,2015-11-28,3927,old
U08554,Pinterest,Pinterest Inc.,Visual discovery and bookmarking,Malta,46.06,low,False,2023-01-08,1329,old
U08555,YouTube,Google,Video sharing,French Guiana,187.68,high,True,2015-05-09,4130,old
U08556,WhatsApp,Meta,Messaging,Russian Federation,235.79,high,True,2015-10-26,3960,old
U08557,WeChat,Tencent,Messaging and social media,Congo,80.48,medium,False,2024-05-03,848,old
U08558,WhatsApp,Meta,Messaging,Falkland Islands (Malvinas),142.48,medium,True,2022-02-18,1653,old
U08559,Instagram,Meta,Photo and video sharing,Comoros,249.35,high,False,2026-06-01,89,new
U08560,LinkedIn,Microsoft,Professional networking,Colombia,50.42,low,True,2026-07-03,57,new
U08561,TikTok,ByteDance,Short-form videos,Finland,198.28,high,False,2021-11-12,1751,old
U08562,LinkedIn,Microsoft,Professional networking,Bouvet Island (Bouvetoya),83.43,medium,False,2021-05-22,1925,old
U08563,Snapchat,Snap Inc.,Multimedia messaging,India,272.45,high,False,2022-03-19,1624,old
U08564,Quora,Quora Inc.,Q&A knowledge sharing,Finland,291.95,high,False,2017-01-24,3504,old
U08565,Facebook,Meta,Social networking,San Marino,252.75,high,False,2015-12-19,3906,old
U08566,Quora,Quora Inc.,Q&A knowledge sharing,United States Virgin Islands,31.67,low,True,2024-04-14,867,old
U08567,X (formerly Twitter),X Corp.,Microblogging,Lebanon,67.59,medium,False,2026-08-07,22,very_new
U08568,YouTube,Google,Video sharing,Nigeria,112.19,medium,True,2022-04-14,1598,old
U08569,YouTube,Google,Video sharing,Macao,56.39,low,False,2019-12-03,2461,old
U08570,Quora,Quora Inc.,Q&A knowledge sharing,Bermuda,297.89,high,False,2017-01-03,3525,old
U08571,TikTok,ByteDance,Short-form videos,Guernsey,64.58,medium,False,2025-01-19,587,established
U08572,Snapchat,Snap Inc.,Multimedia messaging,Cape Verde,14.93,low,True,2026-08-13,16,very_new
U08573,Snapchat,Snap Inc.,Multimedia messaging,Finland,18.09,low,False,2020-02-26,2376,old
U08574,WhatsApp,Meta,Messaging,Guinea,260.78,high,True,2015-12-15,3910,old
U08575,WhatsApp,Meta,Messaging,Gibraltar,60.96,medium,False,2016-10-11,3609,old
U08576,WeChat,Tencent,Messaging and social media,Western Sahara,240.26,high,True,2021-04-26,1951,old
U08577,Telegram,Telegram FZ LLC,Messaging,Singapore,205.78,high,True,2019-09-01,2554,old
U08578,TikTok,ByteDance,Short-form videos,United States of America,168.46,medium,True,2019-06-19,2628,old
U08579,WeChat,Tencent,Messaging and social media,Angola,52.84,low,False,2023-01-21,1316,old
U08580,WeChat,Tencent,Messaging and social media,Solomon Islands,242.85,high,True,2021-10-09,1785,old
U08581,YouTube,Google,Video sharing,Samoa,296.05,high,False,2016-06-06,3736,old
U08582,Quora,Quora Inc.,Q&A knowledge sharing,Slovakia (Slovak Republic),184.73,high,True,2025-02-10,565,established
U08583,Quora,Quora Inc.,Q&A knowledge sharing,Pitcairn Islands,172.37,medium,False,2018-06-05,3007,old
U08584,Instagram,Meta,Photo and video sharing,Tokelau,65.35,medium,True,2024-11-22,645,established
U08585,Threads,Meta,Text-based social networking,Reunion,46.56,low,False,2018-09-24,2896,old
U08586,Reddit,Reddit Inc.,Discussion forums and communities,South Georgia and the South Sandwich Islands,96.58,medium,True,2016-10-01,3619,old
U08587,X (formerly Twitter),X Corp.,Microblogging,British Indian Ocean Territory (Chagos Archipelago),12.35,low,False,2017-07-06,3341,old
U08588,Threads,Meta,Text-based social networking,Solomon Islands,168.91,medium,False,2019-02-19,2748,old
U08589,Threads,Meta,Text-based social networking,Netherlands,90.28,medium,False,2019-05-02,2676,old
U08590,Reddit,Reddit Inc.,Discussion forums and communities,Mexico,78.16,medium,True,2026-08-03,26,very_new
U08591,Instagram,Meta,Photo and video sharing,Congo,169.62,medium,False,2017-03-28,3441,old
U08592,Threads,Meta,Text-based social networking,Nepal,43.58,low,True,2017-09-20,3265,old
U08593,Threads,Meta,Text-based social networking,Kyrgyz Republic,43.31,low,True,2022-03-27,1616,old
U08594,X (formerly Twitter),X Corp.,Microblogging,Cook Islands,74.16,medium,False,2023-07-29,1127,old
U08595,Telegram,Telegram FZ LLC,Messaging,Qatar,147.24,medium,False,2020-07-05,2246,old
U08596,Instagram,Meta,Photo and video sharing,United Arab Emirates,122.14,medium,False,2022-01-02,1700,old
U08597,Threads,Meta,Text-based social networking,Micronesia,249.6,high,False,2026-08-08,21,very_new
U08598,Quora,Quora Inc.,Q&A knowledge sharing,Dominica,13.31,low,False,2021-04-27,1950,old
U08599,WeChat,Tencent,Messaging and social media,Cambodia,95.84,medium,True,2026-08-26,3,very_new
U08600,Telegram,Telegram FZ LLC,Messaging,Lebanon,280.61,high,False,2024-05-11,840,old
U08601,Threads,Meta,Text-based social networking,Paraguay,132.31,medium,False,2023-08-02,1123,old
U08602,Facebook,Meta,Social networking,Australia,296.24,high,False,2018-11-19,2840,old
U08603,TikTok,ByteDance,Short-form videos,Holy See (Vatican City State),299.87,high,True,2023-07-16,1140,old
U08604,Instagram,Meta,Photo and video sharing,Jamaica,206.69,high,False,2024-07-29,761,old
U08605,Facebook,Meta,Social networking,Congo,69.82,medium,True,2016-10-08,3612,old
U08606,WhatsApp,Meta,Messaging,Kazakhstan,248.87,high,True,2020-04-01,2341,old
U08607,LinkedIn,Microsoft,Professional networking,Iran,228.58,high,True,2023-08-03,1122,old
U08608,WeChat,Tencent,Messaging and social media,Palestinian Territory,33.95,low,True,2025-02-24,551,established
U08609,Snapchat,Snap Inc.,Multimedia messaging,Iraq,220.72,high,False,2022-10-04,1425,old
U08610,X (formerly Twitter),X Corp.,Microblogging,Congo,209.74,high,False,2026-06-01,89,new
U08611,Telegram,Telegram FZ LLC,Messaging,Palau,110.82,medium,True,2020-04-16,2326,old
U08612,Threads,Meta,Text-based social networking,Nigeria,195.29,high,False,2016-02-02,3861,old
U08613,TikTok,ByteDance,Short-form videos,Cape Verde,155.94,medium,False,2021-04-03,1974,old
U08614,LinkedIn,Microsoft,Professional networking,Honduras,35.45,low,True,2026-05-21,100,new
U08615,Facebook,Meta,Social networking,Mauritania,275.73,high,False,2016-04-19,3784,old
U08616,Instagram,Meta,Photo and video sharing,Cyprus,60.08,medium,True,2026-06-23,67,new
U08617,TikTok,ByteDance,Short-form videos,Saint Helena,92.73,medium,False,2015-12-31,3894,old
U08618,Facebook,Meta,Social networking,Namibia,150.19,medium,True,2018-06-25,2987,old
U08619,TikTok,ByteDance,Short-form videos,Australia,43.2,low,False,2020-02-26,2376,old
U08620,WeChat,Tencent,Messaging and social media,Turkmenistan,247.14,high,True,2020-11-01,2127,old
U08621,WhatsApp,Meta,Messaging,Morocco,20.01,low,False,2016-10-13,3607,old
U08622,Telegram,Telegram FZ LLC,Messaging,Kenya,192.72,high,False,2022-01-14,1688,old
U08623,Quora,Quora Inc.,Q&A knowledge sharing,Sweden,120.87,medium,False,2017-11-11,3213,old
U08624,Pinterest,Pinterest Inc.,Visual discovery and bookmarking,San Marino,230.24,high,False,2021-10-05,1789,old
U08625,Threads,Meta,Text-based social networking,Niue,134.64,medium,True,2023-05-10,1207,old
U08626,Reddit,Reddit Inc.,Discussion forums and communities,Venezuela,149.71,medium,True,2019-04-27,2681,old
U08627,LinkedIn,Microsoft,Professional networking,Dominica,36.98,low,False,2024-06-27,793,old
U08628,WhatsApp,Meta,Messaging,Turks and Caicos Islands,255.97,high,False,2026-08-24,5,very_new
U08629,Threads,Meta,Text-based social networking,Saudi Arabia,263.2,high,True,2019-07-10,2607,old
U08630,Reddit,Reddit Inc.,Discussion forums and communities,Western Sahara,287.47,high,False,2026-04-20,131,new
U08631,YouTube,Google,Video sharing,Turks and Caicos Islands,178.71,medium,False,2019-05-10,2668,old
U08632,Quora,Quora Inc.,Q&A knowledge sharing,Suriname,108.57,medium,True,2016-12-23,3536,old
U08633,WeChat,Tencent,Messaging and social media,Puerto Rico,160.99,medium,True,2024-01-21,951,old
U08634,Facebook,Meta,Social networking,Eritrea,176.12,medium,True,2026-08-16,13,very_new
U08635,YouTube,Google,Video sharing,Lesotho,112.12,medium,False,2020-06-15,2266,old
U08636,Instagram,Meta,Photo and video sharing,Sierra Leone,15.33,low,False,2026-08-12,17,very_new
U08637,TikTok,ByteDance,Short-form videos,San Marino,154.46,medium,False,2022-12-20,1348,old
U08638,Facebook,Meta,Social networking,Liberia,286.34,high,True,2019-04-24,2684,old
U08639,TikTok,ByteDance,Short-form videos,American Samoa,178.77,medium,True,2020-05-23,2289,old
U08640,WhatsApp,Meta,Messaging,Uzbekistan,57.75,low,False,2022-06-22,1529,old
U08641,Instagram,Meta,Photo and video sharing,Costa Rica,155.53,medium,True,2026-04-23,128,new
U08642,TikTok,ByteDance,Short-form videos,Marshall Islands,211.75,high,False,2019-05-14,2664,old
U08643,YouTube,Google,Video sharing,Uganda,114.36,medium,True,2020-10-01,2158,old
U08644,Threads,Meta,Text-based social networking,Reunion,256.59,high,True,2026-07-31,29,very_new
U08645,Threads,Meta,Text-based social networking,Grenada,268.25,high,True,2026-08-21,8,very_new
U08646,X (formerly Twitter),X Corp.,Microblogging,Belize,295.15,high,False,2018-03-23,3081,old
U08647,X (formerly Twitter),X Corp.,Microblogging,China,5.69,low,False,2020-05-20,2292,old
U08648,WhatsApp,Meta,Messaging,Brunei Darussalam,78.69,medium,False,2026-08-09,20,very_new
U08649,Snapchat,Snap Inc.,Multimedia messaging,South Georgia and the South Sandwich Islands,230.63,high,False,2026-06-30,60,new
U08650,Threads,Meta,Text-based social networking,Sao Tome and Principe,262.87,high,True,2023-02-19,1287,old
U08651,Threads,Meta,Text-based social networking,Costa Rica,252.76,high,True,2019-02-24,2743,old
U08652,WeChat,Tencent,Messaging and social media,Niger,17.16,low,True,2024-02-21,920,old
U08653,LinkedIn,Microsoft,Professional networking,Grenada,125.77,medium,False,2026-04-06,145,new
U08654,Threads,Meta,Text-based social networking,Indonesia,247.21,high,False,2019-10-27,2498,old
U08655,Pinterest,Pinterest Inc.,Visual discovery and bookmarking,Saint Vincent and the Grenadines,119.51,medium,True,2024-09-26,702,established
U08656,YouTube,Google,Video sharing,Turks and Caicos Islands,149.75,medium,False,2026-04-26,125,new
U08657,Instagram,Meta,Photo and video sharing,Fiji,293.06,high,True,2015-11-17,3938,old
U08658,Reddit,Reddit Inc.,Discussion forums and communities,Switzerland,212.31,high,False,2016-06-10,3732,old
U08659,YouTube,Google,Video sharing,Guinea,47.33,low,True,2019-10-04,2521,old
U08660,Instagram,Meta,Photo and video sharing,Anguilla,68.87,medium,False,2017-11-25,3199,old
U08661,TikTok,ByteDance,Short-form videos,Oman,239.2,high,False,2024-02-01,940,old
U08662,Snapchat,Snap Inc.,Multimedia messaging,Japan,142.82,medium,False,2024-08-18,741,old
U08663,Facebook,Meta,Social networking,Tonga,59.14,low,False,2016-04-06,3797,old
U08664,Reddit,Reddit Inc.,Discussion forums and communities,Cayman Islands,221.61,high,True,2018-05-20,3023,old
U08665,Pinterest,Pinterest Inc.,Visual discovery and bookmarking,Trinidad and Tobago,192.84,high,True,2024-08-02,757,old
U08666,Snapchat,Snap Inc.,Multimedia messaging,Holy See (Vatican City State),73.81,medium,True,2018-03-14,3090,old
U08667,Telegram,Telegram FZ LLC,Messaging,Albania,174.6,medium,True,2018-05-05,3038,old
U08668,YouTube,Google,Video sharing,Uzbekistan,42.98,low,False,2018-12-30,2799,old
U08669,Facebook,Meta,Social networking,Maldives,239.38,high,True,2020-12-08,2090,old
U08670,YouTube,Google,Video sharing,Gambia,97.17,medium,True,2016-12-05,3554,old
U08671,TikTok,ByteDance,Short-form videos,Russian Federation,38.74,low,True,2022-04-14,1598,old
U08672,Pinterest,Pinterest Inc.,Visual discovery and bookmarking,Monaco,107.32,medium,True,2020-09-20,2169,old
U08673,LinkedIn,Microsoft,Professional networking,Netherlands Antilles,266.97,high,True,2018-05-29,3014,old
U08674,Pinterest,Pinterest Inc.,Visual discovery and bookmarking,Israel,133.44,medium,False,2019-07-11,2606,old
U08675,Quora,Quora Inc.,Q&A knowledge sharing,Bouvet Island (Bouvetoya),56.66,low,False,2016-06-18,3724,old
U08676,Quora,Quora Inc.,Q&A knowledge sharing,Iceland,272.32,high,False,2019-03-20,2719,old
U08677,Instagram,Meta,Photo and video sharing,Malta,78.2,medium,False,2024-06-22,798,old
U08678,Reddit,Reddit Inc.,Discussion forums and communities,Guinea,219.25,high,False,2026-08-03,26,very_new
U08679,Snapchat,Snap Inc.,Multimedia messaging,Bolivia,106.61,medium,True,2021-12-01,1732,old
U08680,Threads,Meta,Text-based social networking,Bahrain,170.0,medium,False,2016-10-22,3598,old
U08681,Snapchat,Snap Inc.,Multimedia messaging,Canada,16.24,low,True,2021-12-19,1714,old
U08682,Facebook,Meta,Social networking,Ghana,134.33,medium,False,2022-03-24,1619,old
U08683,Snapchat,Snap Inc.,Multimedia messaging,Sierra Leone,269.21,high,False,2023-04-15,1232,old
U08684,Instagram,Meta,Photo and video sharing,Bermuda,12.49,low,True,2016-11-27,3562,old
U08685,WhatsApp,Meta,Messaging,Syrian Arab Republic,207.52,high,True,2022-07-17,1504,old
U08686,Quora,Quora Inc.,Q&A knowledge sharing,Hungary,66.79,medium,True,2021-04-23,1954,old
U08687,Facebook,Meta,Social networking,Honduras,187.26,high,False,2019-05-01,2677,old
U08688,Reddit,Reddit Inc.,Discussion forums and communities,Cambodia,41.27,low,False,2021-07-28,1858,old
U08689,Reddit,Reddit Inc.,Discussion forums and communities,Mali,120.7,medium,True,2019-08-31,2555,old
U08690,Pinterest,Pinterest Inc.,Visual discovery and bookmarking,Wallis and Futuna,202.49,high,True,2016-09-11,3639,old
U08691,Instagram,Meta,Photo and video sharing,Mozambique,174.51,medium,False,2016-11-20,3569,old
U08692,WeChat,Tencent,Messaging and social media,Central African Republic,258.2,high,False,2015-08-03,4044,old
U08693,Instagram,Meta,Photo and video sharing,Uganda,87.29,medium,True,2019-02-02,2765,old
U08694,Quora,Quora Inc.,Q&A knowledge sharing,Western Sahara,256.1,high,True,2023-03-13,1265,old
U08695,LinkedIn,Microsoft,Professional networking,British Indian Ocean Territory (Chagos Archipelago),146.81,medium,False,2015-06-06,4102,old
U08696,Reddit,Reddit Inc.,Discussion forums and communities,Cameroon,211.38,high,True,2023-06-05,1181,old
U08697,Quora,Quora Inc.,Q&A knowledge sharing,Faroe Islands,255.19,high,False,2015-12-11,3914,old
U08698,Reddit,Reddit Inc.,Discussion forums and communities,Tonga,283.18,high,True,2022-10-06,1423,old
U08699,Reddit,Reddit Inc.,Discussion forums and communities,Niue,156.54,medium,False,2026-08-14,15,very_new
U08700,WhatsApp,Meta,Messaging,Tokelau,27.28,low,True,2023-11-11,1022,old
U08701,WeChat,Tencent,Messaging and social media,Tunisia,80.1,medium,False,2017-06-10,3367,old
U08702,Quora,Quora Inc.,Q&A knowledge sharing,New Caledonia,13.28,low,False,2020-04-08,2334,old
U08703,WeChat,Tencent,Messaging and social media,Liberia,20.22,low,False,2017-01-18,3510,old
U08704,Pinterest,Pinterest Inc.,Visual discovery and bookmarking,Venezuela,71.23,medium,False,2026-08-28,1,very_new
U08705,WeChat,Tencent,Messaging and social media,El Salvador,192.29,high,False,2021-12-19,1714,old
U08706,Facebook,Meta,Social networking,Lebanon,74.79,medium,False,2016-05-17,3756,old
U08707,TikTok,ByteDance,Short-form videos,Guernsey,116.85,medium,True,2020-07-12,2239,old
U08708,Instagram,Meta,Photo and video sharing,Namibia,63.01,medium,True,2019-11-18,2476,old
U08709,Quora,Quora Inc.,Q&A knowledge sharing,Hungary,262.48,high,False,2022-06-22,1529,old
U08710,WeChat,Tencent,Messaging and social media,Azerbaijan,25.71,low,False,2023-04-15,1232,old
U08711,Threads,Meta,Text-based social networking,Turks and Caicos Islands,188.39,high,False,2018-05-04,3039,old
U08712,Instagram,Meta,Photo and video sharing,Latvia,96.23,medium,False,2018-08-20,2931,old
U08713,LinkedIn,Microsoft,Professional networking,Saudi Arabia,146.42,medium,False,2026-08-10,19,very_new
U08714,LinkedIn,Microsoft,Professional networking,Jersey,193.86,high,True,2017-02-07,3490,old
U08715,Pinterest,Pinterest Inc.,Visual discovery and bookmarking,Peru,269.56,high,False,2024-05-09,842,old
U08716,Reddit,Reddit Inc.,Discussion forums and communities,Mexico,138.79,medium,False,2016-11-24,3565,old
U08717,WhatsApp,Meta,Messaging,Palau,185.57,high,False,2017-07-30,3317,old
U08718,WeChat,Tencent,Messaging and social media,Switzerland,41.16,low,True,2015-08-06,4041,old
U08719,Telegram,Telegram FZ LLC,Messaging,Bahrain,259.63,high,True,2018-11-11,2848,old
U08720,Quora,Quora Inc.,Q&A knowledge sharing,Georgia,133.57,medium,True,2024-07-28,762,old
U08721,Reddit,Reddit Inc.,Discussion forums and communities,Namibia,95.38,medium,True,2023-08-14,1111,old
U08722,Quora,Quora Inc.,Q&A knowledge sharing,Croatia,195.83,high,True,2026-08-19,10,very_new
U08723,YouTube,Google,Video sharing,Nicaragua,141.15,medium,True,2026-08-04,25,very_new
U08724,X (formerly Twitter),X Corp.,Microblogging,Uzbekistan,249.78,high,False,2026-08-09,20,very_new
U08725,Threads,Meta,Text-based social networking,Trinidad and Tobago,255.09,high,True,2017-06-05,3372,old
U08726,WeChat,Tencent,Messaging and social media,Hong Kong,129.71,medium,True,2018-02-19,3113,old
U08727,YouTube,Google,Video sharing,Fiji,235.4,high,False,2020-08-01,2219,old
U08728,Facebook,Meta,Social networking,Hungary,20.91,low,False,2026-08-26,3,very_new
U08729,WhatsApp,Meta,Messaging,Kuwait,122.64,medium,True,2019-09-21,2534,old
U08730,WeChat,Tencent,Messaging and social media,Iceland,22.07,low,True,2019-08-25,2561,old
U08731,Pinterest,Pinterest Inc.,Visual discovery and bookmarking,Egypt,95.06,medium,False,2019-10-30,2495,old
U08732,Facebook,Meta,Social networking,Portugal,295.02,high,False,2016-03-29,3805,old
U08733,LinkedIn,Microsoft,Professional networking,Kenya,256.01,high,True,2016-03-23,3811,old
U08734,Threads,Meta,Text-based social networking,Latvia,28.35,low,True,2023-12-30,973,old
U08735,Telegram,Telegram FZ LLC,Messaging,Brazil,77.19,medium,False,2019-12-17,2447,old
U08736,X (formerly Twitter),X Corp.,Microblogging,Swaziland,273.51,high,False,2019-04-09,2699,old
U08737,Instagram,Meta,Photo and video sharing,Netherlands Antilles,277.77,high,True,2019-06-27,2620,old
U08738,Pinterest,Pinterest Inc.,Visual discovery and bookmarking,Jordan,199.95,high,True,2019-09-19,2536,old
U08739,Reddit,Reddit Inc.,Discussion forums and communities,Papua New Guinea,229.09,high,False,2018-09-21,2899,old
U08740,Snapchat,Snap Inc.,Multimedia messaging,South Africa,257.48,high,True,2023-10-11,1053,old
U08741,Instagram,Meta,Photo and video sharing,United Arab Emirates,61.36,medium,True,2026-05-17,104,new
U08742,Pinterest,Pinterest Inc.,Visual discovery and bookmarking,Peru,252.37,high,True,2020-03-21,2352,old
U08743,WhatsApp,Meta,Messaging,Algeria,96.09,medium,True,2019-10-24,2501,old
U08744,LinkedIn,Microsoft,Professional networking,Syrian Arab Republic,45.03,low,True,2018-01-04,3159,old
U08745,LinkedIn,Microsoft,Professional networking,Kazakhstan,18.21,low,False,2024-11-27,640,established
U08746,WeChat,Tencent,Messaging and social media,Morocco,262.93,high,True,2016-08-05,3676,old
U08747,Threads,Meta,Text-based social networking,Vietnam,50.75,low,True,2017-10-18,3237,old
U08748,Telegram,Telegram FZ LLC,Messaging,Switzerland,87.17,medium,False,2022-09-18,1441,old
U08749,WhatsApp,Meta,Messaging,Qatar,77.35,medium,True,2024-06-13,807,old
U08750,TikTok,ByteDance,Short-form videos,Slovenia,173.64,medium,True,2017-08-26,3290,old
U08751,Telegram,Telegram FZ LLC,Messaging,Saudi Arabia,5.14,low,False,2021-07-19,1867,old
U08752,TikTok,ByteDance,Short-form videos,Chad,171.27,medium,True,2022-07-04,1517,old
U08753,Threads,Meta,Text-based social networking,Bulgaria,116.44,medium,True,2019-09-15,2540,old
U08754,Quora,Quora Inc.,Q&A knowledge sharing,Brunei Darussalam,238.89,high,False,2023-10-31,1033,old
U08755,TikTok,ByteDance,Short-form videos,Finland,74.17,medium,False,2015-07-23,4055,old
U08756,WeChat,Tencent,Messaging and social media,Latvia,272.65,high,False,2019-06-28,2619,old
U08757,Telegram,Telegram FZ LLC,Messaging,Gibraltar,183.82,high,False,2017-04-28,3410,old
U08758,Reddit,Reddit Inc.,Discussion forums and communities,Saint Vincent and the Grenadines,278.65,high,False,2026-07-09,51,new
U08759,X (formerly Twitter),X Corp.,Microblogging,Uruguay,231.27,high,False,2017-10-02,3253,old
U08760,Facebook,Meta,Social networking,Congo,118.78,medium,False,2021-07-15,1871,old
U08761,WhatsApp,Meta,Messaging,Iceland,60.02,medium,False,2022-01-02,1700,old
U08762,Threads,Meta,Text-based social networking,Romania,218.06,high,True,2026-08-10,19,very_new
U08763,Facebook,Meta,Social networking,French Southern Territories,89.79,medium,False,2019-11-13,2481,old
U08764,WeChat,Tencent,Messaging and social media,Philippines,187.61,high,False,2024-05-07,844,old
U08765,Pinterest,Pinterest Inc.,Visual discovery and bookmarking,Swaziland,113.94,medium,True,2022-04-21,1591,old
U08766,LinkedIn,Microsoft,Professional networking,United Kingdom,130.36,medium,True,2022-09-05,1454,old
U08767,Telegram,Telegram FZ LLC,Messaging,Trinidad and Tobago,165.48,medium,False,2016-01-16,3878,old
U08768,Reddit,Reddit Inc.,Discussion forums and communities,Bahrain,39.62,low,True,2024-12-07,630,established
U08769,Pinterest,Pinterest Inc.,Visual discovery and bookmarking,Kuwait,240.08,high,False,2026-07-02,58,new
U08770,X (formerly Twitter),X Corp.,Microblogging,Ireland,174.72,medium,True,2026-05-22,99,new
U08771,X (formerly Twitter),X Corp.,Microblogging,Peru,50.41,low,False,2016-02-23,3840,old
U08772,Pinterest,Pinterest Inc.,Visual discovery and bookmarking,Moldova,42.16,low,False,2026-08-10,19,very_new
U08773,X (formerly Twitter),X Corp.,Microblogging,Russian Federation,80.38,medium,False,2026-04-08,143,new
U08774,YouTube,Google,Video sharing,Peru,216.14,high,False,2024-05-30,821,old
U08775,TikTok,ByteDance,Short-form videos,Martinique,194.27,high,True,2020-03-21,2352,old
U08776,WeChat,Tencent,Messaging and social media,Namibia,9.23,low,True,2022-10-30,1399,old
U08777,TikTok,ByteDance,Short-form videos,New Caledonia,91.85,medium,True,2021-10-22,1772,old
U08778,WhatsApp,Meta,Messaging,Tokelau,176.31,medium,False,2019-12-19,2445,old
U08779,TikTok,ByteDance,Short-form videos,United States of America,57.21,low,False,2018-03-16,3088,old
U08780,WeChat,Tencent,Messaging and social media,Benin,227.95,high,False,2023-10-25,1039,old
U08781,LinkedIn,Microsoft,Professional networking,Jamaica,167.61,medium,True,2022-12-11,1357,old
U08782,Instagram,Meta,Photo and video sharing,Trinidad and Tobago,196.6,high,True,2021-10-19,1775,old
U08783,Quora,Quora Inc.,Q&A knowledge sharing,Greenland,70.36,medium,False,2026-08-27,2,very_new
U08784,Facebook,Meta,Social networking,Cape Verde,79.39,medium,False,2020-04-14,2328,old
U08785,TikTok,ByteDance,Short-form videos,Libyan Arab Jamahiriya,222.22,high,True,2024-03-29,883,old
U08786,Telegram,Telegram FZ LLC,Messaging,Northern Mariana Islands,41.46,low,True,2020-01-23,2410,old
U08787,Reddit,Reddit Inc.,Discussion forums and communities,Sudan,286.07,high,True,2018-09-08,2912,old
U08788,WhatsApp,Meta,Messaging,Tanzania,193.06,high,True,2024-07-19,771,old
U08789,Telegram,Telegram FZ LLC,Messaging,United Kingdom,84.6,medium,True,2026-08-17,12,very_new
U08790,Quora,Quora Inc.,Q&A knowledge sharing,Rwanda,75.65,medium,False,2023-07-19,1137,old
U08791,X (formerly Twitter),X Corp.,Microblogging,Ireland,230.03,high,True,2016-10-20,3600,old
U08792,Threads,Meta,Text-based social networking,Macao,276.39,high,False,2018-04-23,3050,old
U08793,Snapchat,Snap Inc.,Multimedia messaging,Mozambique,29.92,low,True,2024-03-05,907,old
U08794,TikTok,ByteDance,Short-form videos,Swaziland,118.24,medium,True,2017-03-20,3449,old
U08795,Reddit,Reddit Inc.,Discussion forums and communities,Cook Islands,161.22,medium,True,2016-05-19,3754,old
U08796,YouTube,Google,Video sharing,Heard Island and McDonald Islands,196.54,high,True,2016-08-28,3653,old
U08797,LinkedIn,Microsoft,Professional networking,Germany,229.95,high,False,2022-01-13,1689,old
U08798,WhatsApp,Meta,Messaging,Barbados,147.38,medium,True,2016-06-11,3731,old
U08799,Telegram,Telegram FZ LLC,Messaging,Anguilla,242.54,high,False,2022-11-15,1383,old
U08800,Reddit,Reddit Inc.,Discussion forums and communities,Korea,175.44,medium,True,2020-08-21,2199,old
U08801,WeChat,Tencent,Messaging and social media,Heard Island and McDonald Islands,196.34,high,True,2016-09-11,3639,old
U08802,Facebook,Meta,Social networking,Guernsey,108.67,medium,False,2026-08-12,17,very_new
U08803,Instagram,Meta,Photo and video sharing,Bhutan,200.66,high,False,2020-09-15,2174,old
U08804,Pinterest,Pinterest Inc.,Visual discovery and bookmarking,Montenegro,291.33,high,False,2022-11-19,1379,old
U08805,X (formerly Twitter),X Corp.,Microblogging,Japan,42.28,low,True,2017-12-16,3178,old
U08806,Instagram,Meta,Photo and video sharing,Madagascar,189.51,high,False,2024-11-05,662,established
U08807,Quora,Quora Inc.,Q&A knowledge sharing,Tunisia,109.1,medium,False,2025-04-01,515,established
U08808,Threads,Meta,Text-based social networking,Costa Rica,156.29,medium,False,2024-05-24,827,old
U08809,X (formerly Twitter),X Corp.,Microblogging,Heard Island and McDonald Islands,11.14,low,True,2022-09-05,1454,old
U08810,Instagram,Meta,Photo and video sharing,Angola,272.84,high,False,2018-05-19,3024,old
U08811,WhatsApp,Meta,Messaging,Libyan Arab Jamahiriya,112.94,medium,False,2023-09-06,1088,old
U08812,Pinterest,Pinterest Inc.,Visual discovery and bookmarking,Algeria,208.25,high,False,2021-11-12,1751,old
U08813,Reddit,Reddit Inc.,Discussion forums and communities,Argentina,108.98,medium,True,2025-02-24,551,established
U08814,WeChat,Tencent,Messaging and social media,Faroe Islands,138.18,medium,True,2026-03-14,168,new
U08815,Threads,Meta,Text-based social networking,Macao,97.14,medium,False,2023-11-22,1011,old
U08816,YouTube,Google,Video sharing,Norfolk Island,30.31,low,False,2018-04-26,3047,old
U08817,Quora,Quora Inc.,Q&A knowledge sharing,Tunisia,67.43,medium,True,2024-02-05,936,old
U08818,Pinterest,Pinterest Inc.,Visual discovery and bookmarking,Ireland,59.63,low,True,2016-02-09,3854,old
U08819,Threads,Meta,Text-based social networking,Bouvet Island (Bouvetoya),81.81,medium,True,2026-03-03,179,new
U08820,YouTube,Google,Video sharing,Micronesia,39.5,low,False,2026-08-20,9,very_new
U08821,Facebook,Meta,Social networking,El Salvador,10.09,low,False,2017-02-26,3471,old
U08822,TikTok,ByteDance,Short-form videos,Guinea-Bissau,278.12,high,False,2018-03-12,3092,old
U08823,Facebook,Meta,Social networking,Aruba,149.04,medium,True,2015-10-06,3980,old
U08824,Threads,Meta,Text-based social networking,Ecuador,268.16,high,False,2020-09-06,2183,old
U08825,YouTube,Google,Video sharing,Tonga,68.95,medium,False,2022-12-07,1361,old
U08826,Snapchat,Snap Inc.,Multimedia messaging,Bhutan,198.58,high,True,2018-12-10,2819,old
U08827,Facebook,Meta,Social networking,Tuvalu,57.23,low,False,2023-12-21,982,old
U08828,Quora,Quora Inc.,Q&A knowledge sharing,Peru,290.83,high,True,2016-08-13,3668,old
U08829,LinkedIn,Microsoft,Professional networking,Guernsey,140.19,medium,True,2021-03-21,1987,old
U08830,Facebook,Meta,Social networking,Burundi,285.63,high,False,2021-10-19,1775,old
U08831,Facebook,Meta,Social networking,Anguilla,13.01,low,True,2021-10-06,1788,old
U08832,Threads,Meta,Text-based social networking,Lebanon,32.44,low,False,2026-08-28,1,very_new
U08833,Snapchat,Snap Inc.,Multimedia messaging,Paraguay,258.16,high,False,2022-10-09,1420,old
U08834,Snapchat,Snap Inc.,Multimedia messaging,Tokelau,242.88,high,True,2016-07-08,3704,old
U08835,Reddit,Reddit Inc.,Discussion forums and communities,Ukraine,181.77,high,True,2022-04-04,1608,old
U08836,Pinterest,Pinterest Inc.,Visual discovery and bookmarking,Yemen,276.62,high,True,2016-12-08,3551,old
U08837,Instagram,Meta,Photo and video sharing,Cape Verde,183.03,high,True,2024-12-23,614,established
U08838,Snapchat,Snap Inc.,Multimedia messaging,Latvia,51.01,low,True,2017-06-06,3371,old
U08839,WhatsApp,Meta,Messaging,Chile,146.25,medium,True,2024-10-16,682,established
U08840,TikTok,ByteDance,Short-form videos,Lithuania,6.18,low,True,2020-03-03,2370,old
U08841,Threads,Meta,Text-based social networking,Cook Islands,128.48,medium,False,2022-05-04,1578,old
U08842,YouTube,Google,Video sharing,India,35.34,low,True,2023-01-08,1329,old
U08843,LinkedIn,Microsoft,Professional networking,Slovenia,260.76,high,True,2021-01-07,2060,old
U08844,Threads,Meta,Text-based social networking,Cocos (Keeling) Islands,197.54,high,False,2021-12-04,1729,old
U08845,Quora,Quora Inc.,Q&A knowledge sharing,South Africa,83.91,medium,False,2022-05-22,1560,old
U08846,X (formerly Twitter),X Corp.,Microblogging,Comoros,126.4,medium,True,2020-06-10,2271,old
U08847,Snapchat,Snap Inc.,Multimedia messaging,Paraguay,73.01,medium,False,2024-10-23,675,established
U08848,WeChat,Tencent,Messaging and social media,Taiwan,118.01,medium,True,2022-07-19,1502,old
U08849,Threads,Meta,Text-based social networking,Japan,255.89,high,True,2019-12-30,2434,old
U08850,Threads,Meta,Text-based social networking,Netherlands Antilles,170.08,medium,False,2026-06-23,67,new
U08851,Facebook,Meta,Social networking,Tunisia,97.2,medium,False,2023-06-20,1166,old
U08852,WhatsApp,Meta,Messaging,Myanmar,298.13,high,True,2023-10-08,1056,old
U08853,X (formerly Twitter),X Corp.,Microblogging,Taiwan,285.62,high,True,2016-01-07,3887,old
U08854,Reddit,Reddit Inc.,Discussion forums and communities,Kyrgyz Republic,221.69,high,False,2015-05-04,4135,old
U08855,Pinterest,Pinterest Inc.,Visual discovery and bookmarking,Cote d'Ivoire,101.55,medium,False,2019-08-03,2583,old
U08856,X (formerly Twitter),X Corp.,Microblogging,Comoros,55.91,low,True,2021-01-09,2058,old
U08857,LinkedIn,Microsoft,Professional networking,Estonia,156.77,medium,False,2016-12-25,3534,old
U08858,Telegram,Telegram FZ LLC,Messaging,Dominican Republic,203.6,high,False,2019-01-18,2780,old
U08859,Telegram,Telegram FZ LLC,Messaging,Belize,198.71,high,True,2020-12-02,2096,old
U08860,WeChat,Tencent,Messaging and social media,Tajikistan,251.86,high,True,2019-11-04,2490,old
U08861,TikTok,ByteDance,Short-form videos,Vanuatu,178.64,medium,True,2022-07-03,1518,old
U08862,Telegram,Telegram FZ LLC,Messaging,Malaysia,106.66,medium,True,2021-12-10,1723,old
U08863,YouTube,Google,Video sharing,Belgium,130.42,medium,True,2020-04-22,2320,old
U08864,X (formerly Twitter),X Corp.,Microblogging,Georgia,60.19,medium,True,2020-08-31,2189,old
U08865,Threads,Meta,Text-based social networking,Slovenia,278.23,high,True,2015-11-20,3935,old
U08866,TikTok,ByteDance,Short-form videos,Qatar,154.74,medium,False,2015-10-21,3965,old
U08867,YouTube,Google,Video sharing,Montserrat,219.58,high,True,2015-08-30,4017,old
U08868,YouTube,Google,Video sharing,Togo,93.47,medium,True,2017-05-19,3389,old
U08869,LinkedIn,Microsoft,Professional networking,Slovakia (Slovak Republic),282.18,high,False,2026-05-11,110,new
U08870,Snapchat,Snap Inc.,Multimedia messaging,Kuwait,34.62,low,False,2023-04-11,1236,old
U08871,Instagram,Meta,Photo and video sharing,Iceland,225.22,high,False,2024-09-18,710,established
U08872,WeChat,Tencent,Messaging and social media,Monaco,187.57,high,False,2026-07-09,51,new
U08873,Facebook,Meta,Social networking,Lebanon,248.58,high,True,2019-02-12,2755,old
U08874,WhatsApp,Meta,Messaging,Senegal,253.14,high,True,2023-09-19,1075,old
U08875,Facebook,Meta,Social networking,Vietnam,278.76,high,True,2018-09-17,2903,old
U08876,Snapchat,Snap Inc.,Multimedia messaging,Georgia,105.29,medium,False,2021-09-08,1816,old
U08877,Threads,Meta,Text-based social networking,Zimbabwe,276.73,high,True,2021-08-31,1824,old
U08878,WeChat,Tencent,Messaging and social media,Ecuador,260.14,high,True,2026-08-16,13,very_new
U08879,WeChat,Tencent,Messaging and social media,French Guiana,94.9,medium,True,2023-06-19,1167,old
U08880,Telegram,Telegram FZ LLC,Messaging,Bahrain,192.96,high,True,2016-09-08,3642,old
U08881,Reddit,Reddit Inc.,Discussion forums and communities,Falkland Islands (Malvinas),98.54,medium,True,2022-09-11,1448,old
U08882,Instagram,Meta,Photo and video sharing,Congo,225.46,high,True,2018-10-19,2871,old
U08883,Facebook,Meta,Social networking,Slovenia,87.57,medium,False,2017-08-21,3295,old
U08884,WhatsApp,Meta,Messaging,Iraq,207.25,high,True,2021-10-20,1774,old
U08885,Pinterest,Pinterest Inc.,Visual discovery and bookmarking,Ireland,53.23,low,True,2026-08-23,6,very_new
U08886,Instagram,Meta,Photo and video sharing,New Zealand,171.04,medium,False,2019-09-30,2525,old
U08887,Quora,Quora Inc.,Q&A knowledge sharing,Czech Republic,291.8,high,True,2022-04-12,1600,old
U08888,TikTok,ByteDance,Short-form videos,Zimbabwe,140.5,medium,True,2018-11-05,2854,old
U08889,WeChat,Tencent,Messaging and social media,Honduras,20.98,low,False,2021-12-31,1702,old
U08890,WhatsApp,Meta,Messaging,Libyan Arab Jamahiriya,188.9,high,True,2016-06-18,3724,old
U08891,YouTube,Google,Video sharing,French Southern Territories,66.39,medium,True,2025-01-28,578,established
U08892,TikTok,ByteDance,Short-form videos,Venezuela,16.45,low,False,2016-12-31,3528,old
U08893,Snapchat,Snap Inc.,Multimedia messaging,Gabon,124.34,medium,True,2026-07-10,50,new
U08894,WeChat,Tencent,Messaging and social media,Colombia,262.91,high,True,2020-07-17,2234,old
U08895,Threads,Meta,Text-based social networking,United States Minor Outlying Islands,211.12,high,True,2017-01-23,3505,old
U08896,Quora,Quora Inc.,Q&A knowledge sharing,Mauritius,88.02,medium,True,2021-05-07,1940,old
U08897,Quora,Quora Inc.,Q&A knowledge sharing,British Virgin Islands,50.19,low,True,2023-10-05,1059,old
U08898,WhatsApp,Meta,Messaging,Chile,258.36,high,True,2015-09-12,4004,old
U08899,WeChat,Tencent,Messaging and social media,Maldives,87.43,medium,True,2017-09-17,3268,old
U08900,Pinterest,Pinterest Inc.,Visual discovery and bookmarking,Mozambique,181.53,high,True,2018-11-10,2849,old
U08901,WeChat,Tencent,Messaging and social media,Peru,144.07,medium,False,2018-12-31,2798,old
U08902,WeChat,Tencent,Messaging and social media,Yemen,298.0,high,False,2021-01-16,2051,old
U08903,YouTube,Google,Video sharing,Serbia,245.54,high,True,2015-08-31,4016,old
U08904,Telegram,Telegram FZ LLC,Messaging,Portugal,266.48,high,False,2021-01-06,2061,old
U08905,Quora,Quora Inc.,Q&A knowledge sharing,Pakistan,188.87,high,True,2024-06-09,811,old
U08906,X (formerly Twitter),X Corp.,Microblogging,Chad,206.32,high,True,2026-03-07,175,new
U08907,Reddit,Reddit Inc.,Discussion forums and communities,French Polynesia,90.12,medium,True,2023-11-15,1018,old
U08908,YouTube,Google,Video sharing,British Indian Ocean Territory (Chagos Archipelago),269.15,high,False,2026-08-11,18,very_new
U08909,WhatsApp,Meta,Messaging,Saint Helena,231.0,high,True,2021-02-08,2028,old
U08910,X (formerly Twitter),X Corp.,Microblogging,Romania,155.03,medium,True,2021-09-21,1803,old
U08911,Facebook,Meta,Social networking,Pakistan,154.17,medium,False,2024-12-13,624,established
U08912,LinkedIn,Microsoft,Professional networking,Cocos (Keeling) Islands,252.41,high,True,2026-05-18,103,new
U08913,Threads,Meta,Text-based social networking,Turkey,155.11,medium,True,2017-10-28,3227,old
U08914,Quora,Quora Inc.,Q&A knowledge sharing,Czech Republic,297.8,high,True,2015-12-18,3907,old
U08915,Reddit,Reddit Inc.,Discussion forums and communities,Bangladesh,159.86,medium,False,2018-08-14,2937,old
U08916,X (formerly Twitter),X Corp.,Microblogging,Niue,100.62,medium,True,2022-09-30,1429,old
U08917,Snapchat,Snap Inc.,Multimedia messaging,Marshall Islands,196.51,high,False,2017-09-14,3271,old
U08918,Reddit,Reddit Inc.,Discussion forums and communities,Haiti,297.27,high,True,2021-10-21,1773,old
U08919,Telegram,Telegram FZ LLC,Messaging,San Marino,114.66,medium,True,2021-07-06,1880,old
U08920,Quora,Quora Inc.,Q&A knowledge sharing,Comoros,101.61,medium,False,2025-03-06,541,established
U08921,X (formerly Twitter),X Corp.,Microblogging,Christmas Island,240.79,high,False,2018-05-03,3040,old
U08922,WeChat,Tencent,Messaging and social media,Russian Federation,192.03,high,False,2015-10-07,3979,old
U08923,Pinterest,Pinterest Inc.,Visual discovery and bookmarking,San Marino,120.93,medium,True,2023-02-27,1279,old
U08924,WhatsApp,Meta,Messaging,Egypt,128.91,medium,True,2021-10-14,1780,old
U08925,Snapchat,Snap Inc.,Multimedia messaging,Luxembourg,99.45,medium,False,2017-06-28,3349,old
U08926,Reddit,Reddit Inc.,Discussion forums and communities,Solomon Islands,65.5,medium,True,2026-08-21,8,very_new
U08927,Snapchat,Snap Inc.,Multimedia messaging,Lithuania,112.24,medium,True,2024-08-11,748,old
U08928,X (formerly Twitter),X Corp.,Microblogging,Togo,102.45,medium,False,2025-04-09,507,established
U08929,X (formerly Twitter),X Corp.,Microblogging,Cameroon,214.41,high,True,2025-01-12,594,established
U08930,Pinterest,Pinterest Inc.,Visual discovery and bookmarking,Monaco,97.91,medium,False,2026-08-11,18,very_new
U08931,WeChat,Tencent,Messaging and social media,Cayman Islands,61.73,medium,False,2020-11-21,2107,old
U08932,TikTok,ByteDance,Short-form videos,Saint Lucia,269.96,high,False,2026-07-31,29,very_new
U08933,Telegram,Telegram FZ LLC,Messaging,Bhutan,44.23,low,True,2018-05-06,3037,old
U08934,WhatsApp,Meta,Messaging,Hong Kong,83.79,medium,True,2026-08-24,5,very_new
U08935,Pinterest,Pinterest Inc.,Visual discovery and bookmarking,Eritrea,108.79,medium,False,2022-08-29,1461,old
U08936,Instagram,Meta,Photo and video sharing,Wallis and Futuna,287.05,high,True,2017-06-29,3348,old
U08937,Telegram,Telegram FZ LLC,Messaging,Germany,151.08,medium,False,2020-04-02,2340,old
U08938,WeChat,Tencent,Messaging and social media,Moldova,256.52,high,False,2015-12-22,3903,old
U08939,X (formerly Twitter),X Corp.,Microblogging,Fiji,139.66,medium,True,2016-11-05,3584,old
U08940,WeChat,Tencent,Messaging and social media,Mali,157.6,medium,False,2024-11-07,660,established
U08941,Telegram,Telegram FZ LLC,Messaging,Taiwan,236.92,high,True,2020-10-16,2143,old
U08942,LinkedIn,Microsoft,Professional networking,Brunei Darussalam,99.15,medium,True,2016-10-07,3613,old
U08943,WeChat,Tencent,Messaging and social media,Dominican Republic,286.55,high,True,2015-06-22,4086,old
U08944,Facebook,Meta,Social networking,Switzerland,58.87,low,True,2023-08-21,1104,old
U08945,Reddit,Reddit Inc.,Discussion forums and communities,Lithuania,188.88,high,True,2021-11-29,1734,old
U08946,LinkedIn,Microsoft,Professional networking,Guinea-Bissau,56.92,low,True,2023-04-16,1231,old
U08947,Quora,Quora Inc.,Q&A knowledge sharing,Rwanda,201.35,high,True,2024-04-05,876,old
U08948,YouTube,Google,Video sharing,Lesotho,111.2,medium,False,2016-06-06,3736,old
U08949,Telegram,Telegram FZ LLC,Messaging,Niger,276.04,high,False,2018-05-25,3018,old
U08950,TikTok,ByteDance,Short-form videos,Tokelau,229.46,high,False,2026-06-05,85,new
U08951,Facebook,Meta,Social networking,Ecuador,187.6,high,False,2016-04-05,3798,old
U08952,Pinterest,Pinterest Inc.,Visual discovery and bookmarking,Equatorial Guinea,229.55,high,True,2020-10-17,2142,old
U08953,X (formerly Twitter),X Corp.,Microblogging,Turks and Caicos Islands,208.68,high,False,2018-11-10,2849,old
U08954,TikTok,ByteDance,Short-form videos,Thailand,236.35,high,True,2020-05-29,2283,old
U08955,Telegram,Telegram FZ LLC,Messaging,Germany,107.94,medium,True,2024-03-11,901,old
U08956,WhatsApp,Meta,Messaging,Argentina,20.14,low,False,2026-07-21,39,new
U08957,Instagram,Meta,Photo and video sharing,Georgia,103.18,medium,False,2017-05-13,3395,old
U08958,Facebook,Meta,Social networking,Cote d'Ivoire,228.57,high,False,2016-05-26,3747,old
U08959,Threads,Meta,Text-based social networking,Norfolk Island,170.32,medium,False,2026-06-05,85,new
U08960,Reddit,Reddit Inc.,Discussion forums and communities,Niue,49.88,low,True,2024-07-18,772,old
U08961,LinkedIn,Microsoft,Professional networking,United States Virgin Islands,248.53,high,True,2020-04-14,2328,old
U08962,Quora,Quora Inc.,Q&A knowledge sharing,Mexico,14.03,low,False,2018-02-09,3123,old
U08963,WhatsApp,Meta,Messaging,Australia,189.1,high,True,2019-06-06,2641,old
U08964,Threads,Meta,Text-based social networking,Turks and Caicos Islands,115.82,medium,False,2026-08-26,3,very_new
U08965,Quora,Quora Inc.,Q&A knowledge sharing,Maldives,164.2,medium,False,2026-05-26,95,new
U08966,Telegram,Telegram FZ LLC,Messaging,Seychelles,213.79,high,False,2016-05-01,3772,old
U08967,Reddit,Reddit Inc.,Discussion forums and communities,Honduras,5.52,low,False,2024-11-03,664,established
U08968,Snapchat,Snap Inc.,Multimedia messaging,Singapore,262.04,high,True,2020-02-16,2386,old
U08969,Snapchat,Snap Inc.,Multimedia messaging,Norfolk Island,276.78,high,False,2022-05-19,1563,old
U08970,WeChat,Tencent,Messaging and social media,South Africa,232.47,high,False,2016-09-02,3648,old
U08971,Snapchat,Snap Inc.,Multimedia messaging,Thailand,110.9,medium,False,2017-08-27,3289,old
U08972,LinkedIn,Microsoft,Professional networking,Liechtenstein,181.4,high,True,2018-12-29,2800,old
U08973,Pinterest,Pinterest Inc.,Visual discovery and bookmarking,Bhutan,175.17,medium,True,2024-11-19,648,established
U08974,Telegram,Telegram FZ LLC,Messaging,Thailand,186.11,high,False,2026-08-25,4,very_new
U08975,WeChat,Tencent,Messaging and social media,United Kingdom,127.04,medium,False,2024-03-26,886,old
U08976,X (formerly Twitter),X Corp.,Microblogging,Belize,75.9,medium,True,2018-09-27,2893,old
U08977,WeChat,Tencent,Messaging and social media,Poland,263.19,high,True,2022-08-11,1479,old
U08978,YouTube,Google,Video sharing,United States of America,195.23,high,False,2019-05-23,2655,old
U08979,Telegram,Telegram FZ LLC,Messaging,Sao Tome and Principe,178.32,medium,False,2018-10-04,2886,old
U08980,Snapchat,Snap Inc.,Multimedia messaging,Morocco,215.72,high,True,2022-12-01,1367,old
U08981,X (formerly Twitter),X Corp.,Microblogging,Guernsey,182.5,high,False,2026-07-04,56,new
U08982,TikTok,ByteDance,Short-form videos,Brunei Darussalam,190.9,high,True,2026-08-02,27,very_new
U08983,Facebook,Meta,Social networking,Latvia,128.85,medium,True,2024-03-10,902,old
U08984,X (formerly Twitter),X Corp.,Microblogging,Rwanda,119.5,medium,False,2018-05-31,3012,old
U08985,Facebook,Meta,Social networking,Pakistan,287.39,high,False,2022-12-05,1363,old
U08986,LinkedIn,Microsoft,Professional networking,Cambodia,247.82,high,True,2022-03-05,1638,old
U08987,YouTube,Google,Video sharing,Paraguay,151.55,medium,True,2016-07-31,3681,old
U08988,WhatsApp,Meta,Messaging,Somalia,15.55,low,False,2018-08-20,2931,old
U08989,Pinterest,Pinterest Inc.,Visual discovery and bookmarking,Djibouti,31.91,low,True,2022-06-02,1549,old
U08990,TikTok,ByteDance,Short-form videos,Zimbabwe,91.55,medium,False,2017-09-04,3281,old
U08991,Facebook,Meta,Social networking,Guadeloupe,106.43,medium,False,2021-07-05,1881,old
U08992,TikTok,ByteDance,Short-form videos,Cuba,93.6,medium,False,2020-02-04,2398,old
U08993,YouTube,Google,Video sharing,Kazakhstan,63.19,medium,True,2025-03-13,534,established
U08994,YouTube,Google,Video sharing,Argentina,188.51,high,True,2020-12-28,2070,old
U08995,Telegram,Telegram FZ LLC,Messaging,Qatar,216.77,high,True,2020-06-03,2278,old
U08996,YouTube,Google,Video sharing,Canada,152.78,medium,False,2020-07-28,2223,old
U08997,Reddit,Reddit Inc.,Discussion forums and communities,Chad,274.49,high,False,2021-02-10,2026,old
U08998,WhatsApp,Meta,Messaging,Martinique,29.95,low,True,2026-04-12,139,new
U08999,TikTok,ByteDance,Short-form videos,Zambia,157.9,medium,False,2017-01-23,3505,old
U09000,Quora,Quora Inc.,Q&A knowledge sharing,Burkina Faso,238.8,high,True,2026-08-28,1,very_new
U09001,YouTube,Google,Video sharing,Israel,167.45,medium,True,2018-12-13,2816,old
U09002,YouTube,Google,Video sharing,Albania,145.31,medium,True,2020-03-04,2369,old
U09003,TikTok,ByteDance,Short-form videos,Netherlands,235.51,high,True,2021-07-12,1874,old
U09004,X (formerly Twitter),X Corp.,Microblogging,Macao,85.76,medium,False,2026-05-27,94,new
U09005,Pinterest,Pinterest Inc.,Visual discovery and bookmarking,Singapore,40.78,low,False,2026-06-07,83,new
U09006,WhatsApp,Meta,Messaging,Ecuador,39.45,low,False,2016-09-22,3628,old
U09007,X (formerly Twitter),X Corp.,Microblogging,Pitcairn Islands,270.8,high,False,2022-03-14,1629,old
U09008,X (formerly Twitter),X Corp.,Microblogging,Iceland,61.13,medium,True,2015-09-16,4000,old
U09009,Facebook,Meta,Social networking,Tunisia,154.65,medium,False,2020-07-01,2250,old
U09010,YouTube,Google,Video sharing,Russian Federation,167.2,medium,True,2023-09-22,1072,old
U09011,Facebook,Meta,Social networking,Pakistan,48.99,low,False,2020-03-01,2372,old
U09012,Instagram,Meta,Photo and video sharing,Svalbard & Jan Mayen Islands,273.61,high,True,2020-09-18,2171,old
U09013,Reddit,Reddit Inc.,Discussion forums and communities,Marshall Islands,17.36,low,True,2022-09-03,1456,old
U09014,YouTube,Google,Video sharing,Mexico,180.12,high,False,2026-05-27,94,new
U09015,Facebook,Meta,Social networking,Luxembourg,70.34,medium,True,2020-09-18,2171,old
U09016,TikTok,ByteDance,Short-form videos,Moldova,16.91,low,False,2023-02-20,1286,old
U09017,X (formerly Twitter),X Corp.,Microblogging,Senegal,295.28,high,False,2023-04-18,1229,old
U09018,TikTok,ByteDance,Short-form videos,Mongolia,211.37,high,True,2016-01-16,3878,old
U09019,Reddit,Reddit Inc.,Discussion forums and communities,Philippines,40.4,low,True,2024-12-23,614,established
U09020,Facebook,Meta,Social networking,Saint Martin,234.74,high,True,2016-03-09,3825,old
U09021,LinkedIn,Microsoft,Professional networking,United States Virgin Islands,266.29,high,False,2021-11-17,1746,old
U09022,Pinterest,Pinterest Inc.,Visual discovery and bookmarking,Turkey,31.45,low,False,2018-05-29,3014,old
U09023,LinkedIn,Microsoft,Professional networking,Mongolia,227.86,high,False,2020-08-16,2204,old
U09024,Instagram,Meta,Photo and video sharing,Swaziland,23.27,low,True,2022-09-13,1446,old
U09025,Snapchat,Snap Inc.,Multimedia messaging,Pitcairn Islands,47.2,low,True,2020-06-04,2277,old
U09026,Instagram,Meta,Photo and video sharing,Reunion,218.52,high,True,2019-07-08,2609,old
U09027,TikTok,ByteDance,Short-form videos,Zimbabwe,193.37,high,False,2021-06-22,1894,old
U09028,Snapchat,Snap Inc.,Multimedia messaging,Niue,228.31,high,False,2017-09-02,3283,old
U09029,Instagram,Meta,Photo and video sharing,Libyan Arab Jamahiriya,10.57,low,True,2020-03-16,2357,old
U09030,Quora,Quora Inc.,Q&A knowledge sharing,Kenya,259.93,high,False,2023-05-15,1202,old
U09031,X (formerly Twitter),X Corp.,Microblogging,Eritrea,182.44,high,False,2021-05-30,1917,old
U09032,Threads,Meta,Text-based social networking,Mayotte,298.74,high,True,2022-08-12,1478,old
U09033,WhatsApp,Meta,Messaging,Hungary,48.17,low,True,2026-03-12,170,new
U09034,Instagram,Meta,Photo and video sharing,Uganda,58.57,low,True,2020-10-25,2134,old
U09035,Telegram,Telegram FZ LLC,Messaging,Tuvalu,92.47,medium,False,2026-05-30,91,new
U09036,TikTok,ByteDance,Short-form videos,Aruba,213.24,high,True,2017-12-23,3171,old
U09037,TikTok,ByteDance,Short-form videos,Kenya,75.97,medium,True,2022-11-10,1388,old
U09038,Facebook,Meta,Social networking,Algeria,164.46,medium,True,2015-09-06,4010,old
U09039,Threads,Meta,Text-based social networking,Eritrea,13.66,low,True,2017-07-25,3322,old
U09040,WhatsApp,Meta,Messaging,Congo,113.07,medium,True,2017-11-10,3214,old
U09041,YouTube,Google,Video sharing,Australia,200.93,high,False,2022-06-04,1547,old
U09042,Snapchat,Snap Inc.,Multimedia messaging,Aruba,52.27,low,True,2026-04-21,130,new
U09043,WeChat,Tencent,Messaging and social media,Greece,29.84,low,True,2015-07-04,4074,old
U09044,Snapchat,Snap Inc.,Multimedia messaging,Honduras,286.04,high,True,2025-01-30,576,established
U09045,Threads,Meta,Text-based social networking,Marshall Islands,41.84,low,True,2024-06-20,800,old
U09046,Snapchat,Snap Inc.,Multimedia messaging,Uruguay,270.9,high,True,2016-04-13,3790,old
U09047,X (formerly Twitter),X Corp.,Microblogging,Nigeria,137.32,medium,False,2019-02-14,2753,old
U09048,Threads,Meta,Text-based social networking,Comoros,280.16,high,True,2024-10-11,687,established
U09049,TikTok,ByteDance,Short-form videos,Denmark,184.6,high,False,2022-10-05,1424,old
U09050,Threads,Meta,Text-based social networking,Costa Rica,114.99,medium,False,2019-09-15,2540,old
U09051,Facebook,Meta,Social networking,Eritrea,104.51,medium,False,2015-10-17,3969,old
U09052,Threads,Meta,Text-based social networking,Eritrea,137.4,medium,True,2018-10-30,2860,old
U09053,Snapchat,Snap Inc.,Multimedia messaging,Netherlands,41.23,low,True,2021-01-26,2041,old
U09054,WeChat,Tencent,Messaging and social media,India,144.62,medium,True,2026-08-14,15,very_new
U09055,Facebook,Meta,Social networking,Cameroon,5.12,low,True,2018-08-15,2936,old
U09056,Telegram,Telegram FZ LLC,Messaging,Brazil,298.77,high,True,2020-01-19,2414,old
U09057,LinkedIn,Microsoft,Professional networking,Malawi,8.83,low,True,2019-06-06,2641,old
U09058,Quora,Quora Inc.,Q&A knowledge sharing,Sierra Leone,153.76,medium,True,2024-03-05,907,old
U09059,Instagram,Meta,Photo and video sharing,Djibouti,168.7,medium,False,2026-07-15,45,new
U09060,Snapchat,Snap Inc.,Multimedia messaging,Palestinian Territory,124.15,medium,False,2018-02-01,3131,old
U09061,Facebook,Meta,Social networking,French Southern Territories,86.85,medium,False,2026-05-22,99,new
U09062,Threads,Meta,Text-based social networking,United States Virgin Islands,64.22,medium,False,2023-03-29,1249,old
U09063,Pinterest,Pinterest Inc.,Visual discovery and bookmarking,Puerto Rico,263.17,high,False,2024-08-26,733,old
U09064,Threads,Meta,Text-based social networking,British Virgin Islands,190.05,high,True,2025-02-16,559,established
U09065,YouTube,Google,Video sharing,Georgia,129.04,medium,False,2024-06-11,809,old
U09066,WhatsApp,Meta,Messaging,Austria,183.37,high,False,2018-08-24,2927,old
U09067,Quora,Quora Inc.,Q&A knowledge sharing,Vietnam,24.55,low,False,2023-12-23,980,old
U09068,Pinterest,Pinterest Inc.,Visual discovery and bookmarking,Austria,228.14,high,False,2020-10-06,2153,old
U09069,Threads,Meta,Text-based social networking,Cayman Islands,247.7,high,False,2021-01-09,2058,old
U09070,Reddit,Reddit Inc.,Discussion forums and communities,Libyan Arab Jamahiriya,109.67,medium,True,2017-06-28,3349,old
U09071,TikTok,ByteDance,Short-form videos,Malta,27.82,low,False,2020-10-09,2150,old
U09072,X (formerly Twitter),X Corp.,Microblogging,Lithuania,143.27,medium,True,2024-12-29,608,established
U09073,Snapchat,Snap Inc.,Multimedia messaging,Greenland,117.33,medium,False,2022-06-03,1548,old
U09074,X (formerly Twitter),X Corp.,Microblogging,Saint Lucia,56.02,low,False,2021-11-21,1742,old
U09075,Threads,Meta,Text-based social networking,Croatia,69.07,medium,False,2021-01-27,2040,old
U09076,YouTube,Google,Video sharing,Lebanon,178.1,medium,True,2022-05-26,1556,old
U09077,Threads,Meta,Text-based social networking,Cyprus,31.36,low,True,2016-06-06,3736,old
U09078,TikTok,ByteDance,Short-form videos,Kenya,59.15,low,False,2017-08-21,3295,old
U09079,Pinterest,Pinterest Inc.,Visual discovery and bookmarking,New Caledonia,154.09,medium,True,2022-12-12,1356,old
U09080,Snapchat,Snap Inc.,Multimedia messaging,Zimbabwe,57.67,low,True,2023-06-23,1163,old
U09081,Threads,Meta,Text-based social networking,Cote d'Ivoire,69.38,medium,True,2021-05-30,1917,old
U09082,Instagram,Meta,Photo and video sharing,Korea,69.39,medium,False,2015-07-25,4053,old
U09083,Snapchat,Snap Inc.,Multimedia messaging,Montenegro,28.17,low,True,2024-07-20,770,old
U09084,Snapchat,Snap Inc.,Multimedia messaging,Nepal,250.41,high,False,2022-01-22,1680,old
U09085,TikTok,ByteDance,Short-form videos,Albania,81.59,medium,False,2020-01-28,2405,old
U09086,Telegram,Telegram FZ LLC,Messaging,Dominica,137.37,medium,False,2024-06-12,808,old
U09087,X (formerly Twitter),X Corp.,Microblogging,Vanuatu,56.76,low,True,2017-01-06,3522,old
U09088,Snapchat,Snap Inc.,Multimedia messaging,Norway,258.19,high,True,2018-11-05,2854,old
U09089,Instagram,Meta,Photo and video sharing,Solomon Islands,244.79,high,False,2020-07-27,2224,old
U09090,LinkedIn,Microsoft,Professional networking,Syrian Arab Republic,68.99,medium,True,2023-12-22,981,old
U09091,Threads,Meta,Text-based social networking,French Polynesia,242.11,high,True,2016-10-06,3614,old
U09092,Reddit,Reddit Inc.,Discussion forums and communities,Belgium,18.57,low,True,2021-07-19,1867,old
U09093,WhatsApp,Meta,Messaging,Turkmenistan,88.79,medium,True,2026-07-16,44,new
U09094,LinkedIn,Microsoft,Professional networking,Lebanon,160.89,medium,False,2026-07-27,33,new
U09095,Instagram,Meta,Photo and video sharing,Finland,34.01,low,False,2015-08-05,4042,old
U09096,Reddit,Reddit Inc.,Discussion forums and communities,Kenya,43.05,low,False,2019-11-06,2488,old
U09097,Telegram,Telegram FZ LLC,Messaging,Ireland,274.2,high,True,2020-05-03,2309,old
U09098,Reddit,Reddit Inc.,Discussion forums and communities,Denmark,65.9,medium,True,2020-02-19,2383,old
U09099,Threads,Meta,Text-based social networking,Somalia,234.04,high,True,2015-06-12,4096,old
U09100,LinkedIn,Microsoft,Professional networking,Bermuda,243.21,high,True,2016-08-17,3664,old
U09101,Telegram,Telegram FZ LLC,Messaging,Nepal,163.62,medium,True,2024-05-28,823,old
U09102,Snapchat,Snap Inc.,Multimedia messaging,Japan,28.66,low,False,2019-12-22,2442,old
U09103,LinkedIn,Microsoft,Professional networking,Uganda,112.53,medium,False,2020-05-12,2300,old
U09104,Facebook,Meta,Social networking,Turkey,299.08,high,True,2026-03-17,165,new
U09105,Snapchat,Snap Inc.,Multimedia messaging,Tuvalu,254.49,high,False,2024-11-13,654,established
U09106,Reddit,Reddit Inc.,Discussion forums and communities,Papua New Guinea,268.34,high,True,2018-08-23,2928,old
U09107,Instagram,Meta,Photo and video sharing,Turkmenistan,19.81,low,False,2023-05-08,1209,old
U09108,Instagram,Meta,Photo and video sharing,Philippines,288.92,high,True,2018-07-07,2975,old
U09109,Pinterest,Pinterest Inc.,Visual discovery and bookmarking,Uruguay,34.44,low,False,2022-08-22,1468,old
U09110,Snapchat,Snap Inc.,Multimedia messaging,Heard Island and McDonald Islands,269.54,high,False,2023-08-30,1095,old
U09111,X (formerly Twitter),X Corp.,Microblogging,Kiribati,157.04,medium,False,2016-01-28,3866,old
U09112,Instagram,Meta,Photo and video sharing,Russian Federation,146.15,medium,True,2023-02-13,1293,old
U09113,Snapchat,Snap Inc.,Multimedia messaging,Luxembourg,135.31,medium,True,2026-04-16,135,new
U09114,Threads,Meta,Text-based social networking,Paraguay,293.71,high,True,2017-07-11,3336,old
U09115,Quora,Quora Inc.,Q&A knowledge sharing,Burkina Faso,244.78,high,True,2015-12-21,3904,old
U09116,Pinterest,Pinterest Inc.,Visual discovery and bookmarking,Sao Tome and Principe,31.01,low,True,2017-09-18,3267,old
U09117,Telegram,Telegram FZ LLC,Messaging,Suriname,217.49,high,False,2016-01-26,3868,old
U09118,Threads,Meta,Text-based social networking,Wallis and Futuna,181.34,high,True,2026-04-27,124,new
U09119,Pinterest,Pinterest Inc.,Visual discovery and bookmarking,Belarus,284.39,high,True,2020-09-19,2170,old
U09120,TikTok,ByteDance,Short-form videos,Brunei Darussalam,30.97,low,True,2024-06-20,800,old
U09121,TikTok,ByteDance,Short-form videos,Cape Verde,246.95,high,True,2018-04-11,3062,old
U09122,Telegram,Telegram FZ LLC,Messaging,Saint Kitts and Nevis,30.02,low,False,2024-05-06,845,old
U09123,WeChat,Tencent,Messaging and social media,Burundi,60.92,medium,False,2018-07-01,2981,old
U09124,TikTok,ByteDance,Short-form videos,Cocos (Keeling) Islands,145.77,medium,False,2022-07-04,1517,old
U09125,LinkedIn,Microsoft,Professional networking,Saint Lucia,45.2,low,True,2021-03-08,2000,old
U09126,TikTok,ByteDance,Short-form videos,Iran,112.38,medium,False,2026-03-24,158,new
U09127,Pinterest,Pinterest Inc.,Visual discovery and bookmarking,Timor-Leste,194.66,high,True,2018-04-28,3045,old
U09128,Pinterest,Pinterest Inc.,Visual discovery and bookmarking,Antigua and Barbuda,6.27,low,False,2026-07-20,40,new
U09129,WeChat,Tencent,Messaging and social media,Argentina,121.78,medium,False,2016-01-01,3893,old
U09130,YouTube,Google,Video sharing,Bahrain,100.24,medium,True,2017-04-29,3409,old
U09131,X (formerly Twitter),X Corp.,Microblogging,Puerto Rico,78.24,medium,True,2026-08-21,8,very_new
U09132,X (formerly Twitter),X Corp.,Microblogging,Morocco,251.09,high,False,2021-11-16,1747,old
U09133,LinkedIn,Microsoft,Professional networking,Cambodia,176.64,medium,True,2017-11-19,3205,old
U09134,TikTok,ByteDance,Short-form videos,Micronesia,57.3,low,False,2022-06-26,1525,old
U09135,Instagram,Meta,Photo and video sharing,Ethiopia,40.58,low,False,2022-05-03,1579,old
U09136,LinkedIn,Microsoft,Professional networking,Sierra Leone,86.62,medium,False,2016-12-23,3536,old
U09137,TikTok,ByteDance,Short-form videos,Bulgaria,161.87,medium,False,2019-04-06,2702,old
U09138,X (formerly Twitter),X Corp.,Microblogging,Tokelau,147.3,medium,False,2017-04-10,3428,old
U09139,Reddit,Reddit Inc.,Discussion forums and communities,Solomon Islands,108.81,medium,True,2018-03-25,3079,old
U09140,Quora,Quora Inc.,Q&A knowledge sharing,Sri Lanka,173.51,medium,True,2016-08-08,3673,old
U09141,Pinterest,Pinterest Inc.,Visual discovery and bookmarking,Dominican Republic,95.98,medium,False,2019-09-14,2541,old
U09142,Threads,Meta,Text-based social networking,Saint Lucia,28.54,low,True,2025-01-27,579,established
U09143,YouTube,Google,Video sharing,Timor-Leste,39.75,low,False,2020-02-15,2387,old
U09144,YouTube,Google,Video sharing,New Caledonia,146.97,medium,True,2022-09-13,1446,old
U09145,LinkedIn,Microsoft,Professional networking,San Marino,281.05,high,True,2015-10-15,3971,old
U09146,Instagram,Meta,Photo and video sharing,Tunisia,18.84,low,False,2019-06-23,2624,old
U09147,Threads,Meta,Text-based social networking,Cote d'Ivoire,20.11,low,True,2016-09-21,3629,old
U09148,YouTube,Google,Video sharing,Nicaragua,149.87,medium,False,2019-10-26,2499,old
U09149,Threads,Meta,Text-based social networking,Djibouti,56.24,low,False,2015-05-15,4124,old
U09150,Threads,Meta,Text-based social networking,Kuwait,148.26,medium,True,2019-06-29,2618,old
U09151,Snapchat,Snap Inc.,Multimedia messaging,Montserrat,103.42,medium,False,2023-07-08,1148,old
U09152,Snapchat,Snap Inc.,Multimedia messaging,Senegal,240.17,high,True,2025-02-06,569,established
U09153,Facebook,Meta,Social networking,Switzerland,25.35,low,True,2016-07-11,3701,old
U09154,WhatsApp,Meta,Messaging,Slovenia,20.06,low,True,2023-07-31,1125,old
U09155,Snapchat,Snap Inc.,Multimedia messaging,Lesotho,147.99,medium,True,2026-07-21,39,new
U09156,Snapchat,Snap Inc.,Multimedia messaging,Montserrat,194.68,high,True,2026-08-18,11,very_new
U09157,LinkedIn,Microsoft,Professional networking,Greenland,119.85,medium,True,2023-11-09,1024,old
U09158,X (formerly Twitter),X Corp.,Microblogging,Belarus,112.27,medium,True,2016-03-14,3820,old
U09159,WeChat,Tencent,Messaging and social media,Guyana,168.68,medium,True,2018-11-28,2831,old
U09160,Quora,Quora Inc.,Q&A knowledge sharing,Nepal,160.97,medium,False,2016-09-05,3645,old
U09161,Threads,Meta,Text-based social networking,Paraguay,164.24,medium,True,2026-08-21,8,very_new
U09162,Pinterest,Pinterest Inc.,Visual discovery and bookmarking,United Kingdom,251.08,high,False,2018-04-28,3045,old
U09163,TikTok,ByteDance,Short-form videos,Equatorial Guinea,217.53,high,False,2024-10-15,683,established
U09164,TikTok,ByteDance,Short-form videos,Turkey,16.34,low,False,2018-04-16,3057,old
U09165,LinkedIn,Microsoft,Professional networking,United Kingdom,9.92,low,True,2021-03-10,1998,old
U09166,Instagram,Meta,Photo and video sharing,Burundi,107.41,medium,False,2020-01-01,2432,old
U09167,Pinterest,Pinterest Inc.,Visual discovery and bookmarking,Saint Kitts and Nevis,272.49,high,False,2026-06-27,63,new
U09168,Quora,Quora Inc.,Q&A knowledge sharing,Aruba,33.77,low,True,2020-10-27,2132,old
U09169,Facebook,Meta,Social networking,Syrian Arab Republic,38.73,low,True,2016-01-06,3888,old
U09170,Quora,Quora Inc.,Q&A knowledge sharing,Bosnia and Herzegovina,202.98,high,False,2026-08-26,3,very_new
U09171,LinkedIn,Microsoft,Professional networking,Ukraine,231.19,high,True,2024-08-30,729,established
U09172,TikTok,ByteDance,Short-form videos,Guam,248.75,high,True,2024-12-27,610,established
U09173,Facebook,Meta,Social networking,Burundi,239.22,high,True,2020-04-05,2337,old
U09174,Quora,Quora Inc.,Q&A knowledge sharing,Kuwait,57.0,low,True,2026-08-16,13,very_new
U09175,Threads,Meta,Text-based social networking,Mexico,154.09,medium,True,2022-09-10,1449,old
U09176,Snapchat,Snap Inc.,Multimedia messaging,Brazil,232.63,high,False,2019-05-31,2647,old
U09177,Pinterest,Pinterest Inc.,Visual discovery and bookmarking,Tajikistan,78.92,medium,True,2020-09-13,2176,old
U09178,LinkedIn,Microsoft,Professional networking,Micronesia,258.9,high,True,2019-11-12,2482,old
U09179,Quora,Quora Inc.,Q&A knowledge sharing,Algeria,30.42,low,False,2018-04-02,3071,old
U09180,Reddit,Reddit Inc.,Discussion forums and communities,Philippines,94.05,medium,True,2022-03-07,1636,old
U09181,Threads,Meta,Text-based social networking,Angola,64.1,medium,False,2017-07-14,3333,old
U09182,Threads,Meta,Text-based social networking,France,124.72,medium,False,2019-08-11,2575,old
U09183,Telegram,Telegram FZ LLC,Messaging,Slovenia,190.69,high,False,2026-07-14,46,new
U09184,YouTube,Google,Video sharing,Ghana,31.25,low,False,2024-08-18,741,old
U09185,WeChat,Tencent,Messaging and social media,Myanmar,17.48,low,True,2020-02-21,2381,old
U09186,Pinterest,Pinterest Inc.,Visual discovery and bookmarking,Jersey,291.78,high,True,2026-08-04,25,very_new
U09187,WhatsApp,Meta,Messaging,Saint Barthelemy,117.54,medium,False,2025-01-09,597,established
U09188,Instagram,Meta,Photo and video sharing,Guinea,250.73,high,True,2026-06-16,74,new
U09189,Pinterest,Pinterest Inc.,Visual discovery and bookmarking,United Arab Emirates,240.68,high,True,2016-07-24,3688,old
U09190,Snapchat,Snap Inc.,Multimedia messaging,Antarctica (the territory South of 60 deg S),145.17,medium,False,2019-04-06,2702,old
U09191,WeChat,Tencent,Messaging and social media,Oman,48.49,low,False,2017-02-23,3474,old
U09192,WhatsApp,Meta,Messaging,Malta,124.61,medium,False,2026-05-10,111,new
U09193,Telegram,Telegram FZ LLC,Messaging,San Marino,197.36,high,False,2022-12-23,1345,old
U09194,Instagram,Meta,Photo and video sharing,Ukraine,6.08,low,True,2019-04-27,2681,old
U09195,Instagram,Meta,Photo and video sharing,Switzerland,205.76,high,False,2021-06-23,1893,old
U09196,Telegram,Telegram FZ LLC,Messaging,Guyana,220.8,high,False,2023-04-03,1244,old
U09197,WhatsApp,Meta,Messaging,United States Minor Outlying Islands,206.84,high,True,2021-07-17,1869,old
U09198,X (formerly Twitter),X Corp.,Microblogging,British Indian Ocean Territory (Chagos Archipelago),115.1,medium,True,2015-08-30,4017,old
U09199,WhatsApp,Meta,Messaging,Namibia,9.86,low,True,2026-07-23,37,new
U09200,Threads,Meta,Text-based social networking,France,91.03,medium,False,2026-03-09,173,new
U09201,TikTok,ByteDance,Short-form videos,Samoa,111.8,medium,True,2017-01-18,3510,old
U09202,YouTube,Google,Video sharing,Albania,132.96,medium,True,2021-07-29,1857,old
U09203,Snapchat,Snap Inc.,Multimedia messaging,Hungary,123.31,medium,True,2019-03-21,2718,old
U09204,YouTube,Google,Video sharing,Azerbaijan,238.33,high,True,2026-07-03,57,new
U09205,Threads,Meta,Text-based social networking,Thailand,52.89,low,False,2021-10-27,1767,old
U09206,Snapchat,Snap Inc.,Multimedia messaging,Ukraine,98.82,medium,False,2026-06-01,89,new
U09207,Pinterest,Pinterest Inc.,Visual discovery and bookmarking,Cayman Islands,145.02,medium,True,2018-07-19,2963,old
U09208,Pinterest,Pinterest Inc.,Visual discovery and bookmarking,Timor-Leste,248.37,high,False,2026-07-29,31,new
U09209,Snapchat,Snap Inc.,Multimedia messaging,Wallis and Futuna,190.69,high,False,2024-10-27,671,established
U09210,YouTube,Google,Video sharing,Greece,150.97,medium,False,2018-04-21,3052,old
U09211,WhatsApp,Meta,Messaging,Uruguay,31.86,low,False,2018-02-21,3111,old
U09212,Threads,Meta,Text-based social networking,Morocco,65.39,medium,False,2022-10-12,1417,old
U09213,Threads,Meta,Text-based social networking,Moldova,118.87,medium,True,2023-08-16,1109,old
U09214,WeChat,Tencent,Messaging and social media,France,171.99,medium,True,2022-06-18,1533,old
U09215,Pinterest,Pinterest Inc.,Visual discovery and bookmarking,Zambia,147.22,medium,True,2021-12-08,1725,old
U09216,Pinterest,Pinterest Inc.,Visual discovery and bookmarking,Falkland Islands (Malvinas),45.7,low,False,2015-08-08,4039,old
U09217,YouTube,Google,Video sharing,Puerto Rico,274.96,high,False,2023-05-25,1192,old
U09218,Threads,Meta,Text-based social networking,Jamaica,273.07,high,False,2021-09-14,1810,old
U09219,TikTok,ByteDance,Short-form videos,Serbia,12.53,low,True,2018-06-12,3000,old
U09220,X (formerly Twitter),X Corp.,Microblogging,Bouvet Island (Bouvetoya),159.14,medium,False,2026-08-12,17,very_new
U09221,Instagram,Meta,Photo and video sharing,Cape Verde,252.57,high,True,2018-04-02,3071,old
U09222,WeChat,Tencent,Messaging and social media,Nauru,115.96,medium,True,2020-07-03,2248,old
U09223,Threads,Meta,Text-based social networking,Tokelau,57.1,low,False,2016-03-17,3817,old
U09224,Reddit,Reddit Inc.,Discussion forums and communities,Ecuador,156.65,medium,True,2019-02-19,2748,old
U09225,Reddit,Reddit Inc.,Discussion forums and communities,French Polynesia,176.49,medium,True,2018-08-25,2926,old
U09226,Facebook,Meta,Social networking,Eritrea,201.82,high,True,2017-05-26,3382,old
U09227,LinkedIn,Microsoft,Professional networking,Tunisia,214.65,high,True,2022-10-24,1405,old
U09228,Threads,Meta,Text-based social networking,Venezuela,133.89,medium,False,2021-04-22,1955,old
U09229,Snapchat,Snap Inc.,Multimedia messaging,Sri Lanka,252.47,high,False,2018-07-20,2962,old
U09230,Reddit,Reddit Inc.,Discussion forums and communities,United States Virgin Islands,283.04,high,False,2023-09-05,1089,old
U09231,Reddit,Reddit Inc.,Discussion forums and communities,Jamaica,119.19,medium,False,2019-07-01,2616,old
U09232,TikTok,ByteDance,Short-form videos,Dominican Republic,174.01,medium,True,2020-11-30,2098,old
U09233,LinkedIn,Microsoft,Professional networking,Austria,26.47,low,False,2019-03-10,2729,old
U09234,Telegram,Telegram FZ LLC,Messaging,Bhutan,62.26,medium,True,2022-02-14,1657,old
U09235,YouTube,Google,Video sharing,Honduras,279.43,high,False,2022-12-01,1367,old
U09236,Facebook,Meta,Social networking,Niue,181.13,high,True,2022-01-05,1697,old
U09237,X (formerly Twitter),X Corp.,Microblogging,Mayotte,276.61,high,True,2024-12-22,615,established
U09238,X (formerly Twitter),X Corp.,Microblogging,China,257.25,high,False,2026-03-30,152,new
U09239,X (formerly Twitter),X Corp.,Microblogging,Israel,133.34,medium,True,2021-06-02,1914,old
U09240,LinkedIn,Microsoft,Professional networking,Burundi,191.11,high,True,2019-03-09,2730,old
U09241,Threads,Meta,Text-based social networking,Comoros,119.11,medium,True,2022-09-19,1440,old
U09242,X (formerly Twitter),X Corp.,Microblogging,Senegal,279.65,high,True,2018-05-05,3038,old
U09243,TikTok,ByteDance,Short-form videos,Micronesia,159.26,medium,False,2015-05-23,4116,old
U09244,Snapchat,Snap Inc.,Multimedia messaging,Turks and Caicos Islands,75.77,medium,False,2020-07-07,2244,old
U09245,Snapchat,Snap Inc.,Multimedia messaging,Madagascar,230.93,high,False,2015-09-30,3986,old
U09246,Instagram,Meta,Photo and video sharing,Monaco,174.19,medium,False,2026-04-08,143,new
U09247,Threads,Meta,Text-based social networking,Malta,250.69,high,False,2017-10-15,3240,old
U09248,YouTube,Google,Video sharing,Monaco,57.18,low,True,2021-02-02,2034,old
U09249,Telegram,Telegram FZ LLC,Messaging,Saint Barthelemy,248.63,high,False,2019-04-24,2684,old
U09250,X (formerly Twitter),X Corp.,Microblogging,Mayotte,259.33,high,True,2016-03-25,3809,old
U09251,Snapchat,Snap Inc.,Multimedia messaging,Turks and Caicos Islands,35.06,low,True,2026-08-28,1,very_new
U09252,Facebook,Meta,Social networking,Dominica,197.42,high,True,2018-08-05,2946,old
U09253,YouTube,Google,Video sharing,Bahrain,69.22,medium,False,2025-03-09,538,established
U09254,Quora,Quora Inc.,Q&A knowledge sharing,Bouvet Island (Bouvetoya),31.42,low,True,2018-03-22,3082,old
U09255,Telegram,Telegram FZ LLC,Messaging,Martinique,183.75,high,True,2021-10-03,1791,old
U09256,LinkedIn,Microsoft,Professional networking,Faroe Islands,246.32,high,True,2023-04-23,1224,old
U09257,WhatsApp,Meta,Messaging,Samoa,60.87,medium,True,2026-05-12,109,new
U09258,Threads,Meta,Text-based social networking,El Salvador,230.25,high,False,2020-04-08,2334,old
U09259,WhatsApp,Meta,Messaging,Bulgaria,266.4,high,False,2015-09-27,3989,old
U09260,X (formerly Twitter),X Corp.,Microblogging,Haiti,167.36,medium,True,2020-04-24,2318,old
U09261,WeChat,Tencent,Messaging and social media,Colombia,57.04,low,True,2016-04-06,3797,old
U09262,Telegram,Telegram FZ LLC,Messaging,Korea,207.0,high,True,2020-04-28,2314,old
U09263,Facebook,Meta,Social networking,Tajikistan,114.13,medium,False,2015-10-31,3955,old
U09264,Reddit,Reddit Inc.,Discussion forums and communities,Ghana,169.84,medium,False,2026-08-13,16,very_new
U09265,Reddit,Reddit Inc.,Discussion forums and communities,Guernsey,28.03,low,False,2017-12-22,3172,old
U09266,Facebook,Meta,Social networking,Iran,170.84,medium,True,2026-03-08,174,new
U09267,Quora,Quora Inc.,Q&A knowledge sharing,Cameroon,165.43,medium,True,2020-05-01,2311,old
U09268,Telegram,Telegram FZ LLC,Messaging,South Africa,268.96,high,True,2018-05-21,3022,old
U09269,Facebook,Meta,Social networking,Congo,117.99,medium,False,2018-04-12,3061,old
U09270,Threads,Meta,Text-based social networking,Luxembourg,14.87,low,False,2025-03-06,541,established
U09271,X (formerly Twitter),X Corp.,Microblogging,Suriname,118.55,medium,False,2022-04-28,1584,old
U09272,TikTok,ByteDance,Short-form videos,Lesotho,99.47,medium,False,2025-02-02,573,established
U09273,Quora,Quora Inc.,Q&A knowledge sharing,Denmark,168.09,medium,False,2017-10-09,3246,old
U09274,Snapchat,Snap Inc.,Multimedia messaging,Western Sahara,238.63,high,False,2026-08-20,9,very_new
U09275,TikTok,ByteDance,Short-form videos,Mongolia,153.05,medium,True,2026-04-30,121,new
U09276,Quora,Quora Inc.,Q&A knowledge sharing,Sweden,192.17,high,False,2022-09-27,1432,old
U09277,Instagram,Meta,Photo and video sharing,Germany,287.66,high,False,2024-09-16,712,established
U09278,WeChat,Tencent,Messaging and social media,Bouvet Island (Bouvetoya),5.02,low,True,2018-09-06,2914,old
U09279,WhatsApp,Meta,Messaging,Dominica,26.72,low,False,2020-12-22,2076,old
U09280,X (formerly Twitter),X Corp.,Microblogging,Tanzania,166.11,medium,True,2021-04-29,1948,old
U09281,WhatsApp,Meta,Messaging,Malawi,221.04,high,True,2023-10-31,1033,old
U09282,WeChat,Tencent,Messaging and social media,Cayman Islands,171.32,medium,True,2017-10-21,3234,old
U09283,Pinterest,Pinterest Inc.,Visual discovery and bookmarking,Saint Barthelemy,204.71,high,False,2018-06-15,2997,old
U09284,Reddit,Reddit Inc.,Discussion forums and communities,Sri Lanka,12.16,low,False,2018-10-04,2886,old
U09285,X (formerly Twitter),X Corp.,Microblogging,Guinea-Bissau,246.01,high,True,2022-06-11,1540,old
U09286,YouTube,Google,Video sharing,New Caledonia,101.31,medium,True,2025-02-22,553,established
U09287,WhatsApp,Meta,Messaging,Brazil,241.28,high,False,2019-06-19,2628,old
U09288,TikTok,ByteDance,Short-form videos,Thailand,85.83,medium,False,2021-08-20,1835,old
U09289,Quora,Quora Inc.,Q&A knowledge sharing,Saint Martin,294.97,high,True,2024-01-17,955,old
U09290,WeChat,Tencent,Messaging and social media,Czech Republic,109.33,medium,True,2018-01-22,3141,old
U09291,WeChat,Tencent,Messaging and social media,Belarus,284.53,high,True,2022-07-09,1512,old
U09292,Reddit,Reddit Inc.,Discussion forums and communities,Belize,80.55,medium,True,2026-05-23,98,new
U09293,Threads,Meta,Text-based social networking,Cayman Islands,73.28,medium,True,2015-10-15,3971,old
U09294,Reddit,Reddit Inc.,Discussion forums and communities,Kenya,73.04,medium,True,2020-04-19,2323,old
U09295,Threads,Meta,Text-based social networking,American Samoa,227.92,high,False,2018-05-26,3017,old
U09296,TikTok,ByteDance,Short-form videos,Chad,83.92,medium,True,2019-05-11,2667,old
U09297,Facebook,Meta,Social networking,Cambodia,125.75,medium,True,2020-05-22,2290,old
U09298,YouTube,Google,Video sharing,Palestinian Territory,145.04,medium,False,2020-08-04,2216,old
U09299,WhatsApp,Meta,Messaging,Vietnam,213.89,high,False,2023-01-09,1328,old
U09300,X (formerly Twitter),X Corp.,Microblogging,Anguilla,200.7,high,True,2017-10-07,3248,old
U09301,LinkedIn,Microsoft,Professional networking,Armenia,21.68,low,True,2022-08-18,1472,old
U09302,Facebook,Meta,Social networking,Tokelau,249.84,high,False,2021-01-31,2036,old
U09303,WeChat,Tencent,Messaging and social media,Fiji,105.01,medium,False,2016-08-19,3662,old
U09304,Snapchat,Snap Inc.,Multimedia messaging,Colombia,297.73,high,False,2021-05-01,1946,old
U09305,Telegram,Telegram FZ LLC,Messaging,Bermuda,80.85,medium,False,2024-10-21,677,established
U09306,LinkedIn,Microsoft,Professional networking,Bhutan,234.83,high,True,2026-06-19,71,new
U09307,WhatsApp,Meta,Messaging,Vietnam,297.13,high,False,2024-09-08,720,established
U09308,Facebook,Meta,Social networking,Congo,185.83,high,False,2017-02-08,3489,old
U09309,Quora,Quora Inc.,Q&A knowledge sharing,Martinique,103.83,medium,True,2021-03-19,1989,old
U09310,Facebook,Meta,Social networking,San Marino,101.27,medium,True,2026-08-11,18,very_new
U09311,Telegram,Telegram FZ LLC,Messaging,Kenya,48.37,low,True,2018-05-29,3014,old
U09312,Snapchat,Snap Inc.,Multimedia messaging,Mexico,196.17,high,False,2023-12-24,979,old
U09313,LinkedIn,Microsoft,Professional networking,Jordan,73.03,medium,True,2023-05-11,1206,old
U09314,Reddit,Reddit Inc.,Discussion forums and communities,Guinea,90.87,medium,False,2017-12-10,3184,old
U09315,WhatsApp,Meta,Messaging,Isle of Man,82.89,medium,True,2022-10-09,1420,old
U09316,WeChat,Tencent,Messaging and social media,Italy,11.52,low,True,2024-11-26,641,established
U09317,YouTube,Google,Video sharing,Greece,157.5,medium,True,2021-12-19,1714,old
U09318,Quora,Quora Inc.,Q&A knowledge sharing,Slovenia,148.09,medium,True,2026-08-03,26,very_new
U09319,WhatsApp,Meta,Messaging,Andorra,216.78,high,True,2023-09-22,1072,old
U09320,WhatsApp,Meta,Messaging,Myanmar,35.27,low,False,2024-06-21,799,old
U09321,Reddit,Reddit Inc.,Discussion forums and communities,Monaco,117.18,medium,False,2017-07-19,3328,old
U09322,Snapchat,Snap Inc.,Multimedia messaging,Christmas Island,240.02,high,True,2024-07-30,760,old
U09323,LinkedIn,Microsoft,Professional networking,Botswana,57.45,low,True,2020-03-20,2353,old
U09324,Telegram,Telegram FZ LLC,Messaging,French Southern Territories,83.58,medium,True,2016-04-28,3775,old
U09325,Snapchat,Snap Inc.,Multimedia messaging,Western Sahara,86.38,medium,False,2026-04-26,125,new
U09326,Facebook,Meta,Social networking,Mauritania,55.79,low,True,2020-01-03,2430,old
U09327,Threads,Meta,Text-based social networking,Saint Kitts and Nevis,6.69,low,False,2019-04-27,2681,old
U09328,YouTube,Google,Video sharing,Finland,108.24,medium,True,2024-05-29,822,old
U09329,WhatsApp,Meta,Messaging,Iceland,119.93,medium,True,2020-02-20,2382,old
U09330,TikTok,ByteDance,Short-form videos,Saint Martin,92.23,medium,True,2018-05-14,3029,old
U09331,YouTube,Google,Video sharing,India,174.55,medium,True,2017-07-10,3337,old
U09332,Snapchat,Snap Inc.,Multimedia messaging,Namibia,47.42,low,True,2021-08-06,1849,old
U09333,WeChat,Tencent,Messaging and social media,Burundi,33.85,low,False,2023-07-22,1134,old
U09334,Pinterest,Pinterest Inc.,Visual discovery and bookmarking,Zimbabwe,234.99,high,False,2026-04-24,127,new
U09335,Instagram,Meta,Photo and video sharing,Liberia,242.46,high,False,2017-01-28,3500,old
U09336,TikTok,ByteDance,Short-form videos,Sudan,279.08,high,True,2024-02-29,912,old
U09337,Quora,Quora Inc.,Q&A knowledge sharing,Portugal,202.01,high,False,2024-05-23,828,old
U09338,Snapchat,Snap Inc.,Multimedia messaging,Seychelles,185.82,high,False,2024-07-23,767,old
U09339,Instagram,Meta,Photo and video sharing,Netherlands Antilles,150.05,medium,True,2021-02-02,2034,old
U09340,LinkedIn,Microsoft,Professional networking,Nepal,75.07,medium,True,2017-07-31,3316,old
U09341,YouTube,Google,Video sharing,Comoros,150.18,medium,False,2023-05-29,1188,old
U09342,WhatsApp,Meta,Messaging,Saudi Arabia,228.61,high,False,2025-04-03,513,established
U09343,Reddit,Reddit Inc.,Discussion forums and communities,Liechtenstein,172.21,medium,False,2023-08-03,1122,old
U09344,WhatsApp,Meta,Messaging,Tunisia,273.67,high,False,2021-04-02,1975,old
U09345,Telegram,Telegram FZ LLC,Messaging,Djibouti,43.09,low,True,2026-04-02,149,new
U09346,X (formerly Twitter),X Corp.,Microblogging,Saint Barthelemy,221.16,high,True,2019-02-03,2764,old
U09347,LinkedIn,Microsoft,Professional networking,Mongolia,221.32,high,True,2017-10-26,3229,old
U09348,Reddit,Reddit Inc.,Discussion forums and communities,Rwanda,18.91,low,True,2020-11-18,2110,old
U09349,Quora,Quora Inc.,Q&A knowledge sharing,Northern Mariana Islands,33.02,low,True,2017-08-23,3293,old
U09350,Reddit,Reddit Inc.,Discussion forums and communities,Korea,106.55,medium,False,2024-04-12,869,old
U09351,X (formerly Twitter),X Corp.,Microblogging,Jamaica,154.22,medium,False,2022-08-24,1466,old
U09352,Quora,Quora Inc.,Q&A knowledge sharing,Nicaragua,221.62,high,False,2026-07-25,35,new
U09353,Instagram,Meta,Photo and video sharing,Hungary,41.39,low,True,2016-12-06,3553,old
U09354,Telegram,Telegram FZ LLC,Messaging,Lebanon,84.31,medium,False,2019-10-20,2505,old
U09355,Pinterest,Pinterest Inc.,Visual discovery and bookmarking,Micronesia,217.85,high,False,2022-06-23,1528,old
U09356,TikTok,ByteDance,Short-form videos,Haiti,153.01,medium,True,2017-08-26,3290,old
U09357,WeChat,Tencent,Messaging and social media,Iran,41.92,low,False,2024-11-27,640,established
U09358,Pinterest,Pinterest Inc.,Visual discovery and bookmarking,Malaysia,64.03,medium,False,2017-06-09,3368,old
U09359,WhatsApp,Meta,Messaging,Montserrat,262.24,high,False,2019-07-03,2614,old
U09360,TikTok,ByteDance,Short-form videos,Tokelau,244.43,high,False,2023-02-09,1297,old
U09361,Instagram,Meta,Photo and video sharing,Martinique,81.77,medium,True,2024-09-28,700,established
U09362,LinkedIn,Microsoft,Professional networking,Swaziland,220.4,high,False,2016-01-09,3885,old
U09363,WeChat,Tencent,Messaging and social media,Chad,104.72,medium,True,2023-10-02,1062,old
U09364,Snapchat,Snap Inc.,Multimedia messaging,Vietnam,232.31,high,False,2018-04-25,3048,old
U09365,Reddit,Reddit Inc.,Discussion forums and communities,Latvia,200.75,high,True,2015-12-14,3911,old
U09366,LinkedIn,Microsoft,Professional networking,Greece,88.8,medium,False,2021-02-04,2032,old
U09367,WeChat,Tencent,Messaging and social media,Bahrain,97.84,medium,False,2018-09-17,2903,old
U09368,Snapchat,Snap Inc.,Multimedia messaging,Djibouti,268.14,high,False,2022-05-05,1577,old
U09369,TikTok,ByteDance,Short-form videos,Chile,149.27,medium,False,2024-06-24,796,old
U09370,WeChat,Tencent,Messaging and social media,China,229.33,high,True,2021-10-18,1776,old
U09371,Reddit,Reddit Inc.,Discussion forums and communities,Tunisia,78.46,medium,True,2016-06-12,3730,old
U09372,WeChat,Tencent,Messaging and social media,Tonga,95.46,medium,False,2015-05-21,4118,old
U09373,Reddit,Reddit Inc.,Discussion forums and communities,Serbia,195.4,high,True,2016-05-16,3757,old
U09374,LinkedIn,Microsoft,Professional networking,Libyan Arab Jamahiriya,17.7,low,True,2021-12-01,1732,old
U09375,YouTube,Google,Video sharing,Bouvet Island (Bouvetoya),22.48,low,False,2021-09-07,1817,old
U09376,Threads,Meta,Text-based social networking,United States of America,260.47,high,True,2021-03-10,1998,old
U09377,Telegram,Telegram FZ LLC,Messaging,Cyprus,265.43,high,True,2015-05-12,4127,old
U09378,Snapchat,Snap Inc.,Multimedia messaging,Montserrat,109.94,medium,False,2026-05-17,104,new
U09379,Telegram,Telegram FZ LLC,Messaging,Tonga,141.68,medium,True,2017-08-31,3285,old
U09380,Facebook,Meta,Social networking,Marshall Islands,293.18,high,False,2019-08-08,2578,old
U09381,Reddit,Reddit Inc.,Discussion forums and communities,Svalbard & Jan Mayen Islands,11.84,low,False,2015-10-27,3959,old
U09382,Telegram,Telegram FZ LLC,Messaging,Wallis and Futuna,40.9,low,True,2026-03-26,156,new
U09383,YouTube,Google,Video sharing,Barbados,86.74,medium,True,2020-06-21,2260,old
U09384,Snapchat,Snap Inc.,Multimedia messaging,Malaysia,195.08,high,True,2016-06-25,3717,old
U09385,Threads,Meta,Text-based social networking,Niue,267.39,high,False,2023-05-06,1211,old
U09386,LinkedIn,Microsoft,Professional networking,Korea,175.67,medium,True,2023-10-13,1051,old
U09387,Quora,Quora Inc.,Q&A knowledge sharing,Norfolk Island,67.84,medium,False,2026-07-29,31,new
U09388,LinkedIn,Microsoft,Professional networking,United Kingdom,50.66,low,True,2026-05-10,111,new
U09389,WeChat,Tencent,Messaging and social media,Luxembourg,208.27,high,False,2020-05-05,2307,old
U09390,Facebook,Meta,Social networking,Nicaragua,201.09,high,False,2017-03-31,3438,old
U09391,YouTube,Google,Video sharing,South Georgia and the South Sandwich Islands,242.61,high,True,2023-09-03,1091,old
U09392,YouTube,Google,Video sharing,Burkina Faso,99.74,medium,True,2020-07-31,2220,old
U09393,YouTube,Google,Video sharing,Turkmenistan,209.27,high,False,2026-07-21,39,new
U09394,Instagram,Meta,Photo and video sharing,Mauritania,21.8,low,True,2020-08-01,2219,old
U09395,Threads,Meta,Text-based social networking,New Zealand,56.26,low,False,2021-02-20,2016,old
U09396,LinkedIn,Microsoft,Professional networking,Iran,155.7,medium,True,2023-10-12,1052,old
U09397,WeChat,Tencent,Messaging and social media,Saudi Arabia,253.87,high,True,2015-08-28,4019,old
U09398,WeChat,Tencent,Messaging and social media,Cyprus,5.08,low,True,2018-04-09,3064,old
U09399,YouTube,Google,Video sharing,Mexico,51.08,low,False,2026-07-31,29,very_new
U09400,Pinterest,Pinterest Inc.,Visual discovery and bookmarking,Burkina Faso,217.52,high,False,2018-09-05,2915,old
U09401,Quora,Quora Inc.,Q&A knowledge sharing,Mongolia,164.18,medium,False,2018-04-20,3053,old
U09402,YouTube,Google,Video sharing,Djibouti,140.3,medium,False,2020-04-05,2337,old
U09403,WeChat,Tencent,Messaging and social media,Finland,210.53,high,True,2022-01-27,1675,old
U09404,WhatsApp,Meta,Messaging,Northern Mariana Islands,231.08,high,False,2024-06-29,791,old
U09405,Threads,Meta,Text-based social networking,Myanmar,49.21,low,True,2024-06-14,806,old
U09406,Reddit,Reddit Inc.,Discussion forums and communities,Solomon Islands,169.73,medium,False,2021-09-10,1814,old
U09407,Threads,Meta,Text-based social networking,Western Sahara,22.7,low,False,2026-03-14,168,new
U09408,WhatsApp,Meta,Messaging,Monaco,12.64,low,True,2021-07-20,1866,old
U09409,Threads,Meta,Text-based social networking,Iran,30.98,low,True,2020-11-29,2099,old
U09410,Reddit,Reddit Inc.,Discussion forums and communities,Cocos (Keeling) Islands,137.18,medium,False,2018-08-08,2943,old
U09411,Pinterest,Pinterest Inc.,Visual discovery and bookmarking,Iran,170.72,medium,False,2020-12-14,2084,old
U09412,Instagram,Meta,Photo and video sharing,Costa Rica,24.47,low,True,2022-03-30,1613,old
U09413,TikTok,ByteDance,Short-form videos,Tanzania,226.78,high,False,2019-02-02,2765,old
U09414,Reddit,Reddit Inc.,Discussion forums and communities,Gabon,139.13,medium,True,2017-04-07,3431,old
U09415,LinkedIn,Microsoft,Professional networking,Mayotte,61.92,medium,False,2018-03-06,3098,old
U09416,WeChat,Tencent,Messaging and social media,San Marino,113.48,medium,False,2022-12-31,1337,old
U09417,WeChat,Tencent,Messaging and social media,Czech Republic,96.08,medium,False,2026-03-18,164,new
U09418,Reddit,Reddit Inc.,Discussion forums and communities,Falkland Islands (Malvinas),93.16,medium,True,2023-11-08,1025,old
U09419,LinkedIn,Microsoft,Professional networking,Norway,293.33,high,True,2019-11-05,2489,old
U09420,Facebook,Meta,Social networking,Mauritius,13.18,low,False,2025-02-09,566,established
U09421,Threads,Meta,Text-based social networking,Canada,171.09,medium,False,2016-12-23,3536,old
U09422,Facebook,Meta,Social networking,India,282.55,high,False,2015-06-25,4083,old
U09423,Telegram,Telegram FZ LLC,Messaging,Myanmar,13.47,low,False,2020-04-16,2326,old
U09424,WhatsApp,Meta,Messaging,United Kingdom,261.32,high,True,2021-06-25,1891,old
U09425,Reddit,Reddit Inc.,Discussion forums and communities,Niue,18.68,low,False,2015-10-05,3981,old
U09426,Telegram,Telegram FZ LLC,Messaging,Hong Kong,94.73,medium,True,2023-07-27,1129,old
U09427,Instagram,Meta,Photo and video sharing,Liberia,57.36,low,False,2023-02-11,1295,old
U09428,Facebook,Meta,Social networking,Australia,261.6,high,True,2022-02-13,1658,old
U09429,Reddit,Reddit Inc.,Discussion forums and communities,Nigeria,13.82,low,False,2015-11-22,3933,old
U09430,WeChat,Tencent,Messaging and social media,Turks and Caicos Islands,193.02,high,False,2026-04-19,132,new
U09431,WeChat,Tencent,Messaging and social media,Antigua and Barbuda,28.01,low,False,2015-08-22,4025,old
U09432,Snapchat,Snap Inc.,Multimedia messaging,Cyprus,38.63,low,True,2026-08-06,23,very_new
U09433,Facebook,Meta,Social networking,Svalbard & Jan Mayen Islands,165.22,medium,False,2015-06-03,4105,old
U09434,Reddit,Reddit Inc.,Discussion forums and communities,Colombia,152.73,medium,True,2017-07-09,3338,old
U09435,YouTube,Google,Video sharing,Ethiopia,266.51,high,False,2022-10-27,1402,old
U09436,Threads,Meta,Text-based social networking,Qatar,135.84,medium,True,2023-02-14,1292,old
U09437,WeChat,Tencent,Messaging and social media,Guinea-Bissau,165.04,medium,True,2024-01-04,968,old
U09438,Snapchat,Snap Inc.,Multimedia messaging,Mauritius,214.19,high,False,2020-12-21,2077,old
U09439,Quora,Quora Inc.,Q&A knowledge sharing,Sri Lanka,129.49,medium,False,2018-02-07,3125,old
U09440,WhatsApp,Meta,Messaging,Nepal,164.8,medium,False,2026-03-04,178,new
U09441,Instagram,Meta,Photo and video sharing,Djibouti,43.16,low,True,2021-09-19,1805,old
U09442,Telegram,Telegram FZ LLC,Messaging,Congo,103.84,medium,False,2017-01-20,3508,old
U09443,Instagram,Meta,Photo and video sharing,Marshall Islands,197.09,high,False,2015-05-23,4116,old
U09444,Facebook,Meta,Social networking,Iceland,189.24,high,False,2016-01-02,3892,old
U09445,LinkedIn,Microsoft,Professional networking,Nigeria,90.07,medium,False,2026-07-31,29,very_new
U09446,WeChat,Tencent,Messaging and social media,Saint Pierre and Miquelon,224.48,high,True,2019-01-28,2770,old
U09447,Threads,Meta,Text-based social networking,Tokelau,180.45,high,True,2016-02-27,3836,old
U09448,Facebook,Meta,Social networking,Jamaica,213.25,high,False,2024-02-14,927,old
U09449,TikTok,ByteDance,Short-form videos,Japan,142.12,medium,False,2023-05-16,1201,old
U09450,Threads,Meta,Text-based social networking,Belgium,6.85,low,True,2026-08-15,14,very_new
U09451,LinkedIn,Microsoft,Professional networking,Finland,141.98,medium,True,2017-11-20,3204,old
U09452,X (formerly Twitter),X Corp.,Microblogging,Togo,8.72,low,False,2024-10-05,693,established
U09453,X (formerly Twitter),X Corp.,Microblogging,Lesotho,283.08,high,True,2018-12-06,2823,old
U09454,TikTok,ByteDance,Short-form videos,Guernsey,239.22,high,False,2026-04-06,145,new
U09455,Telegram,Telegram FZ LLC,Messaging,Chile,105.23,medium,True,2021-12-11,1722,old
U09456,Telegram,Telegram FZ LLC,Messaging,Korea,117.49,medium,True,2021-06-29,1887,old
U09457,LinkedIn,Microsoft,Professional networking,Korea,74.39,medium,False,2018-12-02,2827,old
U09458,Quora,Quora Inc.,Q&A knowledge sharing,Saint Helena,209.48,high,True,2016-09-18,3632,old
U09459,X (formerly Twitter),X Corp.,Microblogging,Mongolia,60.3,medium,False,2022-08-03,1487,old
U09460,Quora,Quora Inc.,Q&A knowledge sharing,Saint Helena,174.16,medium,False,2017-07-29,3318,old
U09461,Quora,Quora Inc.,Q&A knowledge sharing,Yemen,74.11,medium,True,2022-11-10,1388,old
U09462,YouTube,Google,Video sharing,Hong Kong,51.81,low,False,2026-08-28,1,very_new
U09463,LinkedIn,Microsoft,Professional networking,San Marino,12.85,low,True,2023-08-22,1103,old
U09464,LinkedIn,Microsoft,Professional networking,China,229.23,high,False,2022-01-03,1699,old
U09465,WhatsApp,Meta,Messaging,Nepal,284.13,high,True,2019-03-06,2733,old
U09466,Threads,Meta,Text-based social networking,Ireland,217.34,high,False,2020-10-04,2155,old
U09467,Facebook,Meta,Social networking,Gibraltar,293.24,high,True,2016-03-13,3821,old
U09468,Snapchat,Snap Inc.,Multimedia messaging,Peru,115.27,medium,False,2017-02-20,3477,old
U09469,X (formerly Twitter),X Corp.,Microblogging,Iceland,136.17,medium,False,2026-08-19,10,very_new
U09470,Facebook,Meta,Social networking,French Southern Territories,116.29,medium,False,2017-04-02,3436,old
U09471,Facebook,Meta,Social networking,Slovenia,90.0,medium,True,2020-01-17,2416,old
U09472,WhatsApp,Meta,Messaging,Mali,122.42,medium,False,2020-04-13,2329,old
U09473,Snapchat,Snap Inc.,Multimedia messaging,Palau,232.28,high,False,2019-10-15,2510,old
U09474,TikTok,ByteDance,Short-form videos,Yemen,180.7,high,False,2025-01-13,593,established
U09475,Threads,Meta,Text-based social networking,Algeria,63.19,medium,True,2022-09-21,1438,old
U09476,Pinterest,Pinterest Inc.,Visual discovery and bookmarking,Martinique,200.44,high,False,2016-02-07,3856,old
U09477,Pinterest,Pinterest Inc.,Visual discovery and bookmarking,French Polynesia,208.34,high,True,2023-10-03,1061,old
U09478,YouTube,Google,Video sharing,Ecuador,143.0,medium,True,2022-08-14,1476,old
U09479,Threads,Meta,Text-based social networking,Equatorial Guinea,202.23,high,True,2025-04-21,495,established
U09480,Telegram,Telegram FZ LLC,Messaging,Micronesia,250.51,high,True,2022-01-02,1700,old
U09481,Instagram,Meta,Photo and video sharing,United States of America,161.42,medium,True,2020-11-06,2122,old
U09482,Telegram,Telegram FZ LLC,Messaging,Russian Federation,280.0,high,False,2024-02-03,938,old
U09483,Pinterest,Pinterest Inc.,Visual discovery and bookmarking,Netherlands Antilles,97.41,medium,False,2024-09-26,702,established
U09484,Instagram,Meta,Photo and video sharing,Croatia,132.23,medium,False,2021-07-17,1869,old
U09485,Quora,Quora Inc.,Q&A knowledge sharing,United States of America,211.32,high,False,2021-05-24,1923,old
U09486,Facebook,Meta,Social networking,Tajikistan,247.24,high,False,2019-10-11,2514,old
U09487,Threads,Meta,Text-based social networking,Vanuatu,128.94,medium,True,2016-01-07,3887,old
U09488,LinkedIn,Microsoft,Professional networking,Bahamas,111.35,medium,True,2017-05-29,3379,old
U09489,X (formerly Twitter),X Corp.,Microblogging,Saint Martin,268.29,high,False,2023-02-25,1281,old
U09490,LinkedIn,Microsoft,Professional networking,Tuvalu,183.08,high,True,2026-08-21,8,very_new
U09491,Telegram,Telegram FZ LLC,Messaging,Reunion,273.15,high,False,2020-02-11,2391,old
U09492,Facebook,Meta,Social networking,Saint Vincent and the Grenadines,124.23,medium,False,2018-03-24,3080,old
U09493,WhatsApp,Meta,Messaging,Tokelau,168.7,medium,False,2023-02-24,1282,old
U09494,Quora,Quora Inc.,Q&A knowledge sharing,Congo,194.56,high,True,2016-01-17,3877,old
U09495,Threads,Meta,Text-based social networking,Rwanda,137.4,medium,True,2015-06-29,4079,old
U09496,YouTube,Google,Video sharing,Gabon,160.41,medium,False,2017-10-07,3248,old
U09497,YouTube,Google,Video sharing,Cote d'Ivoire,168.39,medium,False,2022-03-29,1614,old
U09498,TikTok,ByteDance,Short-form videos,Norway,28.38,low,True,2017-01-05,3523,old
U09499,Pinterest,Pinterest Inc.,Visual discovery and bookmarking,Ghana,147.94,medium,False,2015-12-22,3903,old
U09500,YouTube,Google,Video sharing,Namibia,176.64,medium,True,2015-07-06,4072,old
U09501,WeChat,Tencent,Messaging and social media,Iran,147.63,medium,True,2026-06-09,81,new
U09502,Pinterest,Pinterest Inc.,Visual discovery and bookmarking,Comoros,142.72,medium,True,2019-07-07,2610,old
U09503,WeChat,Tencent,Messaging and social media,Grenada,257.02,high,False,2022-01-09,1693,old
U09504,X (formerly Twitter),X Corp.,Microblogging,Iceland,79.75,medium,False,2024-01-21,951,old
U09505,Reddit,Reddit Inc.,Discussion forums and communities,Nigeria,46.76,low,True,2021-12-19,1714,old
U09506,Quora,Quora Inc.,Q&A knowledge sharing,Hungary,192.28,high,True,2017-03-11,3458,old
U09507,X (formerly Twitter),X Corp.,Microblogging,Panama,118.19,medium,False,2026-08-24,5,very_new
U09508,TikTok,ByteDance,Short-form videos,Netherlands Antilles,280.69,high,True,2026-04-09,142,new
U09509,WeChat,Tencent,Messaging and social media,Morocco,147.63,medium,False,2022-06-16,1535,old
U09510,Pinterest,Pinterest Inc.,Visual discovery and bookmarking,Paraguay,48.68,low,False,2020-05-15,2297,old
U09511,LinkedIn,Microsoft,Professional networking,Bangladesh,172.33,medium,True,2022-03-04,1639,old
U09512,Pinterest,Pinterest Inc.,Visual discovery and bookmarking,Finland,286.0,high,False,2018-09-03,2917,old
U09513,Telegram,Telegram FZ LLC,Messaging,Turkey,269.42,high,False,2016-01-06,3888,old
U09514,Instagram,Meta,Photo and video sharing,Antarctica (the territory South of 60 deg S),277.25,high,False,2016-09-11,3639,old
U09515,Reddit,Reddit Inc.,Discussion forums and communities,Guinea-Bissau,293.47,high,False,2023-04-02,1245,old
U09516,WeChat,Tencent,Messaging and social media,Uzbekistan,68.21,medium,False,2016-08-28,3653,old
U09517,TikTok,ByteDance,Short-form videos,El Salvador,293.59,high,False,2026-07-15,45,new
U09518,WeChat,Tencent,Messaging and social media,Uzbekistan,24.25,low,True,2022-05-03,1579,old
U09519,Threads,Meta,Text-based social networking,Switzerland,213.06,high,True,2022-10-31,1398,old
U09520,Facebook,Meta,Social networking,Chile,104.64,medium,True,2024-08-29,730,old
U09521,Quora,Quora Inc.,Q&A knowledge sharing,Falkland Islands (Malvinas),225.5,high,False,2024-05-14,837,old
U09522,Reddit,Reddit Inc.,Discussion forums and communities,Russian Federation,249.71,high,True,2017-10-16,3239,old
U09523,Pinterest,Pinterest Inc.,Visual discovery and bookmarking,Zimbabwe,243.16,high,False,2026-08-25,4,very_new
U09524,X (formerly Twitter),X Corp.,Microblogging,Hungary,256.38,high,True,2016-12-06,3553,old
U09525,LinkedIn,Microsoft,Professional networking,Azerbaijan,216.74,high,True,2026-03-05,177,new
U09526,Reddit,Reddit Inc.,Discussion forums and communities,Netherlands Antilles,41.21,low,False,2022-10-10,1419,old
U09527,LinkedIn,Microsoft,Professional networking,Belize,113.14,medium,True,2026-03-19,163,new
U09528,YouTube,Google,Video sharing,Sudan,242.75,high,True,2024-09-12,716,established
U09529,LinkedIn,Microsoft,Professional networking,Poland,176.45,medium,False,2025-03-19,528,established
U09530,Threads,Meta,Text-based social networking,North Macedonia,22.84,low,False,2020-04-14,2328,old
U09531,Instagram,Meta,Photo and video sharing,Poland,158.16,medium,False,2018-04-20,3053,old
U09532,WeChat,Tencent,Messaging and social media,Colombia,125.81,medium,False,2016-09-26,3624,old
U09533,WhatsApp,Meta,Messaging,Qatar,126.02,medium,False,2022-07-16,1505,old
U09534,X (formerly Twitter),X Corp.,Microblogging,Saint Martin,72.96,medium,False,2024-12-14,623,established
U09535,Instagram,Meta,Photo and video sharing,Senegal,182.1,high,False,2025-04-07,509,established
U09536,WeChat,Tencent,Messaging and social media,Dominican Republic,220.27,high,True,2023-06-09,1177,old
U09537,X (formerly Twitter),X Corp.,Microblogging,Turkmenistan,200.25,high,False,2019-07-06,2611,old
U09538,Telegram,Telegram FZ LLC,Messaging,Gambia,128.92,medium,True,2017-03-26,3443,old
U09539,Instagram,Meta,Photo and video sharing,Serbia,113.39,medium,False,2018-01-01,3162,old
U09540,Snapchat,Snap Inc.,Multimedia messaging,Papua New Guinea,223.15,high,True,2018-03-21,3083,old
U09541,Threads,Meta,Text-based social networking,United States Minor Outlying Islands,26.94,low,True,2017-09-20,3265,old
U09542,WeChat,Tencent,Messaging and social media,Hungary,151.85,medium,False,2021-08-05,1850,old
U09543,Quora,Quora Inc.,Q&A knowledge sharing,Namibia,171.47,medium,False,2019-11-22,2472,old
U09544,Quora,Quora Inc.,Q&A knowledge sharing,Zimbabwe,294.15,high,True,2023-10-14,1050,old
U09545,Pinterest,Pinterest Inc.,Visual discovery and bookmarking,Switzerland,45.41,low,True,2025-01-01,605,established
U09546,Pinterest,Pinterest Inc.,Visual discovery and bookmarking,Isle of Man,276.7,high,False,2024-03-03,909,old
U09547,Pinterest,Pinterest Inc.,Visual discovery and bookmarking,Northern Mariana Islands,125.05,medium,True,2025-01-15,591,established
U09548,WeChat,Tencent,Messaging and social media,Finland,129.47,medium,True,2018-03-09,3095,old
U09549,Instagram,Meta,Photo and video sharing,Isle of Man,180.08,high,False,2025-04-28,488,established
U09550,Instagram,Meta,Photo and video sharing,United States Minor Outlying Islands,147.01,medium,True,2026-07-08,52,new
U09551,Reddit,Reddit Inc.,Discussion forums and communities,Reunion,244.98,high,False,2022-10-26,1403,old
U09552,LinkedIn,Microsoft,Professional networking,Russian Federation,103.69,medium,False,2023-02-06,1300,old
U09553,WeChat,Tencent,Messaging and social media,Puerto Rico,155.18,medium,False,2021-08-22,1833,old
U09554,Threads,Meta,Text-based social networking,Australia,15.59,low,False,2023-12-15,988,old
U09555,Threads,Meta,Text-based social networking,Barbados,238.33,high,True,2021-11-30,1733,old
U09556,Quora,Quora Inc.,Q&A knowledge sharing,Monaco,168.14,medium,True,2026-08-13,16,very_new
U09557,Snapchat,Snap Inc.,Multimedia messaging,Togo,81.2,medium,True,2018-12-08,2821,old
U09558,Facebook,Meta,Social networking,Mozambique,288.91,high,False,2026-05-25,96,new
U09559,YouTube,Google,Video sharing,French Polynesia,32.87,low,False,2022-07-09,1512,old
U09560,Instagram,Meta,Photo and video sharing,Lithuania,276.71,high,False,2026-08-10,19,very_new
U09561,X (formerly Twitter),X Corp.,Microblogging,Saint Kitts and Nevis,206.18,high,False,2017-02-11,3486,old
U09562,YouTube,Google,Video sharing,Bangladesh,93.63,medium,False,2026-08-06,23,very_new
U09563,Telegram,Telegram FZ LLC,Messaging,Malawi,79.13,medium,True,2022-06-06,1545,old
U09564,X (formerly Twitter),X Corp.,Microblogging,Turks and Caicos Islands,203.2,high,False,2026-07-29,31,new
U09565,YouTube,Google,Video sharing,Honduras,294.39,high,True,2018-09-11,2909,old
U09566,LinkedIn,Microsoft,Professional networking,Samoa,114.11,medium,False,2021-10-26,1768,old
U09567,Telegram,Telegram FZ LLC,Messaging,Dominican Republic,288.65,high,False,2019-06-10,2637,old
U09568,Threads,Meta,Text-based social networking,Chile,30.04,low,False,2016-10-13,3607,old
U09569,WeChat,Tencent,Messaging and social media,Fiji,137.28,medium,False,2026-08-07,22,very_new
U09570,X (formerly Twitter),X Corp.,Microblogging,Guadeloupe,173.58,medium,False,2022-06-20,1531,old
U09571,WeChat,Tencent,Messaging and social media,Montenegro,221.99,high,True,2023-07-04,1152,old
U09572,Reddit,Reddit Inc.,Discussion forums and communities,Algeria,153.06,medium,False,2018-08-18,2933,old
U09573,Snapchat,Snap Inc.,Multimedia messaging,Gibraltar,165.86,medium,True,2016-07-10,3702,old
U09574,WeChat,Tencent,Messaging and social media,Aruba,125.19,medium,True,2024-01-17,955,old
U09575,Telegram,Telegram FZ LLC,Messaging,Cameroon,211.39,high,True,2020-08-27,2193,old
U09576,Pinterest,Pinterest Inc.,Visual discovery and bookmarking,Yemen,56.02,low,True,2022-11-17,1381,old
U09577,Facebook,Meta,Social networking,Finland,83.32,medium,True,2019-05-30,2648,old
U09578,Facebook,Meta,Social networking,Cayman Islands,46.13,low,False,2026-08-09,20,very_new
U09579,Instagram,Meta,Photo and video sharing,Lebanon,147.53,medium,False,2025-04-23,493,established
U09580,Instagram,Meta,Photo and video sharing,Saint Barthelemy,247.04,high,True,2022-08-14,1476,old
U09581,TikTok,ByteDance,Short-form videos,Ukraine,274.83,high,False,2021-07-05,1881,old
U09582,WeChat,Tencent,Messaging and social media,Timor-Leste,116.36,medium,False,2021-10-27,1767,old
U09583,WhatsApp,Meta,Messaging,Greece,112.5,medium,True,2016-03-21,3813,old
U09584,TikTok,ByteDance,Short-form videos,Belarus,8.58,low,True,2019-06-05,2642,old
U09585,WhatsApp,Meta,Messaging,Puerto Rico,199.96,high,True,2023-04-02,1245,old
U09586,TikTok,ByteDance,Short-form videos,Turks and Caicos Islands,77.29,medium,False,2026-08-08,21,very_new
U09587,TikTok,ByteDance,Short-form videos,Congo,273.3,high,False,2018-06-26,2986,old
U09588,Telegram,Telegram FZ LLC,Messaging,Chile,244.56,high,False,2019-01-01,2797,old
U09589,Quora,Quora Inc.,Q&A knowledge sharing,Cameroon,49.79,low,True,2015-09-23,3993,old
U09590,Instagram,Meta,Photo and video sharing,Honduras,188.88,high,False,2018-02-19,3113,old
U09591,X (formerly Twitter),X Corp.,Microblogging,Trinidad and Tobago,157.7,medium,True,2024-12-10,627,established
U09592,Telegram,Telegram FZ LLC,Messaging,North Macedonia,221.46,high,False,2022-10-02,1427,old
U09593,YouTube,Google,Video sharing,Panama,299.31,high,True,2024-04-27,854,old
U09594,WhatsApp,Meta,Messaging,Mayotte,189.93,high,True,2023-04-30,1217,old
U09595,Reddit,Reddit Inc.,Discussion forums and communities,Croatia,232.99,high,False,2018-05-08,3035,old
U09596,Reddit,Reddit Inc.,Discussion forums and communities,Estonia,227.26,high,False,2019-04-10,2698,old
U09597,WeChat,Tencent,Messaging and social media,New Caledonia,130.44,medium,True,2026-06-26,64,new
U09598,Facebook,Meta,Social networking,Vietnam,154.27,medium,True,2016-05-30,3743,old
U09599,Threads,Meta,Text-based social networking,Cape Verde,16.74,low,True,2019-06-22,2625,old
U09600,LinkedIn,Microsoft,Professional networking,Vanuatu,149.83,medium,False,2024-04-03,878,old
U09601,WhatsApp,Meta,Messaging,Cayman Islands,117.2,medium,False,2015-07-23,4055,old
U09602,Threads,Meta,Text-based social networking,Uganda,108.45,medium,False,2023-02-26,1280,old
U09603,Instagram,Meta,Photo and video sharing,Guyana,124.12,medium,True,2016-02-06,3857,old
U09604,Facebook,Meta,Social networking,Nicaragua,166.3,medium,False,2026-06-18,72,new
U09605,Pinterest,Pinterest Inc.,Visual discovery and bookmarking,Armenia,272.08,high,True,2021-03-09,1999,old
U09606,Threads,Meta,Text-based social networking,Bermuda,107.8,medium,True,2016-09-12,3638,old
U09607,Instagram,Meta,Photo and video sharing,Morocco,24.81,low,True,2018-12-27,2802,old
U09608,LinkedIn,Microsoft,Professional networking,Jamaica,84.25,medium,False,2015-07-30,4048,old
U09609,Telegram,Telegram FZ LLC,Messaging,North Macedonia,40.41,low,True,2022-12-03,1365,old
U09610,Telegram,Telegram FZ LLC,Messaging,Mexico,157.97,medium,False,2019-10-17,2508,old
U09611,Threads,Meta,Text-based social networking,Hungary,40.92,low,True,2021-08-02,1853,old
U09612,LinkedIn,Microsoft,Professional networking,Vanuatu,225.49,high,True,2026-08-12,17,very_new
U09613,WeChat,Tencent,Messaging and social media,Belarus,46.14,low,True,2016-01-09,3885,old
U09614,Instagram,Meta,Photo and video sharing,Denmark,188.34,high,False,2015-09-18,3998,old
U09615,Snapchat,Snap Inc.,Multimedia messaging,Gibraltar,287.07,high,False,2016-09-01,3649,old
U09616,Facebook,Meta,Social networking,Swaziland,154.22,medium,True,2021-07-07,1879,old
U09617,Instagram,Meta,Photo and video sharing,Grenada,86.95,medium,False,2026-08-18,11,very_new
U09618,WeChat,Tencent,Messaging and social media,Lebanon,101.73,medium,False,2018-01-28,3135,old
U09619,Reddit,Reddit Inc.,Discussion forums and communities,Liberia,13.61,low,True,2021-11-23,1740,old
U09620,WhatsApp,Meta,Messaging,Korea,264.51,high,True,2026-06-04,86,new
U09621,WhatsApp,Meta,Messaging,Luxembourg,227.07,high,False,2022-09-24,1435,old
U09622,Facebook,Meta,Social networking,Jamaica,142.92,medium,False,2019-05-13,2665,old
U09623,Pinterest,Pinterest Inc.,Visual discovery and bookmarking,North Macedonia,13.01,low,False,2019-01-28,2770,old
U09624,Telegram,Telegram FZ LLC,Messaging,Nicaragua,215.71,high,True,2016-10-01,3619,old
U09625,Quora,Quora Inc.,Q&A knowledge sharing,Bouvet Island (Bouvetoya),134.03,medium,False,2020-04-08,2334,old
U09626,Snapchat,Snap Inc.,Multimedia messaging,Bhutan,148.79,medium,True,2016-09-25,3625,old
U09627,Reddit,Reddit Inc.,Discussion forums and communities,Saint Kitts and Nevis,70.32,medium,True,2026-08-25,4,very_new
U09628,Threads,Meta,Text-based social networking,Saint Martin,205.58,high,False,2016-11-22,3567,old
U09629,WeChat,Tencent,Messaging and social media,Latvia,74.6,medium,True,2023-11-10,1023,old
U09630,Telegram,Telegram FZ LLC,Messaging,Dominica,163.33,medium,False,2022-10-19,1410,old
U09631,Reddit,Reddit Inc.,Discussion forums and communities,Oman,259.05,high,True,2024-05-06,845,old
U09632,Threads,Meta,Text-based social networking,San Marino,82.75,medium,False,2016-06-05,3737,old
U09633,Quora,Quora Inc.,Q&A knowledge sharing,French Southern Territories,174.55,medium,True,2017-11-19,3205,old
U09634,X (formerly Twitter),X Corp.,Microblogging,Saint Lucia,121.82,medium,False,2026-04-16,135,new
U09635,WeChat,Tencent,Messaging and social media,Macao,153.96,medium,True,2023-07-08,1148,old
U09636,YouTube,Google,Video sharing,Bangladesh,47.21,low,True,2026-07-18,42,new
U09637,X (formerly Twitter),X Corp.,Microblogging,Indonesia,228.76,high,True,2018-01-26,3137,old
U09638,Instagram,Meta,Photo and video sharing,Sao Tome and Principe,135.62,medium,False,2020-02-20,2382,old
U09639,Reddit,Reddit Inc.,Discussion forums and communities,Nigeria,110.04,medium,True,2021-03-15,1993,old
U09640,YouTube,Google,Video sharing,Western Sahara,280.09,high,False,2017-11-12,3212,old
U09641,Reddit,Reddit Inc.,Discussion forums and communities,Kiribati,205.83,high,False,2021-03-29,1979,old
U09642,Snapchat,Snap Inc.,Multimedia messaging,Chile,32.05,low,False,2024-07-26,764,old
U09643,Quora,Quora Inc.,Q&A knowledge sharing,Peru,175.65,medium,False,2026-04-30,121,new
U09644,YouTube,Google,Video sharing,Liechtenstein,99.3,medium,False,2026-06-16,74,new
U09645,Pinterest,Pinterest Inc.,Visual discovery and bookmarking,Slovenia,265.0,high,True,2025-05-03,483,established
U09646,X (formerly Twitter),X Corp.,Microblogging,Lebanon,209.13,high,True,2016-03-06,3828,old
U09647,Pinterest,Pinterest Inc.,Visual discovery and bookmarking,Fiji,145.28,medium,True,2022-05-28,1554,old
U09648,Threads,Meta,Text-based social networking,El Salvador,163.61,medium,True,2015-07-26,4052,old
U09649,YouTube,Google,Video sharing,Dominica,190.27,high,True,2026-08-20,9,very_new
U09650,Instagram,Meta,Photo and video sharing,Grenada,32.35,low,True,2020-08-12,2208,old
U09651,TikTok,ByteDance,Short-form videos,Zambia,115.8,medium,False,2015-12-02,3923,old
U09652,Quora,Quora Inc.,Q&A knowledge sharing,Indonesia,69.92,medium,False,2025-03-17,530,established
U09653,Reddit,Reddit Inc.,Discussion forums and communities,Equatorial Guinea,279.76,high,True,2023-03-20,1258,old
U09654,WeChat,Tencent,Messaging and social media,Ethiopia,108.93,medium,False,2016-07-28,3684,old
U09655,WhatsApp,Meta,Messaging,Kazakhstan,116.58,medium,True,2017-09-14,3271,old
U09656,Instagram,Meta,Photo and video sharing,Iran,22.17,low,True,2022-02-25,1646,old
U09657,Facebook,Meta,Social networking,Heard Island and McDonald Islands,25.31,low,True,2019-01-30,2768,old
U09658,Instagram,Meta,Photo and video sharing,Zimbabwe,28.67,low,True,2025-03-01,546,established
U09659,Threads,Meta,Text-based social networking,Bouvet Island (Bouvetoya),52.29,low,False,2017-11-29,3195,old
U09660,Reddit,Reddit Inc.,Discussion forums and communities,Vanuatu,52.45,low,False,2017-08-08,3308,old
U09661,Telegram,Telegram FZ LLC,Messaging,Norfolk Island,74.67,medium,False,2026-07-11,49,new
U09662,Snapchat,Snap Inc.,Multimedia messaging,Germany,79.36,medium,False,2018-12-20,2809,old
U09663,Reddit,Reddit Inc.,Discussion forums and communities,Sri Lanka,70.59,medium,False,2026-08-07,22,very_new
U09664,TikTok,ByteDance,Short-form videos,Vietnam,163.94,medium,False,2022-11-04,1394,old
U09665,Instagram,Meta,Photo and video sharing,Paraguay,246.51,high,True,2022-09-15,1444,old
U09666,WhatsApp,Meta,Messaging,Western Sahara,110.72,medium,False,2016-05-07,3766,old
U09667,Quora,Quora Inc.,Q&A knowledge sharing,Italy,249.43,high,False,2026-06-08,82,new
U09668,Quora,Quora Inc.,Q&A knowledge sharing,Chile,152.16,medium,True,2026-04-14,137,new
U09669,YouTube,Google,Video sharing,Hungary,179.47,medium,False,2026-05-05,116,new
U09670,Instagram,Meta,Photo and video sharing,Niger,191.05,high,True,2021-05-14,1933,old
U09671,Quora,Quora Inc.,Q&A knowledge sharing,Sweden,259.4,high,True,2020-11-21,2107,old
U09672,WhatsApp,Meta,Messaging,Latvia,212.75,high,False,2022-10-19,1410,old
U09673,Reddit,Reddit Inc.,Discussion forums and communities,Bouvet Island (Bouvetoya),186.52,high,False,2019-02-14,2753,old
U09674,Snapchat,Snap Inc.,Multimedia messaging,French Polynesia,176.8,medium,False,2015-12-03,3922,old
U09675,TikTok,ByteDance,Short-form videos,United Kingdom,282.1,high,True,2017-03-11,3458,old
U09676,Snapchat,Snap Inc.,Multimedia messaging,Belize,148.34,medium,False,2016-12-14,3545,old
U09677,Reddit,Reddit Inc.,Discussion forums and communities,Cambodia,82.6,medium,True,2024-04-18,863,old
U09678,Quora,Quora Inc.,Q&A knowledge sharing,Austria,240.59,high,True,2015-08-14,4033,old
U09679,LinkedIn,Microsoft,Professional networking,Japan,222.59,high,False,2026-04-17,134,new
U09680,Quora,Quora Inc.,Q&A knowledge sharing,Belarus,83.17,medium,True,2017-08-28,3288,old
U09681,X (formerly Twitter),X Corp.,Microblogging,Bosnia and Herzegovina,8.62,low,True,2020-10-08,2151,old
U09682,TikTok,ByteDance,Short-form videos,Uruguay,157.47,medium,True,2022-08-15,1475,old
U09683,WeChat,Tencent,Messaging and social media,Azerbaijan,143.71,medium,True,2015-11-03,3952,old
U09684,Pinterest,Pinterest Inc.,Visual discovery and bookmarking,Niger,63.67,medium,True,2024-05-17,834,old
U09685,WeChat,Tencent,Messaging and social media,France,174.41,medium,True,2016-02-10,3853,old
U09686,WeChat,Tencent,Messaging and social media,Costa Rica,269.47,high,False,2017-09-05,3280,old
U09687,WeChat,Tencent,Messaging and social media,Finland,124.64,medium,True,2026-08-07,22,very_new
U09688,YouTube,Google,Video sharing,Sweden,255.16,high,True,2019-03-15,2724,old
U09689,Quora,Quora Inc.,Q&A knowledge sharing,Madagascar,289.51,high,True,2019-03-13,2726,old
U09690,LinkedIn,Microsoft,Professional networking,Bhutan,167.68,medium,False,2024-07-04,786,old
U09691,X (formerly Twitter),X Corp.,Microblogging,Kyrgyz Republic,297.1,high,True,2019-07-30,2587,old
U09692,LinkedIn,Microsoft,Professional networking,United States Minor Outlying Islands,246.95,high,False,2015-06-19,4089,old
U09693,Pinterest,Pinterest Inc.,Visual discovery and bookmarking,Cameroon,15.62,low,False,2019-05-29,2649,old
U09694,Quora,Quora Inc.,Q&A knowledge sharing,Brunei Darussalam,199.91,high,False,2026-07-19,41,new
U09695,Facebook,Meta,Social networking,Netherlands,173.5,medium,True,2017-12-13,3181,old
U09696,Facebook,Meta,Social networking,British Virgin Islands,95.79,medium,True,2025-02-20,555,established
U09697,Reddit,Reddit Inc.,Discussion forums and communities,Panama,294.25,high,True,2021-11-01,1762,old
U09698,Quora,Quora Inc.,Q&A knowledge sharing,Paraguay,156.61,medium,False,2019-08-02,2584,old
U09699,YouTube,Google,Video sharing,Macao,9.04,low,True,2021-02-01,2035,old
U09700,Facebook,Meta,Social networking,Mauritius,265.75,high,True,2020-07-06,2245,old
U09701,Telegram,Telegram FZ LLC,Messaging,Honduras,244.46,high,False,2022-04-08,1604,old
U09702,YouTube,Google,Video sharing,Madagascar,216.0,high,True,2020-11-03,2125,old
U09703,Snapchat,Snap Inc.,Multimedia messaging,France,61.29,medium,True,2023-07-01,1155,old
U09704,Facebook,Meta,Social networking,Mali,175.72,medium,True,2016-03-14,3820,old
U09705,WhatsApp,Meta,Messaging,Botswana,202.31,high,True,2017-03-27,3442,old
U09706,WeChat,Tencent,Messaging and social media,Timor-Leste,163.15,medium,True,2020-11-26,2102,old
U09707,Telegram,Telegram FZ LLC,Messaging,Algeria,64.17,medium,False,2016-01-04,3890,old
U09708,Facebook,Meta,Social networking,San Marino,95.64,medium,True,2026-05-10,111,new
U09709,Telegram,Telegram FZ LLC,Messaging,Costa Rica,60.68,medium,False,2026-03-16,166,new
U09710,LinkedIn,Microsoft,Professional networking,Seychelles,148.55,medium,True,2023-04-16,1231,old
U09711,Pinterest,Pinterest Inc.,Visual discovery and bookmarking,Saint Martin,295.72,high,False,2023-02-19,1287,old
U09712,Instagram,Meta,Photo and video sharing,Uruguay,289.69,high,False,2017-09-09,3276,old
U09713,LinkedIn,Microsoft,Professional networking,Syrian Arab Republic,162.02,medium,True,2026-07-31,29,very_new
U09714,WeChat,Tencent,Messaging and social media,Bhutan,289.52,high,True,2020-09-01,2188,old
U09715,Snapchat,Snap Inc.,Multimedia messaging,Bahamas,256.97,high,False,2022-03-21,1622,old
U09716,Snapchat,Snap Inc.,Multimedia messaging,Monaco,244.07,high,False,2020-06-10,2271,old
U09717,Snapchat,Snap Inc.,Multimedia messaging,Sudan,93.76,medium,True,2022-09-19,1440,old
U09718,Reddit,Reddit Inc.,Discussion forums and communities,Liberia,199.44,high,True,2023-08-01,1124,old
U09719,LinkedIn,Microsoft,Professional networking,Hungary,223.48,high,True,2025-03-31,516,established
U09720,WhatsApp,Meta,Messaging,Uganda,216.2,high,True,2023-09-20,1074,old
U09721,Threads,Meta,Text-based social networking,Netherlands,172.19,medium,True,2018-05-09,3034,old
U09722,Facebook,Meta,Social networking,Tokelau,18.33,low,True,2016-12-28,3531,old
U09723,Reddit,Reddit Inc.,Discussion forums and communities,Aruba,232.75,high,True,2017-07-17,3330,old
U09724,YouTube,Google,Video sharing,Australia,143.2,medium,False,2026-08-12,17,very_new
U09725,Quora,Quora Inc.,Q&A knowledge sharing,Ukraine,142.7,medium,True,2017-11-23,3201,old
U09726,Instagram,Meta,Photo and video sharing,Nigeria,79.14,medium,True,2017-09-29,3256,old
U09727,Facebook,Meta,Social networking,United States of America,283.88,high,True,2019-08-11,2575,old
U09728,Pinterest,Pinterest Inc.,Visual discovery and bookmarking,Dominican Republic,272.12,high,False,2018-06-10,3002,old
U09729,X (formerly Twitter),X Corp.,Microblogging,Ecuador,102.82,medium,False,2018-02-10,3122,old
U09730,LinkedIn,Microsoft,Professional networking,Syrian Arab Republic,62.1,medium,True,2016-02-24,3839,old
U09731,Telegram,Telegram FZ LLC,Messaging,South Africa,264.29,high,False,2023-06-25,1161,old
U09732,WeChat,Tencent,Messaging and social media,Belgium,213.36,high,True,2018-01-30,3133,old
U09733,Telegram,Telegram FZ LLC,Messaging,Paraguay,52.07,low,False,2019-03-21,2718,old
U09734,Telegram,Telegram FZ LLC,Messaging,Martinique,45.85,low,False,2024-06-26,794,old
U09735,Instagram,Meta,Photo and video sharing,Greece,216.78,high,False,2026-08-18,11,very_new
U09736,Reddit,Reddit Inc.,Discussion forums and communities,Angola,132.61,medium,True,2016-01-30,3864,old
U09737,Reddit,Reddit Inc.,Discussion forums and communities,Togo,260.89,high,False,2019-09-23,2532,old
U09738,WhatsApp,Meta,Messaging,Mauritius,195.89,high,False,2023-04-23,1224,old
U09739,Telegram,Telegram FZ LLC,Messaging,Papua New Guinea,161.67,medium,True,2018-01-26,3137,old
U09740,Reddit,Reddit Inc.,Discussion forums and communities,Greece,132.18,medium,True,2026-03-22,160,new
U09741,Instagram,Meta,Photo and video sharing,Senegal,247.6,high,False,2026-04-22,129,new
U09742,Threads,Meta,Text-based social networking,Cameroon,162.35,medium,True,2024-01-23,949,old
U09743,Threads,Meta,Text-based social networking,Fiji,288.45,high,False,2020-12-15,2083,old
U09744,Threads,Meta,Text-based social networking,Brunei Darussalam,224.74,high,False,2016-09-29,3621,old
U09745,LinkedIn,Microsoft,Professional networking,Poland,171.44,medium,False,2016-10-18,3602,old
U09746,WeChat,Tencent,Messaging and social media,Papua New Guinea,62.24,medium,False,2025-01-18,588,established
U09747,Pinterest,Pinterest Inc.,Visual discovery and bookmarking,Belgium,204.54,high,True,2015-08-15,4032,old
U09748,Telegram,Telegram FZ LLC,Messaging,Guyana,143.83,medium,False,2017-10-02,3253,old
U09749,Quora,Quora Inc.,Q&A knowledge sharing,Korea,220.6,high,False,2022-02-01,1670,old
U09750,Pinterest,Pinterest Inc.,Visual discovery and bookmarking,Peru,226.62,high,True,2020-10-29,2130,old
U09751,Pinterest,Pinterest Inc.,Visual discovery and bookmarking,Montserrat,60.47,medium,True,2020-08-27,2193,old
U09752,Reddit,Reddit Inc.,Discussion forums and communities,Oman,45.68,low,True,2021-10-15,1779,old
U09753,Threads,Meta,Text-based social networking,Zimbabwe,141.82,medium,False,2021-06-21,1895,old
U09754,X (formerly Twitter),X Corp.,Microblogging,Greece,25.74,low,False,2019-03-09,2730,old
U09755,TikTok,ByteDance,Short-form videos,Iran,297.9,high,True,2020-06-06,2275,old
U09756,Threads,Meta,Text-based social networking,Kiribati,10.96,low,True,2020-05-06,2306,old
U09757,Facebook,Meta,Social networking,Wallis and Futuna,215.38,high,False,2021-04-05,1972,old
U09758,Quora,Quora Inc.,Q&A knowledge sharing,Saint Kitts and Nevis,133.03,medium,True,2015-09-19,3997,old
U09759,YouTube,Google,Video sharing,Singapore,206.71,high,False,2020-07-29,2222,old
U09760,Telegram,Telegram FZ LLC,Messaging,Papua New Guinea,52.64,low,False,2020-07-31,2220,old
U09761,Facebook,Meta,Social networking,Gibraltar,196.6,high,True,2016-04-07,3796,old
U09762,WhatsApp,Meta,Messaging,Colombia,61.25,medium,True,2024-10-09,689,established
U09763,Instagram,Meta,Photo and video sharing,Tajikistan,150.77,medium,False,2020-04-25,2317,old
U09764,Reddit,Reddit Inc.,Discussion forums and communities,Sudan,110.36,medium,False,2024-09-18,710,established
U09765,Pinterest,Pinterest Inc.,Visual discovery and bookmarking,Romania,81.15,medium,False,2020-04-09,2333,old
U09766,Pinterest,Pinterest Inc.,Visual discovery and bookmarking,Zambia,257.85,high,False,2022-01-28,1674,old
U09767,Reddit,Reddit Inc.,Discussion forums and communities,Ireland,95.09,medium,False,2021-10-01,1793,old
U09768,Reddit,Reddit Inc.,Discussion forums and communities,Morocco,270.47,high,True,2017-09-16,3269,old
U09769,Snapchat,Snap Inc.,Multimedia messaging,Israel,157.56,medium,True,2026-08-07,22,very_new
U09770,Instagram,Meta,Photo and video sharing,Botswana,115.66,medium,True,2015-09-28,3988,old
U09771,Reddit,Reddit Inc.,Discussion forums and communities,Senegal,296.72,high,False,2020-08-11,2209,old
U09772,Instagram,Meta,Photo and video sharing,Macao,84.88,medium,True,2022-01-18,1684,old
U09773,WhatsApp,Meta,Messaging,Guam,133.65,medium,True,2023-06-09,1177,old
U09774,WeChat,Tencent,Messaging and social media,Latvia,208.17,high,False,2026-08-07,22,very_new
U09775,YouTube,Google,Video sharing,Grenada,250.42,high,False,2021-11-13,1750,old
U09776,Instagram,Meta,Photo and video sharing,El Salvador,285.38,high,False,2021-02-15,2021,old
U09777,X (formerly Twitter),X Corp.,Microblogging,Zambia,219.69,high,True,2024-12-17,620,established
U09778,LinkedIn,Microsoft,Professional networking,Switzerland,74.18,medium,False,2026-06-23,67,new
U09779,Quora,Quora Inc.,Q&A knowledge sharing,Serbia,216.06,high,False,2025-04-17,499,established
U09780,Telegram,Telegram FZ LLC,Messaging,New Zealand,293.37,high,True,2018-11-01,2858,old
U09781,WhatsApp,Meta,Messaging,Cuba,265.76,high,False,2022-06-04,1547,old
U09782,Instagram,Meta,Photo and video sharing,Mozambique,32.14,low,True,2024-02-21,920,old
U09783,Telegram,Telegram FZ LLC,Messaging,Malawi,258.96,high,True,2018-02-04,3128,old
U09784,Reddit,Reddit Inc.,Discussion forums and communities,Botswana,220.69,high,True,2019-05-16,2662,old
U09785,X (formerly Twitter),X Corp.,Microblogging,Finland,155.33,medium,True,2026-04-04,147,new
U09786,Snapchat,Snap Inc.,Multimedia messaging,Guatemala,109.57,medium,True,2019-12-28,2436,old
U09787,X (formerly Twitter),X Corp.,Microblogging,Spain,133.01,medium,True,2017-08-24,3292,old
U09788,YouTube,Google,Video sharing,Ghana,192.66,high,True,2016-10-09,3611,old
U09789,Snapchat,Snap Inc.,Multimedia messaging,San Marino,43.48,low,True,2022-11-30,1368,old
U09790,Telegram,Telegram FZ LLC,Messaging,China,58.76,low,False,2024-10-16,682,established
U09791,TikTok,ByteDance,Short-form videos,El Salvador,112.66,medium,True,2018-03-13,3091,old
U09792,Reddit,Reddit Inc.,Discussion forums and communities,Syrian Arab Republic,6.8,low,True,2026-08-28,1,very_new
U09793,TikTok,ByteDance,Short-form videos,Ukraine,27.89,low,True,2026-08-12,17,very_new
U09794,YouTube,Google,Video sharing,Ethiopia,175.87,medium,False,2022-08-16,1474,old
U09795,LinkedIn,Microsoft,Professional networking,New Caledonia,129.56,medium,True,2020-09-01,2188,old
U09796,Telegram,Telegram FZ LLC,Messaging,Cape Verde,79.13,medium,False,2022-05-23,1559,old
U09797,Pinterest,Pinterest Inc.,Visual discovery and bookmarking,Paraguay,223.72,high,False,2023-04-26,1221,old
U09798,X (formerly Twitter),X Corp.,Microblogging,Honduras,73.89,medium,True,2016-07-21,3691,old
U09799,YouTube,Google,Video sharing,Mauritius,125.6,medium,True,2021-09-14,1810,old
U09800,Snapchat,Snap Inc.,Multimedia messaging,Canada,5.99,low,False,2018-01-15,3148,old
U09801,YouTube,Google,Video sharing,Bangladesh,198.47,high,False,2016-12-20,3539,old
U09802,Facebook,Meta,Social networking,Martinique,232.37,high,True,2023-12-25,978,old
U09803,Telegram,Telegram FZ LLC,Messaging,Taiwan,103.42,medium,False,2019-12-13,2451,old
U09804,WeChat,Tencent,Messaging and social media,United States of America,242.06,high,True,2024-08-04,755,old
U09805,X (formerly Twitter),X Corp.,Microblogging,Philippines,206.87,high,True,2019-09-17,2538,old
U09806,TikTok,ByteDance,Short-form videos,Bosnia and Herzegovina,151.73,medium,True,2026-04-12,139,new
U09807,Threads,Meta,Text-based social networking,Peru,184.92,high,True,2017-05-31,3377,old
U09808,Threads,Meta,Text-based social networking,Yemen,46.28,low,False,2024-06-22,798,old
U09809,Telegram,Telegram FZ LLC,Messaging,Mayotte,158.38,medium,False,2022-09-24,1435,old
U09810,YouTube,Google,Video sharing,Serbia,24.67,low,False,2022-08-07,1483,old
U09811,Instagram,Meta,Photo and video sharing,France,59.22,low,True,2024-03-08,904,old
U09812,WeChat,Tencent,Messaging and social media,Svalbard & Jan Mayen Islands,109.93,medium,True,2026-08-20,9,very_new
U09813,Telegram,Telegram FZ LLC,Messaging,Senegal,199.96,high,True,2023-07-01,1155,old
U09814,YouTube,Google,Video sharing,Hungary,262.14,high,True,2018-02-10,3122,old
U09815,Pinterest,Pinterest Inc.,Visual discovery and bookmarking,Congo,177.1,medium,False,2019-09-18,2537,old
U09816,YouTube,Google,Video sharing,Togo,273.13,high,False,2022-05-27,1555,old
U09817,TikTok,ByteDance,Short-form videos,Gambia,282.19,high,True,2016-01-16,3878,old
U09818,TikTok,ByteDance,Short-form videos,Finland,93.5,medium,False,2015-09-04,4012,old
U09819,Instagram,Meta,Photo and video sharing,El Salvador,237.99,high,True,2016-04-27,3776,old
U09820,Reddit,Reddit Inc.,Discussion forums and communities,Svalbard & Jan Mayen Islands,99.41,medium,True,2023-10-09,1055,old
U09821,Facebook,Meta,Social networking,United States Virgin Islands,184.57,high,False,2019-02-09,2758,old
U09822,Pinterest,Pinterest Inc.,Visual discovery and bookmarking,Romania,286.91,high,False,2018-03-04,3100,old
U09823,Pinterest,Pinterest Inc.,Visual discovery and bookmarking,Vanuatu,105.92,medium,True,2023-07-16,1140,old
U09824,YouTube,Google,Video sharing,Turkmenistan,240.69,high,False,2017-06-20,3357,old
U09825,Reddit,Reddit Inc.,Discussion forums and communities,Somalia,23.17,low,True,2020-07-15,2236,old
U09826,Facebook,Meta,Social networking,Mayotte,18.37,low,False,2018-05-02,3041,old
U09827,WhatsApp,Meta,Messaging,Switzerland,296.77,high,False,2022-09-07,1452,old
U09828,WhatsApp,Meta,Messaging,Burkina Faso,6.28,low,False,2022-03-29,1614,old
U09829,Facebook,Meta,Social networking,Slovenia,90.23,medium,True,2025-01-03,603,established
U09830,YouTube,Google,Video sharing,Wallis and Futuna,113.34,medium,False,2026-08-25,4,very_new
U09831,Facebook,Meta,Social networking,Northern Mariana Islands,96.58,medium,False,2019-12-24,2440,old
U09832,WeChat,Tencent,Messaging and social media,American Samoa,223.75,high,False,2026-08-03,26,very_new
U09833,Snapchat,Snap Inc.,Multimedia messaging,Honduras,32.89,low,False,2022-02-24,1647,old
U09834,Threads,Meta,Text-based social networking,Nicaragua,152.1,medium,False,2018-03-29,3075,old
U09835,Facebook,Meta,Social networking,Hungary,251.71,high,False,2015-10-29,3957,old
U09836,LinkedIn,Microsoft,Professional networking,Sri Lanka,221.59,high,False,2019-06-23,2624,old
U09837,Pinterest,Pinterest Inc.,Visual discovery and bookmarking,Liberia,113.21,medium,True,2023-11-04,1029,old
U09838,Snapchat,Snap Inc.,Multimedia messaging,Austria,143.81,medium,False,2026-03-17,165,new
U09839,YouTube,Google,Video sharing,Fiji,164.23,medium,True,2020-02-04,2398,old
U09840,TikTok,ByteDance,Short-form videos,Cayman Islands,205.41,high,True,2024-07-19,771,old
U09841,Quora,Quora Inc.,Q&A knowledge sharing,Andorra,79.03,medium,False,2020-05-20,2292,old
U09842,Reddit,Reddit Inc.,Discussion forums and communities,Namibia,260.45,high,False,2019-05-27,2651,old
U09843,TikTok,ByteDance,Short-form videos,Denmark,105.38,medium,True,2015-11-19,3936,old
U09844,LinkedIn,Microsoft,Professional networking,Bosnia and Herzegovina,272.29,high,False,2026-06-14,76,new
U09845,Quora,Quora Inc.,Q&A knowledge sharing,Suriname,85.08,medium,True,2023-12-21,982,old
U09846,WeChat,Tencent,Messaging and social media,China,172.36,medium,True,2016-12-22,3537,old
U09847,Snapchat,Snap Inc.,Multimedia messaging,French Guiana,48.32,low,True,2021-10-16,1778,old
U09848,Facebook,Meta,Social networking,Belgium,216.64,high,False,2020-03-28,2345,old
U09849,TikTok,ByteDance,Short-form videos,Monaco,292.7,high,True,2024-01-24,948,old
U09850,Snapchat,Snap Inc.,Multimedia messaging,China,257.54,high,False,2019-09-09,2546,old
U09851,Reddit,Reddit Inc.,Discussion forums and communities,Gambia,206.54,high,False,2025-02-08,567,established
U09852,WeChat,Tencent,Messaging and social media,Libyan Arab Jamahiriya,241.59,high,False,2017-10-16,3239,old
U09853,Telegram,Telegram FZ LLC,Messaging,Turkey,283.14,high,True,2017-02-14,3483,old
U09854,Telegram,Telegram FZ LLC,Messaging,France,153.03,medium,True,2025-03-01,546,established
U09855,Threads,Meta,Text-based social networking,Western Sahara,290.54,high,False,2017-02-07,3490,old
U09856,LinkedIn,Microsoft,Professional networking,Korea,187.53,high,False,2017-01-17,3511,old
U09857,Pinterest,Pinterest Inc.,Visual discovery and bookmarking,Indonesia,184.21,high,True,2017-03-27,3442,old
U09858,LinkedIn,Microsoft,Professional networking,Botswana,128.23,medium,False,2022-07-02,1519,old
U09859,Reddit,Reddit Inc.,Discussion forums and communities,Bhutan,124.52,medium,False,2026-06-08,82,new
U09860,Snapchat,Snap Inc.,Multimedia messaging,Nigeria,28.62,low,False,2017-09-11,3274,old
U09861,Instagram,Meta,Photo and video sharing,Tonga,70.09,medium,False,2021-08-11,1844,old
U09862,Pinterest,Pinterest Inc.,Visual discovery and bookmarking,Mongolia,233.04,high,False,2018-01-07,3156,old
U09863,Reddit,Reddit Inc.,Discussion forums and communities,Burundi,189.54,high,False,2020-03-21,2352,old
U09864,TikTok,ByteDance,Short-form videos,Tajikistan,188.79,high,True,2020-12-27,2071,old
U09865,YouTube,Google,Video sharing,Saint Helena,201.12,high,False,2024-01-07,965,old
U09866,Threads,Meta,Text-based social networking,Heard Island and McDonald Islands,22.07,low,False,2017-10-02,3253,old
U09867,Pinterest,Pinterest Inc.,Visual discovery and bookmarking,Denmark,268.07,high,False,2018-07-07,2975,old
U09868,Quora,Quora Inc.,Q&A knowledge sharing,Aruba,47.12,low,True,2015-10-27,3959,old
U09869,Pinterest,Pinterest Inc.,Visual discovery and bookmarking,Togo,195.01,high,True,2016-04-22,3781,old
U09870,Snapchat,Snap Inc.,Multimedia messaging,Kiribati,175.86,medium,False,2021-03-09,1999,old
U09871,Quora,Quora Inc.,Q&A knowledge sharing,French Polynesia,66.8,medium,False,2015-05-23,4116,old
U09872,LinkedIn,Microsoft,Professional networking,Norfolk Island,134.21,medium,False,2020-01-04,2429,old
U09873,Threads,Meta,Text-based social networking,Micronesia,297.05,high,False,2020-10-16,2143,old
U09874,Pinterest,Pinterest Inc.,Visual discovery and bookmarking,Kenya,42.17,low,False,2015-07-13,4065,old
U09875,Reddit,Reddit Inc.,Discussion forums and communities,Sri Lanka,240.17,high,True,2017-03-21,3448,old
U09876,Facebook,Meta,Social networking,British Indian Ocean Territory (Chagos Archipelago),145.9,medium,True,2016-07-19,3693,old
U09877,Facebook,Meta,Social networking,Korea,45.64,low,False,2025-01-31,575,established
U09878,Snapchat,Snap Inc.,Multimedia messaging,Kiribati,267.63,high,True,2018-05-12,3031,old
U09879,WeChat,Tencent,Messaging and social media,Korea,238.74,high,False,2026-08-04,25,very_new
U09880,Snapchat,Snap Inc.,Multimedia messaging,Tanzania,288.56,high,False,2021-05-24,1923,old
U09881,LinkedIn,Microsoft,Professional networking,Antarctica (the territory South of 60 deg S),226.96,high,False,2021-06-01,1915,old
U09882,Facebook,Meta,Social networking,Fiji,178.37,medium,False,2026-08-16,13,very_new
U09883,X (formerly Twitter),X Corp.,Microblogging,Belgium,35.81,low,False,2018-05-27,3016,old
U09884,WhatsApp,Meta,Messaging,Christmas Island,226.08,high,False,2021-04-20,1957,old
U09885,TikTok,ByteDance,Short-form videos,Aruba,271.49,high,False,2024-01-17,955,old
U09886,Instagram,Meta,Photo and video sharing,North Macedonia,7.34,low,True,2024-04-21,860,old
U09887,X (formerly Twitter),X Corp.,Microblogging,North Macedonia,183.45,high,True,2024-06-17,803,old
U09888,TikTok,ByteDance,Short-form videos,Ethiopia,214.61,high,False,2023-04-03,1244,old
U09889,WhatsApp,Meta,Messaging,Bhutan,262.86,high,True,2024-12-22,615,established
U09890,TikTok,ByteDance,Short-form videos,Czech Republic,118.97,medium,True,2019-01-20,2778,old
U09891,Quora,Quora Inc.,Q&A knowledge sharing,France,239.07,high,False,2026-08-06,23,very_new
U09892,Snapchat,Snap Inc.,Multimedia messaging,New Zealand,145.01,medium,False,2022-06-10,1541,old
U09893,Snapchat,Snap Inc.,Multimedia messaging,Isle of Man,55.83,low,False,2016-05-18,3755,old
U09894,Facebook,Meta,Social networking,Kyrgyz Republic,266.03,high,False,2024-11-22,645,established
U09895,Instagram,Meta,Photo and video sharing,Palestinian Territory,241.87,high,False,2026-04-06,145,new
U09896,WeChat,Tencent,Messaging and social media,Bhutan,215.18,high,True,2022-09-07,1452,old
U09897,YouTube,Google,Video sharing,Tokelau,259.15,high,False,2018-07-14,2968,old
U09898,Pinterest,Pinterest Inc.,Visual discovery and bookmarking,Somalia,281.21,high,True,2024-02-20,921,old
U09899,Threads,Meta,Text-based social networking,Andorra,211.71,high,False,2024-05-08,843,old
U09900,Snapchat,Snap Inc.,Multimedia messaging,Costa Rica,215.74,high,True,2017-02-12,3485,old
U09901,X (formerly Twitter),X Corp.,Microblogging,Timor-Leste,170.46,medium,True,2017-12-17,3177,old
U09902,X (formerly Twitter),X Corp.,Microblogging,Thailand,33.45,low,True,2021-08-18,1837,old
U09903,Reddit,Reddit Inc.,Discussion forums and communities,Papua New Guinea,31.86,low,True,2026-06-15,75,new
U09904,Instagram,Meta,Photo and video sharing,Brunei Darussalam,252.05,high,True,2023-11-07,1026,old
U09905,Pinterest,Pinterest Inc.,Visual discovery and bookmarking,Cook Islands,140.76,medium,True,2018-01-04,3159,old
U09906,Reddit,Reddit Inc.,Discussion forums and communities,Tokelau,153.1,medium,False,2016-04-07,3796,old
U09907,WeChat,Tencent,Messaging and social media,Solomon Islands,15.4,low,False,2021-04-18,1959,old
U09908,Threads,Meta,Text-based social networking,Netherlands Antilles,7.02,low,False,2024-01-18,954,old
U09909,Reddit,Reddit Inc.,Discussion forums and communities,Oman,257.92,high,False,2017-03-21,3448,old
U09910,Facebook,Meta,Social networking,Singapore,19.28,low,False,2021-09-20,1804,old
U09911,Reddit,Reddit Inc.,Discussion forums and communities,Aruba,278.34,high,True,2016-08-27,3654,old
U09912,Instagram,Meta,Photo and video sharing,United States Minor Outlying Islands,108.86,medium,True,2021-12-14,1719,old
U09913,TikTok,ByteDance,Short-form videos,Dominica,79.63,medium,False,2019-06-01,2646,old
U09914,Instagram,Meta,Photo and video sharing,Palau,138.99,medium,True,2017-02-24,3473,old
U09915,WeChat,Tencent,Messaging and social media,Hong Kong,237.37,high,False,2023-07-11,1145,old
U09916,X (formerly Twitter),X Corp.,Microblogging,Saint Martin,265.92,high,False,2021-07-13,1873,old
U09917,X (formerly Twitter),X Corp.,Microblogging,Mauritania,151.21,medium,False,2018-04-29,3044,old
U09918,Telegram,Telegram FZ LLC,Messaging,France,113.94,medium,False,2018-06-21,2991,old
U09919,Threads,Meta,Text-based social networking,Netherlands Antilles,218.69,high,False,2016-06-24,3718,old
U09920,Reddit,Reddit Inc.,Discussion forums and communities,Angola,96.47,medium,True,2017-03-10,3459,old
U09921,Quora,Quora Inc.,Q&A knowledge sharing,Jersey,249.01,high,False,2023-05-03,1214,old
U09922,LinkedIn,Microsoft,Professional networking,Rwanda,15.76,low,True,2018-02-12,3120,old
U09923,Reddit,Reddit Inc.,Discussion forums and communities,Botswana,216.73,high,False,2022-01-26,1676,old
U09924,Reddit,Reddit Inc.,Discussion forums and communities,Afghanistan,234.43,high,False,2015-07-16,4062,old
U09925,Threads,Meta,Text-based social networking,Puerto Rico,88.57,medium,True,2021-10-15,1779,old
U09926,Quora,Quora Inc.,Q&A knowledge sharing,Gibraltar,269.5,high,False,2016-11-25,3564,old
U09927,Facebook,Meta,Social networking,Liberia,80.25,medium,False,2019-09-06,2549,old
U09928,Pinterest,Pinterest Inc.,Visual discovery and bookmarking,Monaco,192.43,high,True,2026-08-08,21,very_new
U09929,Pinterest,Pinterest Inc.,Visual discovery and bookmarking,Belgium,86.84,medium,True,2019-09-20,2535,old
U09930,Facebook,Meta,Social networking,Svalbard & Jan Mayen Islands,209.72,high,False,2017-06-24,3353,old
U09931,X (formerly Twitter),X Corp.,Microblogging,Korea,77.29,medium,False,2016-07-23,3689,old
U09932,X (formerly Twitter),X Corp.,Microblogging,Cape Verde,255.39,high,True,2016-05-26,3747,old
U09933,Pinterest,Pinterest Inc.,Visual discovery and bookmarking,Fiji,235.16,high,True,2024-06-14,806,old
U09934,YouTube,Google,Video sharing,New Zealand,193.0,high,False,2021-12-08,1725,old
U09935,LinkedIn,Microsoft,Professional networking,Italy,77.59,medium,False,2026-08-16,13,very_new
U09936,YouTube,Google,Video sharing,Austria,188.73,high,False,2015-07-17,4061,old
U09937,TikTok,ByteDance,Short-form videos,Italy,140.56,medium,True,2023-07-20,1136,old
U09938,Threads,Meta,Text-based social networking,Kyrgyz Republic,101.99,medium,True,2021-01-28,2039,old
U09939,Telegram,Telegram FZ LLC,Messaging,Gambia,144.14,medium,False,2020-12-29,2069,old
U09940,WhatsApp,Meta,Messaging,Tajikistan,224.95,high,True,2019-08-17,2569,old
U09941,Pinterest,Pinterest Inc.,Visual discovery and bookmarking,Mexico,119.27,medium,True,2026-08-17,12,very_new
U09942,TikTok,ByteDance,Short-form videos,Bhutan,98.15,medium,False,2024-09-12,716,established
U09943,WhatsApp,Meta,Messaging,Svalbard & Jan Mayen Islands,208.8,high,True,2026-05-08,113,new
U09944,Reddit,Reddit Inc.,Discussion forums and communities,Haiti,155.54,medium,True,2024-01-21,951,old
U09945,Reddit,Reddit Inc.,Discussion forums and communities,Martinique,248.22,high,True,2016-06-07,3735,old
U09946,WhatsApp,Meta,Messaging,Antarctica (the territory South of 60 deg S),281.76,high,False,2018-12-24,2805,old
U09947,Facebook,Meta,Social networking,Mauritius,103.45,medium,False,2026-08-12,17,very_new
U09948,WeChat,Tencent,Messaging and social media,Belize,21.13,low,True,2019-10-09,2516,old
U09949,WeChat,Tencent,Messaging and social media,Armenia,113.56,medium,False,2020-02-06,2396,old
U09950,Quora,Quora Inc.,Q&A knowledge sharing,Cayman Islands,87.68,medium,False,2017-03-20,3449,old
U09951,Threads,Meta,Text-based social networking,Russian Federation,50.81,low,True,2015-09-18,3998,old
U09952,LinkedIn,Microsoft,Professional networking,Ethiopia,121.89,medium,True,2018-10-12,2878,old
U09953,X (formerly Twitter),X Corp.,Microblogging,Chile,263.51,high,True,2017-07-01,3346,old
U09954,LinkedIn,Microsoft,Professional networking,Dominica,42.95,low,False,2020-02-24,2378,old
U09955,WhatsApp,Meta,Messaging,Saint Martin,159.65,medium,False,2026-08-21,8,very_new
U09956,Snapchat,Snap Inc.,Multimedia messaging,Latvia,101.25,medium,False,2023-12-11,992,old
U09957,YouTube,Google,Video sharing,Lesotho,19.3,low,False,2020-02-05,2397,old
U09958,Reddit,Reddit Inc.,Discussion forums and communities,Kyrgyz Republic,107.43,medium,True,2022-07-10,1511,old
U09959,Snapchat,Snap Inc.,Multimedia messaging,Trinidad and Tobago,270.95,high,False,2024-12-14,623,established
U09960,TikTok,ByteDance,Short-form videos,Nicaragua,84.5,medium,False,2015-06-05,4103,old
U09961,LinkedIn,Microsoft,Professional networking,Lesotho,247.22,high,True,2023-10-19,1045,old
U09962,WhatsApp,Meta,Messaging,Brazil,252.14,high,False,2020-04-29,2313,old
U09963,YouTube,Google,Video sharing,Turkey,275.91,high,True,2017-10-15,3240,old
U09964,Telegram,Telegram FZ LLC,Messaging,Cyprus,36.43,low,True,2024-12-03,634,established
U09965,YouTube,Google,Video sharing,Cape Verde,154.24,medium,True,2019-03-21,2718,old
U09966,Telegram,Telegram FZ LLC,Messaging,Lesotho,262.52,high,False,2026-06-26,64,new
U09967,Telegram,Telegram FZ LLC,Messaging,Honduras,205.36,high,False,2020-03-28,2345,old
U09968,WhatsApp,Meta,Messaging,Afghanistan,180.15,high,True,2020-05-03,2309,old
U09969,Snapchat,Snap Inc.,Multimedia messaging,Venezuela,6.74,low,True,2024-07-31,759,old
U09970,TikTok,ByteDance,Short-form videos,Lao People's Democratic Republic,81.3,medium,False,2019-07-08,2609,old
U09971,WeChat,Tencent,Messaging and social media,Pakistan,245.36,high,True,2017-09-21,3264,old
U09972,Pinterest,Pinterest Inc.,Visual discovery and bookmarking,United Kingdom,149.51,medium,False,2021-06-27,1889,old
U09973,Reddit,Reddit Inc.,Discussion forums and communities,Palau,13.99,low,False,2023-09-09,1085,old
U09974,WeChat,Tencent,Messaging and social media,French Guiana,94.72,medium,False,2019-06-18,2629,old
U09975,LinkedIn,Microsoft,Professional networking,Georgia,186.61,high,False,2020-06-12,2269,old
U09976,Reddit,Reddit Inc.,Discussion forums and communities,Korea,45.36,low,True,2018-03-17,3087,old
U09977,Telegram,Telegram FZ LLC,Messaging,Suriname,197.56,high,False,2016-12-13,3546,old
U09978,WeChat,Tencent,Messaging and social media,Afghanistan,42.92,low,False,2024-09-19,709,established
U09979,Instagram,Meta,Photo and video sharing,Finland,11.65,low,True,2022-03-22,1621,old
U09980,Pinterest,Pinterest Inc.,Visual discovery and bookmarking,Colombia,200.35,high,False,2024-02-19,922,old
U09981,Threads,Meta,Text-based social networking,Saudi Arabia,51.98,low,False,2024-06-12,808,old
U09982,TikTok,ByteDance,Short-form videos,Iran,58.69,low,False,2015-05-04,4135,old
U09983,Pinterest,Pinterest Inc.,Visual discovery and bookmarking,British Indian Ocean Territory (Chagos Archipelago),284.14,high,True,2022-03-14,1629,old
U09984,Snapchat,Snap Inc.,Multimedia messaging,Saudi Arabia,284.79,high,False,2017-04-11,3427,old
U09985,Quora,Quora Inc.,Q&A knowledge sharing,Christmas Island,99.03,medium,False,2024-05-11,840,old
U09986,Instagram,Meta,Photo and video sharing,Sudan,205.95,high,True,2019-08-16,2570,old
U09987,TikTok,ByteDance,Short-form videos,Antigua and Barbuda,276.89,high,False,2026-08-20,9,very_new
U09988,YouTube,Google,Video sharing,Portugal,81.48,medium,False,2020-01-14,2419,old
U09989,X (formerly Twitter),X Corp.,Microblogging,United States Minor Outlying Islands,139.17,medium,True,2020-02-22,2380,old
U09990,Instagram,Meta,Photo and video sharing,Dominica,47.46,low,False,2020-04-06,2336,old
U09991,WeChat,Tencent,Messaging and social media,Chile,90.45,medium,True,2021-09-25,1799,old
U09992,Reddit,Reddit Inc.,Discussion forums and communities,Oman,65.41,medium,True,2016-01-08,3886,old
U09993,Quora,Quora Inc.,Q&A knowledge sharing,Norway,121.13,medium,False,2020-09-07,2182,old
U09994,WeChat,Tencent,Messaging and social media,Portugal,285.91,high,True,2017-02-22,3475,old
U09995,LinkedIn,Microsoft,Professional networking,Bermuda,104.86,medium,False,2018-06-18,2994,old
U09996,Pinterest,Pinterest Inc.,Visual discovery and bookmarking,Morocco,249.12,high,False,2024-04-23,858,old
U09997,Reddit,Reddit Inc.,Discussion forums and communities,Cape Verde,111.38,medium,True,2017-03-06,3463,old
U09998,Quora,Quora Inc.,Q&A knowledge sharing,Poland,87.88,medium,False,2018-05-17,3026,old
U09999,Quora,Quora Inc.,Q&A knowledge sharing,Lao People's Democratic Republic,205.69,high,True,2019-10-07,2518,old
U10000,Reddit,Reddit Inc.,Discussion forums and communities,Faroe Islands,272.93,high,True,2015-08-03,4044,old
